customerID,gender,SeniorCitizen,Partner,Dependents,tenure,PhoneService,MultipleLines,InternetService,OnlineSecurity,OnlineBackup,DeviceProtection,TechSupport,StreamingTV,StreamingMovies,Contract,PaperlessBilling,PaymentMethod,MonthlyCharges,TotalCharges
3500-QLIE,Female,1,No,No,39,Yes,Yes,No,No internet service,No internet service,No internet service,No internet service,No internet service,No internet service,Two year,Yes,Bank transfer (automatic),36.14,1318.6
7306-NCGC,Male,0,No,No,8,Yes,Yes,DSL,Yes,No,No,No,Yes,No,Month-to-month,Yes,Credit card (automatic),70.17,550.28
7569-MGJS,Male,0,No,Yes,28,Yes,Yes,Fiber optic,No,No,No,Yes,No,Yes,Month-to-month,Yes,Electronic check,91.78,2365.69
9478-OEEG,Female,0,Yes,No,24,No,No phone service,DSL,Yes,Yes,No,No,Yes,Yes,Month-to-month,Yes,Bank transfer (automatic),67.98,1569.91
5992-QKCY,Male,0,No,No,61,Yes,No,Fiber optic,No,Yes,No,No,No,Yes,Month-to-month,Yes,Bank transfer (automatic),88.85,5315.45
1915-NNKD,Male,0,No,No,39,Yes,No,Fiber optic,No,No,No,No,No,Yes,Month-to-month,No,Credit card (automatic),80.09,3101.0
1274-ZOZO,Female,0,Yes,Yes,46,Yes,No,DSL,No,Yes,No,No,Yes,No,Month-to-month,Yes,Electronic check,65.19,2608.41
5156-MZOA,Male,1,Yes,No,6,Yes,Yes,Fiber optic,Yes,No,No,No,No,Yes,Month-to-month,No,Electronic check,96.53,580.8
6291-QKXL,Male,0,No,No,16,Yes,Yes,Fiber optic,No,No,Yes,Yes,No,No,Month-to-month,Yes,Electronic check,93.15,1432.87
9941-LAYW,Female,1,No,No,9,No,No phone service,Fiber optic,No,Yes,Yes,No,Yes,Yes,Month-to-month,Yes,Bank transfer (automatic),90.33,792.59
8880-DFAW,Male,0,Yes,No,39,No,No phone service,Fiber optic,No,Yes,No,No,Yes,No,Month-to-month,Yes,Bank transfer (automatic),82.44,3206.92
4875-BIXG,Female,0,No,No,63,Yes,Yes,Fiber optic,No,Yes,Yes,No,No,No,One year,No,Mailed check,93.38,5614.95
1877-MUNO,Male,0,Yes,Yes,10,Yes,No,DSL,Yes,No,Yes,No,Yes,Yes,One year,Yes,Credit card (automatic),90.34,896.36
6834-VVDD,Female,1,No,No,67,Yes,No,Fiber optic,Yes,No,Yes,No,No,Yes,One year,Yes,Credit card (automatic),92.93,6049.79
9944-NLCH,Male,0,No,Yes,12,Yes,Yes,DSL,No,Yes,No,Yes,Yes,No,Month-to-month,No,Bank transfer (automatic),79.83,914.43
7136-JBQI,Male,0,Yes,No,43,Yes,Yes,Fiber optic,No,Yes,No,Yes,Yes,No,Month-to-month,Yes,Bank transfer (automatic),105.88,4535.83
1055-VJOM,Female,0,No,No,0,Yes,No,Fiber optic,No,Yes,No,Yes,No,No,One year,Yes,Electronic check,87.3,
7794-UWFA,Female,0,Yes,Yes,16,Yes,Yes,DSL,No,Yes,Yes,No,Yes,Yes,Month-to-month,No,Mailed check,87.42,1303.56
7038-PWKL,Male,0,No,No,31,Yes,No,Fiber optic,Yes,Yes,No,No,No,Yes,Month-to-month,Yes,Electronic check,89.62,2673.27
6245-WCUQ,Male,0,Yes,No,14,Yes,Yes,DSL,No,Yes,No,Yes,Yes,No,Month-to-month,Yes,Mailed check,77.1,1082.51
9207-CLSV,Female,0,Yes,No,18,Yes,Yes,DSL,No,No,No,No,No,Yes,Month-to-month,No,Mailed check,63.07,1119.07
2698-PEOE,Female,0,Yes,No,36,Yes,No,DSL,No,No,Yes,No,Yes,No,Month-to-month,Yes,Credit card (automatic),65.5,2417.44
9591-NCSK,Male,0,No,No,66,Yes,No,DSL,No,No,No,No,Yes,No,Month-to-month,Yes,Credit card (automatic),66.52,4362.59
7971-PVDF,Male,0,Yes,Yes,10,Yes,Yes,DSL,No,Yes,No,Yes,No,Yes,Month-to-month,Yes,Mailed check,81.25,814.19
8310-YFTR,Female,0,Yes,No,27,Yes,No,DSL,No,No,No,Yes,No,No,Two year,Yes,Mailed check,57.15,1459.49
9316-LCPH,Female,0,No,No,30,Yes,No,Fiber optic,No,No,No,No,No,Yes,Month-to-month,No,Electronic check,89.36,2644.08
1224-UEZV,Male,0,Yes,No,21,Yes,No,No,No internet service,No internet service,No internet service,No internet service,No internet service,No internet service,Two year,No,Mailed check,27.45,548.3
7987-YMPK,Male,0,No,No,14,Yes,Yes,DSL,Yes,Yes,No,No,No,Yes,One year,No,Mailed check,71.0,975.75
6971-TYUA,Female,0,No,No,12,Yes,No,Fiber optic,Yes,Yes,Yes,No,Yes,Yes,Month-to-month,No,Electronic check,106.54,1240.26
4341-CEVI,Female,0,No,No,29,No,No phone service,Fiber optic,No,No,No,No,No,Yes,Month-to-month,Yes,Electronic check,74.67,2143.26
3166-CPNB,Female,0,No,No,10,Yes,Yes,Fiber optic,Yes,Yes,Yes,No,No,No,One year,No,Credit card (automatic),93.17,896.56
5466-BNBR,Male,0,No,No,31,Yes,No,Fiber optic,No,No,No,No,No,Yes,Month-to-month,No,Credit card (automatic),90.56,2668.38
8234-FUUQ,Male,0,No,No,9,Yes,No,Fiber optic,No,Yes,No,No,No,No,Two year,Yes,Credit card (automatic),79.56,688.83
8650-YVBV,Male,0,Yes,No,41,Yes,No,No,No internet service,No internet service,No internet service,No internet service,No internet service,No internet service,Month-to-month,No,Mailed check,29.82,1190.79
6651-QEQY,Male,1,No,No,7,Yes,Yes,Fiber optic,No,Yes,No,No,Yes,Yes,Month-to-month,Yes,Credit card (automatic),93.88,655.62
4856-OXFH,Female,1,No,Yes,35,Yes,No,Fiber optic,Yes,No,No,Yes,No,Yes,Month-to-month,Yes,Bank transfer (automatic),100.42,3426.14
3176-SKDR,Male,0,No,No,6,Yes,No,Fiber optic,No,No,No,No,Yes,Yes,Month-to-month,No,Electronic check,94.37,505.36
3766-KCLV,Male,0,No,Yes,10,Yes,Yes,No,No internet service,No internet service,No internet service,No internet service,No internet service,No internet service,Two year,Yes,Bank transfer (automatic),40.18,376.11
3391-GZYK,Female,0,No,Yes,63,Yes,No,No,No internet service,No internet service,No internet service,No internet service,No internet service,No internet service,One year,Yes,Electronic check,35.29,1980.61
9731-DQJP,Male,0,Yes,No,5,Yes,Yes,DSL,Yes,No,No,No,Yes,No,Month-to-month,Yes,Bank transfer (automatic),67.68,323.3
6493-HYDU,Male,0,No,No,67,Yes,Yes,No,No internet service,No internet service,No internet service,No internet service,No internet service,No internet service,Two year,Yes,Electronic check,38.63,2425.74
4541-GTWF,Male,0,Yes,No,11,Yes,Yes,No,No internet service,No internet service,No internet service,No internet service,No internet service,No internet service,Month-to-month,No,Electronic check,41.13,458.3
3565-QLRI,Female,0,Yes,No,49,Yes,Yes,DSL,No,Yes,No,No,Yes,No,Month-to-month,No,Credit card (automatic),73.54,3447.25
7202-ONRN,Female,0,No,No,29,No,No phone service,No,No internet service,No internet service,No internet service,No internet service,No internet service,No internet service,Month-to-month,Yes,Credit card (automatic),18.0,486.71
5939-LPLO,Female,1,No,No,24,Yes,Yes,DSL,No,Yes,No,Yes,No,Yes,Month-to-month,Yes,Electronic check,80.0,1817.01
2225-BQJG,Female,1,No,No,17,Yes,Yes,DSL,Yes,Yes,No,Yes,No,Yes,Month-to-month,No,Electronic check,80.94,1331.68
6049-FAYW,Male,0,No,No,8,Yes,Yes,Fiber optic,No,No,Yes,No,Yes,Yes,Month-to-month,Yes,Credit card (automatic),102.52,743.12
6297-ZVFT,Male,0,Yes,No,44,Yes,No,DSL,No,No,No,No,Yes,No,Month-to-month,No,Bank transfer (automatic),52.91,2326.53
4633-LPTD,Male,1,Yes,Yes,10,Yes,No,DSL,No,No,No,No,Yes,No,Month-to-month,No,Mailed check,57.14,532.02
7700-PYAX,Female,0,Yes,No,20,Yes,No,DSL,Yes,No,Yes,Yes,Yes,Yes,Month-to-month,Yes,Credit card (automatic),81.33,1585.03
7505-RZOK,Male,0,No,No,27,Yes,Yes,No,No internet service,No internet service,No internet service,No internet service,No internet service,No internet service,Month-to-month,Yes,Credit card (automatic),35.11,924.01
2685-TGOM,Female,1,Yes,No,56,Yes,No,DSL,No,No,No,No,No,Yes,Two year,No,Mailed check,51.69,3031.89
7407-QJXO,Female,0,Yes,No,20,No,No phone service,Fiber optic,Yes,Yes,Yes,No,No,Yes,One year,Yes,Bank transfer (automatic),86.42,1645.28
8789-HVYI,Female,0,Yes,No,32,Yes,Yes,Fiber optic,Yes,No,Yes,No,Yes,Yes,Month-to-month,Yes,Bank transfer (automatic),101.52,3171.12
9307-XNSU,Male,0,No,No,41,Yes,No,No,No internet service,No internet service,No internet service,No internet service,No internet service,No internet service,Month-to-month,Yes,Bank transfer (automatic),26.59,1017.33
1129-XPNI,Male,0,Yes,No,43,Yes,Yes,No,No internet service,No internet service,No internet service,No internet service,No internet service,No internet service,One year,No,Bank transfer (automatic),23.76,960.57
8739-HABT,Female,0,Yes,No,33,Yes,Yes,Fiber optic,Yes,Yes,Yes,Yes,Yes,No,Month-to-month,Yes,Bank transfer (automatic),108.35,3590.07
8949-YKRP,Female,0,Yes,Yes,8,Yes,No,Fiber optic,No,No,No,Yes,Yes,Yes,One year,No,Electronic check,92.22,710.59
5165-DNBK,Male,0,No,Yes,24,Yes,No,Fiber optic,No,No,No,Yes,Yes,Yes,Month-to-month,Yes,Mailed check,93.26,1972.11
2460-EZKX,Male,0,No,No,57,Yes,No,Fiber optic,No,No,No,No,No,Yes,Two year,Yes,Electronic check,85.08,5097.77
4525-CWSS,Female,1,Yes,No,36,No,No phone service,Fiber optic,No,No,No,Yes,Yes,No,Month-to-month,No,Mailed check,78.6,2665.16
6098-CPYX,Female,0,Yes,Yes,35,Yes,Yes,Fiber optic,No,No,No,No,Yes,Yes,Month-to-month,No,Electronic check,99.59,3262.52
5105-UHWF,Female,0,No,No,7,Yes,Yes,Fiber optic,Yes,No,No,No,No,Yes,One year,Yes,Bank transfer (automatic),89.21,611.0
6646-FIMM,Male,0,Yes,No,13,Yes,No,Fiber optic,No,Yes,No,No,No,Yes,Two year,No,Electronic check,88.32,1072.75
1765-IFQU,Female,1,Yes,Yes,3,No,No phone service,DSL,Yes,Yes,Yes,Yes,No,Yes,Month-to-month,Yes,Electronic check,71.38,204.94
6738-EACS,Male,0,No,No,4,No,No phone service,DSL,No,No,Yes,No,Yes,Yes,Month-to-month,No,Bank transfer (automatic),68.29,262.71
7307-IMYK,Male,0,No,No,23,Yes,No,DSL,Yes,No,No,Yes,Yes,No,Month-to-month,No,Electronic check,71.53,1543.2
8070-ZHHZ,Male,0,No,No,16,Yes,No,DSL,Yes,No,No,Yes,Yes,No,Two year,Yes,Electronic check,72.77,1070.43
8954-FGOP,Male,0,No,No,21,Yes,Yes,Fiber optic,No,No,Yes,No,No,No,Month-to-month,Yes,Electronic check,83.12,1711.26
8286-ACNG,Female,0,Yes,No,22,Yes,No,Fiber optic,Yes,No,Yes,Yes,No,Yes,Month-to-month,No,Mailed check,100.45,2086.53
4788-GVED,Female,0,Yes,No,32,Yes,No,Fiber optic,Yes,No,Yes,No,Yes,Yes,Two year,Yes,Bank transfer (automatic),99.94,3253.58
4594-CKQG,Female,0,No,No,25,Yes,No,Fiber optic,No,Yes,No,No,Yes,Yes,Month-to-month,Yes,Electronic check,97.48,2442.71
9138-DTFK,Male,0,No,No,35,Yes,No,Fiber optic,No,Yes,Yes,No,Yes,No,Month-to-month,Yes,Credit card (automatic),86.97,2850.11
6046-DBUP,Male,0,Yes,No,22,Yes,Yes,DSL,Yes,No,Yes,No,No,No,Month-to-month,Yes,Electronic check,62.94,1186.78
7283-KFZK,Male,0,Yes,No,34,Yes,Yes,Fiber optic,No,Yes,No,No,Yes,Yes,Month-to-month,Yes,Electronic check,98.15,3320.59
6309-UXLE,Male,0,Yes,No,42,Yes,Yes,DSL,No,No,Yes,No,Yes,Yes,One year,Yes,Electronic check,78.4,3019.53
1641-KNMA,Female,0,Yes,No,46,Yes,No,Fiber optic,No,Yes,No,No,Yes,No,Month-to-month,No,Electronic check,87.18,3860.19
1424-VWGO,Male,0,No,No,37,Yes,No,Fiber optic,Yes,Yes,No,No,No,Yes,Month-to-month,Yes,Electronic check,93.2,3264.95
6279-SVKM,Male,0,Yes,No,33,Yes,No,No,No internet service,No internet service,No internet service,No internet service,No internet service,No internet service,One year,Yes,Credit card (automatic),30.56,914.91
3757-BYPA,Male,0,Yes,Yes,30,Yes,Yes,Fiber optic,No,Yes,Yes,No,Yes,No,Month-to-month,Yes,Electronic check,93.9,2937.1
7780-IHFA,Female,0,No,No,33,Yes,Yes,Fiber optic,Yes,Yes,No,No,Yes,No,One year,Yes,Electronic check,102.61,3407.54
9948-SSYG,Female,0,Yes,No,13,Yes,No,Fiber optic,No,Yes,No,No,No,No,Two year,No,Electronic check,74.37,863.57
8378-YRME,Male,0,Yes,Yes,3,Yes,Yes,Fiber optic,No,Yes,Yes,No,No,No,Month-to-month,No,Credit card (automatic),89.01,261.87
7505-TVVD,Female,0,Yes,No,36,Yes,No,No,No internet service,No internet service,No internet service,No internet service,No internet service,No internet service,Month-to-month,No,Electronic check,26.95,926.48
5167-TBRQ,Male,0,Yes,No,15,Yes,Yes,Fiber optic,No,Yes,Yes,Yes,Yes,Yes,One year,Yes,Credit card (automatic),101.76,1509.24
9482-DONW,Male,0,No,Yes,47,Yes,No,Fiber optic,Yes,No,No,Yes,Yes,Yes,Month-to-month,Yes,Electronic check,105.79,5144.04
8981-KIAE,Male,0,Yes,Yes,44,Yes,Yes,Fiber optic,No,No,No,No,Yes,No,Month-to-month,Yes,Mailed check,85.7,3755.64
2540-OWCZ,Male,0,No,No,15,Yes,Yes,Fiber optic,Yes,Yes,Yes,No,No,Yes,Month-to-month,No,Credit card (automatic),97.23,1375.17
5589-ZCIC,Male,0,No,No,66,Yes,Yes,Fiber optic,Yes,No,No,No,No,Yes,Two year,No,Electronic check,89.32,5888.11
4129-ZALH,Male,1,No,No,14,Yes,No,Fiber optic,Yes,Yes,Yes,Yes,Yes,No,Month-to-month,No,Electronic check,100.08,1185.97
8164-GGBD,Male,0,Yes,Yes,36,Yes,No,Fiber optic,No,No,No,No,No,Yes,One year,No,Credit card (automatic),83.38,2987.15
3074-OPIB,Male,0,Yes,No,34,Yes,Yes,DSL,No,No,No,Yes,Yes,Yes,Two year,Yes,Electronic check,74.77,2352.24
2588-GBQQ,Male,0,Yes,No,17,Yes,No,No,No internet service,No internet service,No internet service,No internet service,No internet service,No internet service,Two year,Yes,Credit card (automatic),28.0,445.92
1967-PPBI,Male,0,Yes,No,7,Yes,Yes,DSL,Yes,Yes,No,No,Yes,Yes,Two year,Yes,Bank transfer (automatic),76.8,493.01
8711-OGTG,Female,0,Yes,No,34,Yes,Yes,Fiber optic,No,No,Yes,No,No,Yes,Month-to-month,Yes,Electronic check,89.08,3056.35
1513-EXDJ,Female,1,No,No,28,Yes,Yes,Fiber optic,No,No,No,No,No,No,Month-to-month,Yes,Electronic check,83.25,2185.29
1407-OZQS,Female,0,Yes,No,23,Yes,No,No,No internet service,No internet service,No internet service,No internet service,No internet service,No internet service,Month-to-month,Yes,Electronic check,38.89,839.93
1578-ZGEO,Male,0,Yes,No,13,Yes,Yes,Fiber optic,No,No,No,No,No,Yes,Month-to-month,No,Bank transfer (automatic),90.85,1175.05
9546-ICPT,Female,0,No,No,11,Yes,No,Fiber optic,No,No,No,No,No,Yes,One year,Yes,Electronic check,78.12,783.24
4969-SYRG,Male,0,Yes,Yes,43,No,No phone service,DSL,No,No,No,No,No,No,Month-to-month,Yes,Bank transfer (automatic),46.83,2048.29
7487-QGFM,Male,0,Yes,No,4,Yes,No,Fiber optic,Yes,No,Yes,Yes,Yes,No,One year,Yes,Credit card (automatic),98.87,366.6
5103-MBHA,Male,0,Yes,No,35,Yes,No,Fiber optic,No,Yes,No,Yes,Yes,Yes,Month-to-month,No,Electronic check,107.53,3421.74
2565-HNZO,Male,0,No,No,31,Yes,Yes,Fiber optic,No,Yes,No,Yes,Yes,Yes,Month-to-month,Yes,Electronic check,102.32,3090.34
2380-ZLML,Female,0,Yes,No,15,Yes,Yes,DSL,Yes,No,No,No,Yes,Yes,Month-to-month,Yes,Credit card (automatic),78.41,1108.2
7320-KPUB,Female,0,No,Yes,44,Yes,No,DSL,Yes,Yes,Yes,Yes,No,Yes,Month-to-month,Yes,Electronic check,84.26,3512.36
5369-VBHS,Male,0,No,No,22,Yes,No,DSL,Yes,No,Yes,Yes,No,No,Month-to-month,No,Electronic check,72.69,1560.2
3110-SWBG,Female,1,No,No,48,Yes,Yes,Fiber optic,Yes,No,No,Yes,Yes,No,Month-to-month,Yes,Electronic check,95.74,4488.72
4596-EFCV,Male,0,No,No,27,Yes,No,Fiber optic,No,No,No,No,Yes,Yes,Month-to-month,Yes,Electronic check,88.31,2230.77
6489-HOSF,Male,0,No,No,32,Yes,Yes,Fiber optic,Yes,Yes,No,No,Yes,Yes,Month-to-month,Yes,Credit card (automatic),107.48,3552.01
3012-AVHJ,Female,0,No,No,13,Yes,Yes,Fiber optic,No,Yes,No,No,No,No,Month-to-month,Yes,Electronic check,81.78,914.85
1727-JXHP,Female,0,Yes,No,43,No,No phone service,Fiber optic,Yes,No,No,Yes,Yes,Yes,Two year,Yes,Bank transfer (automatic),86.55,3523.92
9293-ALVH,Male,0,No,No,16,Yes,No,DSL,Yes,No,Yes,No,No,Yes,Month-to-month,Yes,Electronic check,68.89,1020.4
6737-AIWU,Female,0,Yes,Yes,57,Yes,Yes,DSL,No,Yes,Yes,No,Yes,No,Month-to-month,Yes,Electronic check,79.6,4432.13
1311-LIGS,Male,0,Yes,No,16,Yes,No,DSL,No,Yes,No,Yes,Yes,Yes,Two year,No,Bank transfer (automatic),79.89,1292.02
7776-LALE,Female,0,No,No,15,Yes,No,Fiber optic,Yes,No,No,No,No,Yes,Month-to-month,No,Electronic check,84.76,1118.98
4446-BFVE,Male,0,Yes,No,42,Yes,No,DSL,Yes,Yes,No,No,No,No,Month-to-month,No,Electronic check,69.41,2908.09
7330-OBIQ,Male,0,No,No,63,Yes,No,Fiber optic,No,Yes,Yes,No,No,No,Month-to-month,Yes,Electronic check,86.99,5107.36
4022-VVAG,Female,0,No,No,41,Yes,No,Fiber optic,Yes,No,Yes,No,Yes,Yes,Month-to-month,No,Credit card (automatic),101.06,4142.83
1492-KLRK,Female,0,Yes,No,33,Yes,No,DSL,No,No,Yes,No,No,Yes,Month-to-month,Yes,Electronic check,73.11,2200.56
2910-EWKU,Male,0,Yes,No,58,Yes,Yes,DSL,No,Yes,Yes,No,No,Yes,Month-to-month,Yes,Credit card (automatic),66.11,3853.64
2980-RHHR,Female,0,Yes,No,45,Yes,Yes,Fiber optic,Yes,Yes,No,No,Yes,Yes,One year,Yes,Credit card (automatic),114.62,5049.92
3509-ROZM,Male,0,No,No,43,Yes,Yes,DSL,No,No,No,No,Yes,No,One year,No,Bank transfer (automatic),67.84,3005.36
6450-QXYR,Male,0,No,No,2,Yes,No,DSL,No,No,Yes,No,Yes,No,Month-to-month,Yes,Electronic check,67.66,131.55
4827-NJKU,Female,0,No,Yes,6,Yes,No,Fiber optic,Yes,Yes,Yes,No,Yes,Yes,Month-to-month,Yes,Electronic check,107.79,547.43
5014-ZSEO,Female,0,Yes,No,34,Yes,No,Fiber optic,Yes,No,No,No,Yes,No,One year,No,Credit card (automatic),86.61,2788.95
4062-PDDK,Male,1,Yes,Yes,8,Yes,Yes,Fiber optic,Yes,No,No,No,No,Yes,Month-to-month,No,Electronic check,94.75,761.93
8878-AGPV,Female,0,No,No,28,Yes,No,No,No internet service,No internet service,No internet service,No internet service,No internet service,No internet service,Month-to-month,Yes,Electronic check,30.28,798.7
3736-IMII,Female,0,Yes,No,45,Yes,No,No,No internet service,No internet service,No internet service,No internet service,No internet service,No internet service,One year,Yes,Credit card (automatic),26.44,1174.43
3729-ORMI,Female,0,No,No,51,Yes,Yes,Fiber optic,No,No,Yes,No,Yes,Yes,One year,No,Electronic check,96.09,4765.05
9918-ILIQ,Male,1,Yes,No,37,Yes,No,Fiber optic,No,No,Yes,No,No,Yes,One year,Yes,Bank transfer (automatic),83.56,2892.51
9182-JXHI,Male,0,No,No,3,Yes,No,DSL,Yes,No,No,No,No,No,Month-to-month,Yes,Mailed check,57.61,162.73
2263-XKEB,Male,0,No,No,37,Yes,No,Fiber optic,No,Yes,No,Yes,Yes,No,Month-to-month,No,Electronic check,96.98,3345.33
9316-ZEEB,Female,0,No,No,42,Yes,No,Fiber optic,No,Yes,No,No,Yes,Yes,One year,Yes,Bank transfer (automatic),97.74,4131.54
9898-NTWW,Male,0,Yes,No,43,Yes,Yes,DSL,No,No,Yes,No,Yes,Yes,Month-to-month,Yes,Mailed check,81.84,3495.97
8340-PHVN,Female,1,Yes,No,27,Yes,No,Fiber optic,No,Yes,Yes,Yes,No,No,Month-to-month,Yes,Mailed check,89.76,2291.15
3826-TIMA,Female,0,No,No,20,No,No phone service,Fiber optic,No,No,No,No,Yes,Yes,Month-to-month,Yes,Electronic check,83.79,1682.48
1724-CMHH,Female,0,Yes,No,49,Yes,No,Fiber optic,No,No,Yes,No,Yes,Yes,Month-to-month,Yes,Electronic check,106.22,5044.95
1590-RMGS,Female,0,Yes,No,1,Yes,Yes,Fiber optic,No,No,No,No,Yes,No,Month-to-month,Yes,Bank transfer (automatic),93.86,85.16
9337-LDBF,Male,0,Yes,No,10,Yes,Yes,DSL,No,Yes,No,Yes,Yes,Yes,Month-to-month,Yes,Electronic check,91.45,908.87
2273-JTGQ,Female,0,No,No,31,Yes,No,No,No internet service,No internet service,No internet service,No internet service,No internet service,No internet service,Two year,Yes,Credit card (automatic),31.22,908.67
5551-QSIF,Female,0,Yes,No,18,Yes,No,Fiber optic,Yes,Yes,No,No,Yes,No,Month-to-month,No,Credit card (automatic),95.63,1501.01
9705-AIRJ,Female,0,Yes,Yes,6,Yes,No,Fiber optic,No,Yes,No,Yes,Yes,Yes,One year,Yes,Credit card (automatic),100.6,585.91
3834-FXUZ,Female,0,Yes,No,3,Yes,Yes,DSL,Yes,No,Yes,Yes,No,No,Month-to-month,Yes,Credit card (automatic),83.55,247.03
5258-DLMF,Female,0,No,No,32,Yes,No,No,No internet service,No internet service,No internet service,No internet service,No internet service,No internet service,One year,Yes,Mailed check,29.4,884.99
3801-ZXFH,Female,0,No,No,17,Yes,Yes,Fiber optic,No,No,Yes,No,Yes,No,Month-to-month,Yes,Electronic check,91.3,1436.44
2449-KJUX,Male,0,No,No,25,Yes,No,DSL,Yes,No,Yes,No,Yes,No,Two year,Yes,Credit card (automatic),76.24,1784.79
2949-QDZO,Male,0,No,Yes,30,Yes,No,DSL,Yes,Yes,No,No,Yes,No,Month-to-month,Yes,Bank transfer (automatic),67.84,2032.08
3347-RQVU,Male,1,Yes,No,10,Yes,Yes,Fiber optic,No,No,No,Yes,Yes,No,One year,Yes,Electronic check,94.39,922.65
7322-GZXO,Female,0,No,No,45,Yes,No,Fiber optic,No,Yes,No,Yes,No,Yes,Two year,Yes,Electronic check,91.33,3945.05
9487-ATYE,Female,0,Yes,Yes,51,Yes,Yes,DSL,Yes,No,No,No,Yes,Yes,Month-to-month,Yes,Bank transfer (automatic),88.61,4471.94
8701-TIYB,Female,0,Yes,No,35,Yes,No,Fiber optic,No,Yes,Yes,No,Yes,Yes,Two year,Yes,Mailed check,100.81,3169.81
9639-SFYE,Male,1,Yes,No,23,Yes,No,Fiber optic,No,Yes,No,Yes,No,Yes,Month-to-month,Yes,Mailed check,97.66,2125.1
7773-HTNM,Female,0,Yes,No,17,Yes,No,No,No internet service,No internet service,No internet service,No internet service,No internet service,No internet service,Month-to-month,No,Credit card (automatic),28.8,446.44
2870-QTWP,Male,0,No,No,53,Yes,Yes,DSL,No,No,No,No,Yes,Yes,Month-to-month,No,Electronic check,72.2,3691.79
5951-GYVR,Female,0,No,No,1,Yes,No,Fiber optic,Yes,No,Yes,Yes,Yes,No,One year,No,Electronic check,98.74,95.59
2231-WADZ,Female,0,Yes,No,12,Yes,Yes,DSL,No,No,No,Yes,No,Yes,Month-to-month,Yes,Mailed check,79.15,870.6
7862-SYNA,Male,0,Yes,No,13,Yes,No,Fiber optic,Yes,No,Yes,No,No,Yes,One year,Yes,Credit card (automatic),97.0,1116.4
3786-BVSD,Female,0,Yes,No,22,Yes,Yes,Fiber optic,No,No,No,Yes,No,Yes,Month-to-month,Yes,Electronic check,92.5,1884.9
5301-XMWZ,Female,0,Yes,No,38,No,No phone service,No,No internet service,No internet service,No internet service,No internet service,No internet service,No internet service,Month-to-month,Yes,Bank transfer (automatic),28.12,972.71
5857-ESUZ,Male,0,No,No,22,Yes,Yes,DSL,No,Yes,No,No,Yes,Yes,Month-to-month,Yes,Electronic check,83.36,1690.91
2447-YPHH,Male,0,No,No,11,No,No phone service,No,No internet service,No internet service,No internet service,No internet service,No internet service,No internet service,Month-to-month,Yes,Mailed check,18.98,199.02
4672-KGKI,Male,0,Yes,Yes,13,Yes,No,Fiber optic,Yes,Yes,Yes,No,No,No,Month-to-month,Yes,Electronic check,85.73,1082.32
7530-ZWZA,Male,0,No,No,20,Yes,Yes,DSL,No,No,Yes,No,No,Yes,Month-to-month,Yes,Bank transfer (automatic),71.08,1387.56
4627-WOYT,Male,0,No,No,32,Yes,No,No,No internet service,No internet service,No internet service,No internet service,No internet service,No internet service,Month-to-month,Yes,Bank transfer (automatic),33.78,989.3
1357-GQJQ,Female,0,Yes,No,52,Yes,Yes,DSL,Yes,No,No,No,Yes,Yes,Month-to-month,Yes,Electronic check,80.38,4126.44
9988-IEWL,Male,0,No,Yes,40,Yes,Yes,Fiber optic,No,No,No,Yes,Yes,Yes,Month-to-month,Yes,Bank transfer (automatic),104.81,3668.94
7562-WTKC,Female,1,No,No,2,Yes,Yes,DSL,Yes,No,No,Yes,Yes,Yes,One year,Yes,Mailed check,77.01,148.16
1980-FZXR,Male,0,Yes,No,31,Yes,No,Fiber optic,No,No,No,No,No,No,One year,No,Mailed check,78.92,2139.2
8698-LNVF,Male,0,No,No,2,Yes,No,Fiber optic,No,No,No,Yes,Yes,No,Month-to-month,Yes,Electronic check,94.88,170.12
1561-OBJD,Female,1,No,No,11,Yes,Yes,Fiber optic,No,Yes,No,No,No,Yes,Month-to-month,No,Electronic check,98.38,1056.18
4830-RFZY,Male,0,Yes,Yes,6,Yes,Yes,DSL,No,No,No,No,Yes,Yes,Month-to-month,Yes,Electronic check,74.29,411.86
3946-MJXW,Male,0,Yes,No,9,Yes,No,Fiber optic,No,No,No,No,Yes,No,One year,No,Bank transfer (automatic),85.56,745.0
1522-ALQB,Male,1,Yes,No,20,Yes,No,DSL,Yes,No,Yes,No,No,Yes,One year,No,Mailed check,83.13,1572.03
8006-OBVD,Male,0,Yes,No,30,Yes,No,No,No internet service,No internet service,No internet service,No internet service,No internet service,No internet service,Month-to-month,Yes,Electronic check,36.51,1014.68
9876-SIVE,Male,1,No,No,18,Yes,Yes,DSL,No,Yes,No,No,Yes,Yes,One year,No,Electronic check,84.59,1398.32
1889-ZLYA,Male,0,Yes,No,33,Yes,Yes,Fiber optic,No,Yes,No,No,No,Yes,One year,Yes,Credit card (automatic),94.89,2818.14
6859-CIUP,Female,0,No,Yes,54,No,No phone service,Fiber optic,No,Yes,No,No,Yes,Yes,Month-to-month,Yes,Electronic check,88.45,4553.97
2173-SJLX,Male,0,No,No,30,Yes,No,No,No internet service,No internet service,No internet service,No internet service,No internet service,No internet service,Month-to-month,No,Electronic check,31.44,827.98
1947-NREZ,Female,0,No,No,18,Yes,No,Fiber optic,No,No,Yes,No,Yes,Yes,One year,Yes,Electronic check,96.74,1670.22
4568-RZSX,Female,1,Yes,No,26,Yes,No,DSL,No,Yes,Yes,No,No,Yes,Two year,No,Electronic check,74.68,1883.22
2571-PRWY,Female,0,No,Yes,18,Yes,Yes,DSL,No,Yes,Yes,Yes,Yes,Yes,One year,Yes,Electronic check,82.46,1440.06
8404-THPW,Male,0,Yes,No,27,Yes,No,Fiber optic,Yes,No,No,No,No,Yes,Two year,Yes,Electronic check,82.7,2087.05
5035-UNSE,Male,0,No,No,41,Yes,No,Fiber optic,No,No,No,No,No,No,Two year,No,Electronic check,80.84,3181.99
5515-UFSC,Female,0,No,No,49,Yes,No,No,No internet service,No internet service,No internet service,No internet service,No internet service,No internet service,One year,No,Mailed check,25.11,1169.28
7779-TAUS,Male,0,No,Yes,25,Yes,Yes,Fiber optic,No,No,No,Yes,No,No,Month-to-month,No,Credit card (automatic),86.21,2085.36
1951-QVTT,Female,0,No,No,46,Yes,No,Fiber optic,No,No,Yes,Yes,Yes,No,Month-to-month,Yes,Credit card (automatic),86.98,3732.4
7191-RQYO,Female,0,No,No,24,Yes,Yes,Fiber optic,No,No,Yes,No,Yes,No,One year,No,Credit card (automatic),101.72,2305.17
8344-QNUW,Male,1,Yes,No,42,No,No phone service,Fiber optic,Yes,No,Yes,Yes,Yes,No,Month-to-month,No,Bank transfer (automatic),92.73,3782.77
3008-SGWV,Female,1,No,Yes,10,Yes,Yes,DSL,No,No,Yes,Yes,No,No,Month-to-month,No,Electronic check,69.89,645.98
8804-QWCT,Female,0,No,No,9,Yes,No,Fiber optic,No,Yes,No,No,Yes,Yes,Month-to-month,No,Bank transfer (automatic),96.03,834.67
9756-QDHQ,Male,0,Yes,No,47,Yes,Yes,Fiber optic,No,Yes,Yes,No,No,No,One year,Yes,Electronic check,95.61,4525.71
8550-ABWU,Male,1,No,Yes,58,Yes,No,Fiber optic,No,Yes,Yes,No,No,No,Month-to-month,Yes,Bank transfer (automatic),89.79,4772.47
6787-CKZQ,Female,0,Yes,No,14,Yes,Yes,DSL,No,Yes,No,Yes,Yes,Yes,Month-to-month,Yes,Mailed check,87.03,1038.82
2599-NDFE,Female,1,Yes,No,18,Yes,Yes,Fiber optic,No,No,No,No,No,Yes,Two year,No,Electronic check,91.04,1540.92
3045-LMKR,Female,0,No,No,49,Yes,No,Fiber optic,No,Yes,No,No,Yes,Yes,One year,Yes,Bank transfer (automatic),97.46,4660.98
2730-NNQY,Male,1,Yes,No,46,Yes,Yes,Fiber optic,Yes,Yes,Yes,No,No,No,Month-to-month,Yes,Bank transfer (automatic),97.62,4200.95
2797-HLBU,Female,0,Yes,No,12,Yes,No,Fiber optic,No,No,No,Yes,No,Yes,Month-to-month,No,Credit card (automatic),86.04,985.17
4109-DQYX,Female,0,Yes,No,27,Yes,Yes,DSL,No,No,No,No,No,Yes,Month-to-month,Yes,Mailed check,67.41,1763.34
5291-ZWCP,Male,1,No,No,49,Yes,Yes,Fiber optic,No,Yes,No,No,Yes,Yes,Two year,Yes,Credit card (automatic),98.63,4701.86
6068-ECND,Male,0,Yes,No,33,No,No phone service,Fiber optic,Yes,No,No,No,No,Yes,Two year,Yes,Mailed check,81.79,2697.22
7052-BWCM,Male,0,No,No,15,Yes,No,Fiber optic,Yes,No,No,Yes,Yes,No,Month-to-month,No,Electronic check,92.97,1315.4
7226-IMSD,Male,0,No,No,6,Yes,No,DSL,No,No,No,No,No,Yes,Month-to-month,No,Mailed check,59.15,337.64
3633-LZUQ,Female,0,Yes,No,43,Yes,Yes,Fiber optic,No,Yes,Yes,No,Yes,No,Two year,No,Credit card (automatic),99.87,4021.9
3520-MQQB,Female,0,No,Yes,25,Yes,No,Fiber optic,No,No,No,No,No,No,Month-to-month,Yes,Mailed check,71.93,1826.71
9374-YXOK,Female,0,No,No,38,Yes,Yes,DSL,Yes,Yes,Yes,No,No,Yes,One year,No,Mailed check,76.05,2790.92
2232-FKLU,Female,0,No,No,22,Yes,Yes,DSL,No,No,No,No,No,No,Month-to-month,No,Mailed check,62.82,1315.52
1656-MSJL,Male,0,No,Yes,30,Yes,Yes,Fiber optic,No,Yes,Yes,Yes,No,Yes,One year,Yes,Bank transfer (automatic),100.11,2987.59
2117-NHYH,Male,1,No,No,24,Yes,No,No,No internet service,No internet service,No internet service,No internet service,No internet service,No internet service,Month-to-month,Yes,Credit card (automatic),25.85,605.44
1779-RZZY,Female,0,Yes,No,17,Yes,Yes,Fiber optic,No,No,No,No,No,Yes,Month-to-month,Yes,Electronic check,85.6,1406.6
2662-XFCD,Male,0,No,No,34,Yes,No,Fiber optic,No,No,Yes,No,No,No,Two year,Yes,Mailed check,84.37,2758.81
1430-YNKV,Female,0,No,No,18,Yes,Yes,Fiber optic,Yes,No,No,No,Yes,No,Two year,Yes,Electronic check,89.01,1545.63
2374-GILS,Female,0,No,No,3,Yes,No,DSL,No,No,No,No,No,No,Month-to-month,No,Electronic check,58.06,177.22
4335-XPOA,Male,0,No,No,51,Yes,Yes,DSL,Yes,No,No,No,Yes,Yes,Two year,Yes,Mailed check,80.21,3880.59
9763-VGIP,Male,0,No,No,13,Yes,No,Fiber optic,No,Yes,No,No,No,No,One year,Yes,Bank transfer (automatic),83.22,1025.81
3725-RJJR,Female,0,Yes,No,1,Yes,No,DSL,No,No,Yes,No,Yes,Yes,Month-to-month,Yes,Mailed check,79.26,74.31
4094-VQLU,Male,0,No,Yes,52,Yes,No,Fiber optic,No,No,No,Yes,Yes,Yes,One year,No,Mailed check,86.78,4555.74
2338-LFJX,Female,0,No,No,28,No,No phone service,Fiber optic,No,Yes,No,Yes,No,No,Two year,Yes,Electronic check,77.68,2077.67
3464-COOK,Male,0,No,No,22,Yes,No,Fiber optic,No,No,No,No,No,Yes,One year,No,Credit card (automatic),85.31,1831.81
9492-XJNI,Female,0,No,Yes,57,Yes,Yes,Fiber optic,No,Yes,No,No,No,Yes,One year,No,Electronic check,96.24,4886.67
2626-TRZZ,Male,0,Yes,No,1,Yes,No,DSL,No,No,Yes,No,No,Yes,One year,Yes,Electronic check,66.63,63.93
8484-TACQ,Male,0,No,Yes,25,No,No phone service,Fiber optic,No,No,No,No,Yes,Yes,Month-to-month,Yes,Mailed check,78.45,1968.11
1062-XIZO,Female,0,Yes,No,51,Yes,No,Fiber optic,Yes,No,No,No,Yes,Yes,Month-to-month,No,Bank transfer (automatic),96.57,4597.99
9537-YNON,Female,0,No,Yes,17,Yes,Yes,Fiber optic,No,Yes,Yes,No,No,No,Month-to-month,No,Electronic check,90.38,1504.54
9348-GTDF,Male,0,Yes,Yes,5,Yes,Yes,DSL,No,No,No,No,Yes,No,Month-to-month,Yes,Bank transfer (automatic),71.44,337.14
1634-XDQU,Female,0,No,No,1,Yes,Yes,No,No internet service,No internet service,No internet service,No internet service,No internet service,No internet service,Month-to-month,Yes,Electronic check,38.93,36.73
6657-BEUO,Female,0,No,No,10,Yes,Yes,DSL,No,No,Yes,No,Yes,No,One year,Yes,Electronic check,73.38,680.46
6020-CRHP,Female,0,No,No,36,Yes,Yes,No,No internet service,No internet service,No internet service,No internet service,No internet service,No internet service,One year,No,Electronic check,38.76,1485.64
6661-YSEJ,Male,1,Yes,No,40,Yes,No,DSL,No,No,No,No,Yes,Yes,Two year,Yes,Mailed check,65.05,2549.57
6384-GGGQ,Male,0,Yes,Yes,23,No,No phone service,Fiber optic,No,No,Yes,No,Yes,No,Two year,Yes,Credit card (automatic),82.47,2059.21
1917-YSGU,Male,0,No,No,4,Yes,Yes,DSL,No,Yes,No,No,Yes,Yes,Month-to-month,No,Bank transfer (automatic),83.53,307.85
7633-VPYY,Male,1,No,No,4,Yes,No,DSL,No,Yes,No,Yes,No,Yes,Month-to-month,Yes,Mailed check,67.74,259.42
1626-TRDY,Female,0,No,No,11,Yes,No,Fiber optic,No,No,Yes,No,Yes,No,Two year,Yes,Electronic check,85.17,900.05
9640-DFYE,Male,0,Yes,No,24,Yes,Yes,Fiber optic,No,No,Yes,No,Yes,Yes,Month-to-month,No,Electronic check,99.24,2412.25
3621-HTXM,Female,0,No,No,22,Yes,Yes,Fiber optic,No,No,No,No,Yes,Yes,Month-to-month,No,Credit card (automatic),90.07,2043.32
3227-TISC,Male,0,No,Yes,31,Yes,Yes,Fiber optic,Yes,No,No,No,Yes,No,One year,Yes,Credit card (automatic),93.59,2842.79
3560-TXXW,Female,0,Yes,No,44,Yes,Yes,Fiber optic,Yes,No,Yes,No,No,No,Month-to-month,Yes,Mailed check,88.93,3909.72
4110-ZEQN,Male,1,No,No,16,Yes,Yes,No,No internet service,No internet service,No internet service,No internet service,No internet service,No internet service,Month-to-month,Yes,Electronic check,41.07,626.72
5679-NXPN,Male,0,Yes,Yes,27,Yes,No,Fiber optic,Yes,Yes,Yes,Yes,Yes,No,Two year,No,Bank transfer (automatic),97.56,2568.2
5156-IAGU,Female,0,Yes,No,3,Yes,Yes,Fiber optic,Yes,No,No,Yes,No,Yes,Month-to-month,Yes,Electronic check,100.99,294.5
1569-ZBJW,Male,1,Yes,No,43,Yes,Yes,DSL,No,No,Yes,No,Yes,Yes,Month-to-month,Yes,Electronic check,72.19,3045.79
6891-YYVN,Male,0,No,No,5,Yes,No,DSL,No,No,Yes,No,No,Yes,Month-to-month,Yes,Electronic check,65.3,328.8
9549-QDIF,Male,0,No,Yes,33,Yes,Yes,Fiber optic,Yes,No,No,No,Yes,No,Two year,Yes,Credit card (automatic),94.75,3140.75
4756-CYIP,Female,0,Yes,No,43,Yes,No,DSL,No,Yes,No,No,No,No,One year,Yes,Electronic check,53.29,2116.67
5255-EECP,Male,0,No,No,6,No,No phone service,Fiber optic,No,Yes,Yes,No,Yes,No,Month-to-month,No,Electronic check,82.71,479.64
3138-HQKW,Male,0,Yes,No,19,Yes,No,Fiber optic,No,No,Yes,No,Yes,No,Month-to-month,Yes,Credit card (automatic),87.13,1535.73
7132-FDKF,Male,0,Yes,No,5,Yes,Yes,DSL,No,No,No,No,Yes,No,Two year,No,Bank transfer (automatic),62.12,321.61
8919-JJQA,Female,1,Yes,No,4,Yes,No,Fiber optic,Yes,Yes,No,No,No,No,One year,Yes,Bank transfer (automatic),79.3,308.08
8552-OESR,Female,0,No,No,49,Yes,No,DSL,Yes,Yes,Yes,No,No,Yes,Month-to-month,Yes,Electronic check,72.02,3282.41
6443-ZEHH,Female,0,No,No,31,Yes,No,DSL,No,No,Yes,Yes,Yes,No,Two year,Yes,Credit card (automatic),82.98,2627.33
5210-LXGI,Female,1,No,Yes,20,Yes,No,No,No internet service,No internet service,No internet service,No internet service,No internet service,No internet service,Two year,Yes,Bank transfer (automatic),24.11,475.56
6517-GLTQ,Female,0,Yes,No,55,Yes,No,DSL,No,No,No,No,Yes,Yes,Month-to-month,Yes,Mailed check,70.66,3966.06
5054-LCDP,Female,0,No,Yes,4,Yes,No,Fiber optic,No,No,No,Yes,Yes,No,Month-to-month,No,Electronic check,82.94,303.24
3155-YBDN,Female,0,No,No,44,Yes,No,Fiber optic,No,No,No,No,Yes,Yes,Month-to-month,Yes,Credit card (automatic),84.1,3682.02
9374-UCDT,Male,0,No,Yes,22,Yes,No,DSL,No,No,Yes,Yes,Yes,Yes,Month-to-month,Yes,Bank transfer (automatic),77.85,1694.48
8970-QDAW,Male,0,No,No,0,No,No phone service,Fiber optic,No,No,No,No,Yes,No,Month-to-month,Yes,Electronic check,78.31,
4500-FNZJ,Male,1,No,Yes,39,Yes,Yes,Fiber optic,No,Yes,Yes,Yes,No,Yes,Two year,Yes,Mailed check,104.54,3898.34
3133-VLBH,Male,0,Yes,No,11,Yes,Yes,Fiber optic,No,No,Yes,No,Yes,Yes,Month-to-month,Yes,Mailed check,100.64,1100.33
2246-BKKP,Female,0,No,No,52,Yes,No,Fiber optic,Yes,Yes,Yes,Yes,Yes,Yes,Month-to-month,Yes,Bank transfer (automatic),112.77,5130.98
6544-LASL,Male,0,Yes,No,10,Yes,No,DSL,No,Yes,Yes,Yes,Yes,No,Month-to-month,Yes,Bank transfer (automatic),80.53,781.47
6151-SHNL,Male,0,No,No,12,Yes,No,DSL,No,Yes,No,No,No,No,Month-to-month,Yes,Credit card (automatic),56.64,611.08
4022-QBDN,Female,0,Yes,Yes,3,Yes,No,Fiber optic,No,Yes,No,Yes,Yes,Yes,One year,No,Electronic check,109.64,321.75
6274-HSJB,Female,0,Yes,No,26,Yes,Yes,Fiber optic,Yes,No,No,No,Yes,No,Month-to-month,Yes,Bank transfer (automatic),91.01,2306.28
6347-DJOA,Female,0,No,No,20,No,No phone service,DSL,Yes,Yes,Yes,Yes,No,Yes,Month-to-month,Yes,Electronic check,77.36,1548.31
1224-OKOF,Male,0,No,No,37,Yes,Yes,Fiber optic,Yes,Yes,No,Yes,Yes,No,Month-to-month,Yes,Electronic check,108.66,3715.53
3622-FBXO,Male,0,No,No,37,Yes,Yes,Fiber optic,Yes,Yes,No,No,No,No,One year,Yes,Bank transfer (automatic),91.53,3235.39
2487-XAVI,Male,0,No,No,1,Yes,No,DSL,No,Yes,Yes,No,Yes,Yes,Month-to-month,Yes,Electronic check,75.43,74.08
2266-ZZRW,Male,0,No,Yes,15,Yes,Yes,No,No internet service,No internet service,No internet service,No internet service,No internet service,No internet service,Two year,Yes,Electronic check,39.65,593.38
8317-YFVZ,Female,0,Yes,No,3,Yes,No,DSL,No,No,No,No,No,Yes,Month-to-month,Yes,Credit card (automatic),64.59,193.4
2801-EFHM,Male,0,No,No,21,Yes,Yes,DSL,No,No,No,Yes,No,Yes,One year,Yes,Credit card (automatic),78.04,1476.9
1405-LRSL,Male,0,Yes,Yes,13,Yes,No,Fiber optic,Yes,Yes,No,No,Yes,No,One year,Yes,Credit card (automatic),96.1,1139.03
3190-NUNT,Male,0,Yes,No,9,Yes,No,Fiber optic,No,No,No,No,No,No,One year,Yes,Electronic check,87.36,804.87
7422-EOFF,Female,0,No,No,25,Yes,Yes,DSL,No,Yes,No,Yes,Yes,Yes,Month-to-month,No,Electronic check,84.55,1901.59
7623-GCNI,Male,0,No,No,42,Yes,Yes,DSL,No,Yes,Yes,Yes,Yes,Yes,Month-to-month,Yes,Mailed check,88.54,3337.19
6030-WMJG,Female,1,No,No,55,Yes,Yes,DSL,No,No,No,No,Yes,Yes,One year,No,Electronic check,76.57,4334.13
8631-IODC,Male,0,No,No,19,Yes,No,Fiber optic,No,No,No,No,Yes,No,One year,Yes,Electronic check,80.32,1411.39
5104-KRHJ,Female,0,No,No,49,Yes,No,DSL,No,No,Yes,No,Yes,Yes,Month-to-month,Yes,Mailed check,78.6,3607.42
8417-LWDO,Female,0,No,No,18,Yes,Yes,Fiber optic,Yes,No,No,No,Yes,No,Month-to-month,Yes,Bank transfer (automatic),91.92,1555.51
5406-AAGE,Male,0,Yes,No,4,Yes,No,Fiber optic,No,No,Yes,No,No,Yes,Two year,No,Mailed check,82.2,321.23
1919-RQAC,Male,0,No,Yes,6,Yes,Yes,Fiber optic,No,Yes,Yes,Yes,Yes,Yes,Month-to-month,Yes,Electronic check,114.39,630.24
1443-JYND,Female,0,No,No,55,Yes,No,DSL,No,Yes,Yes,No,No,Yes,Month-to-month,No,Mailed check,71.2,3766.69
9792-PAML,Male,0,Yes,No,23,Yes,No,Fiber optic,No,No,No,Yes,Yes,Yes,One year,Yes,Bank transfer (automatic),92.3,2048.54
3648-OYGV,Male,0,No,No,19,Yes,No,No,No internet service,No internet service,No internet service,No internet service,No internet service,No internet service,Month-to-month,Yes,Electronic check,35.51,653.13
5280-VGFX,Female,0,No,No,6,Yes,Yes,Fiber optic,No,No,No,No,No,No,Month-to-month,Yes,Electronic check,89.45,456.1
5629-XQAB,Male,0,No,Yes,12,Yes,No,Fiber optic,No,No,Yes,No,Yes,Yes,Month-to-month,No,Credit card (automatic),98.49,1110.06
6166-SHBD,Male,0,No,Yes,8,No,No phone service,DSL,No,No,No,No,Yes,No,Two year,No,Electronic check,52.23,403.6
7465-LWEL,Male,1,Yes,No,64,Yes,Yes,No,No internet service,No internet service,No internet service,No internet service,No internet service,No internet service,Month-to-month,No,Electronic check,38.14,2489.72
8268-DJFF,Male,0,No,Yes,28,Yes,Yes,Fiber optic,No,No,No,No,No,No,Month-to-month,No,Electronic check,81.08,2300.37
9146-OVCC,Male,0,No,Yes,47,Yes,No,DSL,No,Yes,No,No,No,No,Month-to-month,Yes,Electronic check,53.35,2323.07
7687-DAFR,Female,0,Yes,No,17,Yes,No,DSL,Yes,No,No,No,Yes,No,One year,No,Credit card (automatic),67.82,1081.57
1919-JEND,Male,0,No,No,30,Yes,Yes,DSL,No,Yes,Yes,No,No,No,Month-to-month,Yes,Electronic check,77.52,2136.88
1703-KJUU,Female,0,No,No,33,Yes,No,Fiber optic,No,No,Yes,No,Yes,Yes,Month-to-month,Yes,Mailed check,102.06,3354.67
2224-JPTN,Male,0,Yes,No,49,Yes,No,DSL,No,Yes,No,No,Yes,No,Month-to-month,Yes,Credit card (automatic),66.74,2998.02
1928-UVVF,Male,0,No,Yes,40,Yes,Yes,Fiber optic,Yes,No,No,No,Yes,No,Month-to-month,Yes,Electronic check,92.48,3469.13
3501-AIYW,Female,0,Yes,Yes,30,Yes,No,DSL,Yes,No,Yes,Yes,Yes,Yes,One year,Yes,Electronic check,77.23,2235.39
9293-SSFJ,Female,0,No,No,34,No,No phone service,Fiber optic,No,No,No,Yes,No,Yes,Month-to-month,Yes,Credit card (automatic),76.09,2453.5
9403-VSFS,Male,0,Yes,No,27,Yes,No,Fiber optic,Yes,No,No,No,No,Yes,One year,No,Electronic check,89.24,2194.23
8302-SIKR,Female,0,No,No,58,Yes,No,DSL,Yes,No,Yes,No,No,Yes,Month-to-month,Yes,Mailed check,68.61,3858.38
2931-VYTH,Male,0,No,No,42,Yes,No,Fiber optic,No,No,No,No,Yes,Yes,Month-to-month,No,Electronic check,97.3,3899.92
5886-JMTD,Male,0,No,No,12,Yes,Yes,No,No internet service,No internet service,No internet service,No internet service,No internet service,No internet service,Month-to-month,Yes,Electronic check,32.89,369.99
2951-YRLJ,Male,0,Yes,No,11,Yes,No,Fiber optic,No,No,No,Yes,No,No,Two year,No,Mailed check,79.74,819.85
5751-RKSD,Male,0,Yes,No,19,Yes,No,No,No internet service,No internet service,No internet service,No internet service,No internet service,No internet service,Month-to-month,Yes,Mailed check,21.73,407.42
1667-FNES,Female,0,No,No,17,Yes,Yes,DSL,No,Yes,No,No,Yes,Yes,Month-to-month,Yes,Credit card (automatic),76.38,1305.38
4723-KWIU,Male,0,No,No,50,Yes,Yes,DSL,No,No,Yes,No,Yes,No,Month-to-month,Yes,Credit card (automatic),73.17,3333.95
3369-HRZD,Female,0,No,No,6,Yes,Yes,DSL,No,No,Yes,No,No,No,Two year,Yes,Bank transfer (automatic),64.09,365.06
7398-VHTK,Male,1,Yes,No,16,Yes,Yes,Fiber optic,No,Yes,No,No,No,Yes,Month-to-month,Yes,Bank transfer (automatic),94.48,1524.55
3335-GOKP,Male,0,No,Yes,11,Yes,Yes,DSL,No,Yes,Yes,Yes,Yes,Yes,Two year,Yes,Electronic check,85.61,855.39
7792-PJAO,Male,0,No,No,20,No,No phone service,Fiber optic,No,Yes,Yes,No,Yes,Yes,Month-to-month,Yes,Bank transfer (automatic),82.03,1638.71
4222-YHFQ,Female,0,No,Yes,39,Yes,No,Fiber optic,No,Yes,No,No,Yes,No,Month-to-month,Yes,Electronic check,87.14,3170.87
9663-OKGK,Female,0,Yes,No,49,No,No phone service,DSL,Yes,Yes,No,No,No,No,Month-to-month,Yes,Electronic check,53.05,2298.12
2326-CNLL,Female,0,Yes,No,8,Yes,No,DSL,Yes,No,No,No,Yes,Yes,One year,No,Electronic check,77.28,569.63
4701-LMQK,Male,0,Yes,No,19,Yes,No,Fiber optic,No,No,No,Yes,No,Yes,Month-to-month,Yes,Bank transfer (automatic),80.76,1419.67
2943-QELP,Male,0,No,No,17,Yes,Yes,Fiber optic,No,No,Yes,Yes,Yes,Yes,One year,Yes,Electronic check,109.06,1618.19
8113-CEZI,Female,1,No,No,13,Yes,No,DSL,Yes,No,No,Yes,Yes,Yes,Month-to-month,No,Mailed check,85.07,1029.68
3214-DCMM,Male,0,No,No,46,Yes,No,DSL,No,Yes,No,No,No,Yes,Month-to-month,No,Bank transfer (automatic),61.41,2728.93
6603-EZNP,Male,0,No,No,49,Yes,No,No,No internet service,No internet service,No internet service,No internet service,No internet service,No internet service,Month-to-month,No,Electronic check,35.3,1702.29
8095-JXSK,Female,0,No,Yes,11,Yes,No,Fiber optic,No,Yes,No,Yes,Yes,Yes,Two year,Yes,Electronic check,97.63,1053.53
7411-EFVP,Female,0,No,No,7,Yes,Yes,No,No internet service,No internet service,No internet service,No internet service,No internet service,No internet service,Two year,Yes,Electronic check,29.62,190.13
6559-DMQE,Female,0,Yes,No,55,Yes,No,DSL,Yes,Yes,No,Yes,Yes,Yes,Month-to-month,Yes,Mailed check,77.6,4312.1
6366-QJWA,Male,0,No,No,19,Yes,Yes,No,No internet service,No internet service,No internet service,No internet service,No internet service,No internet service,One year,Yes,Mailed check,34.97,625.56
5725-SSFT,Male,0,Yes,No,11,Yes,No,Fiber optic,Yes,Yes,No,No,Yes,Yes,Month-to-month,Yes,Electronic check,97.42,1025.8
7848-MGER,Female,0,Yes,No,7,Yes,No,Fiber optic,No,No,No,No,Yes,Yes,Month-to-month,Yes,Electronic check,83.49,564.44
4017-ZQER,Male,0,No,No,7,Yes,Yes,Fiber optic,No,Yes,No,No,Yes,No,Month-to-month,Yes,Mailed check,95.28,613.29
1374-PNES,Male,0,No,No,55,Yes,No,DSL,No,No,No,No,Yes,Yes,Month-to-month,Yes,Electronic check,76.45,3796.14
6135-AVHZ,Female,0,No,No,22,Yes,No,Fiber optic,No,No,Yes,No,Yes,No,One year,Yes,Electronic check,83.22,1711.02
4143-BLEB,Male,0,Yes,No,10,Yes,No,Fiber optic,No,No,Yes,Yes,Yes,Yes,Month-to-month,Yes,Credit card (automatic),99.07,979.76
6160-XXUR,Male,1,No,No,66,No,No phone service,Fiber optic,No,Yes,No,Yes,Yes,Yes,Month-to-month,Yes,Electronic check,93.74,6201.89
6664-VBGG,Female,0,Yes,No,40,Yes,Yes,DSL,Yes,Yes,No,Yes,Yes,Yes,Month-to-month,Yes,Mailed check,88.58,3463.28
2400-LETG,Female,1,Yes,No,9,Yes,Yes,Fiber optic,Yes,Yes,No,No,Yes,No,Month-to-month,Yes,Electronic check,104.53,889.01
9669-CMHF,Male,0,No,No,45,Yes,Yes,Fiber optic,No,Yes,Yes,No,No,No,Month-to-month,Yes,Credit card (automatic),92.17,3948.97
7921-KAXZ,Male,0,No,No,22,Yes,Yes,Fiber optic,No,No,Yes,No,Yes,No,Month-to-month,Yes,Credit card (automatic),96.93,2065.46
9410-OVXD,Male,1,No,Yes,30,No,No phone service,Fiber optic,No,Yes,No,No,No,Yes,Month-to-month,Yes,Mailed check,74.77,2146.05
7081-ZAND,Female,0,Yes,No,23,Yes,No,Fiber optic,No,No,No,Yes,No,No,Month-to-month,Yes,Electronic check,86.53,1804.12
2336-SFMC,Female,0,No,Yes,12,Yes,Yes,Fiber optic,No,No,No,No,No,No,Month-to-month,Yes,Credit card (automatic),73.52,877.15
3949-QANA,Female,0,No,No,1,No,No phone service,DSL,Yes,Yes,Yes,Yes,Yes,No,Month-to-month,Yes,Mailed check,73.84,76.14
9961-ISXC,Male,0,Yes,No,1,Yes,No,Fiber optic,No,Yes,Yes,No,No,Yes,Month-to-month,Yes,Credit card (automatic),90.99,87.44
6867-PAQN,Male,0,No,No,32,Yes,No,Fiber optic,No,No,Yes,No,No,Yes,Month-to-month,Yes,Bank transfer (automatic),85.85,2702.69
7079-WWUB,Male,0,Yes,No,28,Yes,No,DSL,No,No,No,No,Yes,Yes,Month-to-month,Yes,Electronic check,61.25,1650.81
3559-PKVW,Female,0,Yes,No,10,Yes,Yes,Fiber optic,No,No,Yes,No,No,No,Month-to-month,Yes,Bank transfer (automatic),81.42,769.54
8521-FHIQ,Male,0,No,No,10,Yes,No,Fiber optic,No,No,No,Yes,No,No,Month-to-month,Yes,Credit card (automatic),86.02,848.94
2421-WJAM,Male,0,No,No,9,Yes,No,Fiber optic,No,No,Yes,No,Yes,Yes,Month-to-month,Yes,Electronic check,93.7,772.6
1509-YBYE,Male,1,Yes,No,24,Yes,Yes,No,No internet service,No internet service,No internet service,No internet service,No internet service,No internet service,One year,Yes,Electronic check,39.09,859.59
8452-PVUM,Female,0,No,Yes,29,Yes,No,Fiber optic,No,No,No,No,No,No,Month-to-month,Yes,Bank transfer (automatic),83.75,2381.94
2867-YBZI,Male,0,Yes,No,55,Yes,No,Fiber optic,No,No,Yes,No,Yes,Yes,Two year,Yes,Credit card (automatic),86.47,4510.67
2054-BJME,Male,0,Yes,Yes,12,Yes,No,Fiber optic,No,Yes,No,No,No,No,Two year,Yes,Credit card (automatic),77.12,877.96
9916-FYTK,Female,0,Yes,No,39,Yes,Yes,Fiber optic,No,No,No,No,Yes,Yes,Month-to-month,Yes,Electronic check,95.94,3457.59
8919-OARV,Female,0,No,No,13,Yes,No,Fiber optic,Yes,Yes,No,No,No,No,Month-to-month,Yes,Electronic check,92.85,1218.41
1759-URWC,Male,0,No,No,27,Yes,Yes,DSL,No,Yes,Yes,Yes,No,No,Month-to-month,Yes,Electronic check,67.94,1888.98
9388-BSYI,Male,0,No,No,11,Yes,Yes,Fiber optic,No,No,No,Yes,Yes,Yes,One year,No,Electronic check,98.84,992.09
8586-KIEM,Male,0,No,No,1,No,No phone service,Fiber optic,No,Yes,Yes,No,No,Yes,Month-to-month,Yes,Electronic check,87.21,81.9
1030-FBPF,Female,0,Yes,No,44,Yes,Yes,Fiber optic,No,Yes,No,No,No,Yes,Month-to-month,Yes,Credit card (automatic),92.05,3898.49
5020-DJMA,Female,1,No,No,33,Yes,Yes,Fiber optic,No,No,No,No,Yes,Yes,Month-to-month,Yes,Mailed check,100.59,3176.8
5207-DLDT,Female,0,No,Yes,47,No,No phone service,Fiber optic,No,Yes,No,No,Yes,Yes,Month-to-month,Yes,Mailed check,87.25,4135.79
1262-QPFP,Male,0,No,No,36,Yes,Yes,Fiber optic,Yes,Yes,Yes,Yes,Yes,Yes,Month-to-month,Yes,Electronic check,115.41,4106.03
1554-WCEC,Male,0,Yes,No,3,Yes,Yes,DSL,No,No,Yes,No,Yes,Yes,Two year,Yes,Mailed check,79.46,214.41
9136-QICO,Female,0,No,No,8,No,No phone service,Fiber optic,Yes,No,Yes,Yes,Yes,Yes,Two year,Yes,Electronic check,100.73,814.39
2975-XOXH,Female,0,Yes,No,5,Yes,Yes,DSL,No,Yes,Yes,Yes,Yes,Yes,One year,Yes,Bank transfer (automatic),82.26,379.41
3943-VVXE,Male,0,No,No,50,Yes,No,DSL,No,Yes,No,No,No,Yes,Month-to-month,Yes,Bank transfer (automatic),65.85,3221.01
9194-ITPW,Male,0,Yes,Yes,26,Yes,Yes,Fiber optic,No,Yes,Yes,No,Yes,No,Month-to-month,Yes,Credit card (automatic),93.07,2405.92
4961-ZIZY,Male,0,No,No,12,Yes,Yes,Fiber optic,No,Yes,No,No,Yes,Yes,Month-to-month,Yes,Electronic check,95.34,1045.33
8052-PGUU,Male,0,No,Yes,22,Yes,No,DSL,No,No,Yes,No,No,No,One year,Yes,Credit card (automatic),64.06,1295.4
2685-GPAD,Male,0,Yes,No,9,Yes,Yes,Fiber optic,No,Yes,No,No,Yes,Yes,Month-to-month,No,Electronic check,110.28,983.47
4193-OKQF,Male,0,Yes,No,35,Yes,No,DSL,Yes,No,No,No,Yes,Yes,Month-to-month,No,Electronic check,71.29,2488.64
4492-EEES,Male,1,No,No,20,Yes,No,Fiber optic,No,Yes,No,Yes,No,No,Month-to-month,No,Electronic check,91.73,1738.53
1600-VWYS,Female,0,No,No,50,Yes,Yes,Fiber optic,No,Yes,No,Yes,No,No,One year,Yes,Electronic check,97.57,4718.0
3375-YAPG,Male,0,Yes,No,26,Yes,No,Fiber optic,No,No,No,No,No,Yes,Month-to-month,No,Bank transfer (automatic),80.82,1978.22
7872-GNZI,Female,0,Yes,Yes,37,Yes,Yes,DSL,Yes,Yes,Yes,Yes,Yes,Yes,One year,Yes,Mailed check,94.52,3397.74
9814-JEHO,Male,0,Yes,No,30,Yes,Yes,DSL,No,Yes,No,No,Yes,Yes,Month-to-month,Yes,Mailed check,78.16,2208.96
3445-XIGV,Female,0,Yes,No,17,Yes,No,DSL,No,Yes,Yes,No,No,No,One year,No,Mailed check,66.1,973.0
9346-EVPN,Male,0,No,No,6,Yes,Yes,Fiber optic,Yes,No,No,No,No,No,One year,Yes,Mailed check,85.38,514.95
8354-TYFL,Female,1,No,No,18,Yes,Yes,Fiber optic,Yes,Yes,No,No,Yes,No,Month-to-month,Yes,Bank transfer (automatic),98.35,1715.73
7975-NYQI,Female,1,No,No,20,No,No phone service,No,No internet service,No internet service,No internet service,No internet service,No internet service,No internet service,One year,No,Electronic check,22.56,431.33
4836-DTEA,Male,0,No,Yes,40,Yes,No,Fiber optic,No,Yes,Yes,No,Yes,Yes,Month-to-month,Yes,Credit card (automatic),102.43,4003.27
1763-KZJF,Male,0,No,No,18,Yes,Yes,Fiber optic,Yes,Yes,No,No,Yes,Yes,Month-to-month,No,Electronic check,96.25,1678.66
1622-REKV,Male,0,No,No,33,Yes,Yes,Fiber optic,No,Yes,No,Yes,Yes,Yes,One year,No,Electronic check,106.26,3271.35
7030-MTNB,Male,0,No,Yes,4,Yes,Yes,Fiber optic,Yes,No,No,No,No,No,Month-to-month,Yes,Electronic check,87.99,331.06
9391-MQSX,Male,0,No,No,45,Yes,No,Fiber optic,Yes,No,No,Yes,Yes,No,One year,Yes,Credit card (automatic),91.98,3880.24
9610-SDHH,Female,0,Yes,No,15,Yes,Yes,Fiber optic,No,No,No,No,Yes,No,One year,Yes,Mailed check,92.03,1313.6
7908-GHTS,Male,0,No,No,31,Yes,No,DSL,No,No,No,No,Yes,Yes,Month-to-month,Yes,Electronic check,70.05,2218.81
7124-IWEE,Male,0,No,No,36,Yes,No,No,No internet service,No internet service,No internet service,No internet service,No internet service,No internet service,Two year,Yes,Electronic check,34.03,1244.49
9629-ARZR,Male,0,Yes,No,24,No,No phone service,Fiber optic,No,Yes,No,No,Yes,No,One year,Yes,Mailed check,77.49,1866.71
3830-TOEM,Male,1,No,Yes,42,Yes,Yes,Fiber optic,Yes,No,Yes,No,Yes,Yes,Month-to-month,No,Mailed check,104.83,3995.58
5278-IIOC,Female,0,No,Yes,13,Yes,No,DSL,Yes,No,No,No,Yes,No,Month-to-month,No,Electronic check,59.43,745.99
4599-RLDU,Male,0,No,Yes,56,Yes,No,Fiber optic,No,No,No,No,No,Yes,Month-to-month,Yes,Electronic check,88.17,4767.3
5957-JWSU,Female,0,No,No,5,Yes,Yes,Fiber optic,No,Yes,No,Yes,Yes,No,Month-to-month,No,Credit card (automatic),100.53,496.74
8706-TLNS,Female,1,No,Yes,34,Yes,No,Fiber optic,No,Yes,Yes,No,Yes,No,Two year,Yes,Bank transfer (automatic),89.36,2916.51
3191-UBGH,Male,0,No,No,14,Yes,Yes,Fiber optic,No,Yes,No,Yes,No,Yes,One year,Yes,Electronic check,108.15,1530.72
4598-KPOW,Male,1,No,No,3,Yes,Yes,Fiber optic,Yes,Yes,Yes,Yes,No,No,Month-to-month,No,Credit card (automatic),97.34,266.27
4722-AFVJ,Male,0,No,No,36,Yes,Yes,Fiber optic,No,Yes,No,No,Yes,No,Two year,No,Credit card (automatic),87.24,3001.0
2426-QMQB,Female,0,Yes,No,0,Yes,No,Fiber optic,Yes,Yes,No,No,Yes,No,Month-to-month,Yes,Mailed check,92.75,0.0
6842-RSLK,Female,0,Yes,No,23,No,No phone service,DSL,No,Yes,No,No,Yes,No,Month-to-month,Yes,Bank transfer (automatic),64.31,1386.71
8900-YPXL,Male,0,No,No,54,Yes,No,No,No internet service,No internet service,No internet service,No internet service,No internet service,No internet service,Month-to-month,No,Credit card (automatic),29.24,1507.15
2074-ANKB,Female,0,Yes,No,41,Yes,No,Fiber optic,No,No,No,No,Yes,Yes,One year,Yes,Electronic check,88.05,3581.25
5563-ZKZA,Female,0,Yes,Yes,33,Yes,No,No,No internet service,No internet service,No internet service,No internet service,No internet service,No internet service,Month-to-month,No,Electronic check,26.16,892.68
6796-OYBY,Male,1,Yes,No,18,Yes,Yes,DSL,No,Yes,Yes,No,Yes,Yes,Month-to-month,No,Electronic check,80.87,1406.28
1006-TOFK,Male,0,Yes,No,4,Yes,Yes,Fiber optic,Yes,No,No,No,Yes,No,Month-to-month,Yes,Credit card (automatic),99.28,393.76
9189-CWXD,Female,0,Yes,No,8,Yes,No,No,No internet service,No internet service,No internet service,No internet service,No internet service,No internet service,Month-to-month,No,Credit card (automatic),20.93,163.11
7627-JVKA,Male,0,Yes,No,11,Yes,No,Fiber optic,No,Yes,Yes,No,No,Yes,Month-to-month,Yes,Credit card (automatic),94.5,999.54
6278-NXAK,Male,0,Yes,Yes,2,Yes,No,Fiber optic,No,Yes,No,No,Yes,No,Month-to-month,Yes,Bank transfer (automatic),88.31,160.83
2277-IYIQ,Male,0,Yes,Yes,23,Yes,Yes,DSL,No,No,Yes,No,Yes,Yes,Month-to-month,Yes,Mailed check,78.83,1728.63
3310-KFLT,Female,1,Yes,No,3,Yes,Yes,DSL,No,No,No,No,Yes,No,One year,No,Electronic check,69.2,213.51
7599-GZYT,Female,0,No,No,27,Yes,Yes,No,No internet service,No internet service,No internet service,No internet service,No internet service,No internet service,Month-to-month,Yes,Electronic check,36.51,876.74
6942-TKCR,Male,1,No,Yes,11,Yes,Yes,Fiber optic,No,Yes,Yes,No,No,Yes,Month-to-month,Yes,Mailed check,96.33,958.44
8764-YAPD,Female,0,No,Yes,43,Yes,No,DSL,No,Yes,No,No,Yes,Yes,Month-to-month,Yes,Credit card (automatic),74.67,3144.12
4781-DJKO,Female,0,Yes,No,20,Yes,Yes,Fiber optic,No,Yes,Yes,No,No,No,Month-to-month,Yes,Credit card (automatic),85.9,1695.26
4792-GXSK,Female,0,Yes,No,14,No,No phone service,Fiber optic,No,No,No,No,No,No,Two year,Yes,Electronic check,72.39,1010.56
3779-ZDFB,Male,0,Yes,No,32,Yes,Yes,DSL,No,Yes,No,No,Yes,Yes,Month-to-month,No,Mailed check,79.95,2465.99
4431-XZNP,Male,0,No,No,29,Yes,No,Fiber optic,No,No,No,Yes,No,Yes,Month-to-month,Yes,Mailed check,89.6,2446.85
5565-VIAD,Male,0,Yes,No,13,Yes,Yes,DSL,Yes,Yes,No,No,No,No,One year,Yes,Credit card (automatic),67.98,850.73
5611-RMVC,Male,0,No,Yes,37,Yes,No,Fiber optic,Yes,Yes,Yes,Yes,Yes,Yes,One year,Yes,Credit card (automatic),107.81,3955.17
9632-YOMK,Male,0,No,No,4,Yes,Yes,DSL,No,No,No,Yes,No,No,Month-to-month,No,Electronic check,61.46,222.92
4930-XJLA,Female,0,No,No,2,Yes,Yes,DSL,Yes,No,Yes,No,Yes,Yes,Month-to-month,Yes,Electronic check,84.57,165.26
9653-ATUS,Female,0,No,No,9,Yes,No,DSL,No,No,Yes,Yes,No,No,Two year,No,Mailed check,68.32,596.57
2782-INHU,Male,0,Yes,No,5,Yes,Yes,No,No internet service,No internet service,No internet service,No internet service,No internet service,No internet service,One year,Yes,Credit card (automatic),32.93,160.54
4820-IIQA,Male,0,No,No,48,Yes,Yes,Fiber optic,No,No,Yes,No,Yes,Yes,Month-to-month,No,Electronic check,103.12,4604.24
5699-UGIN,Male,0,No,No,9,Yes,No,Fiber optic,No,Yes,Yes,No,Yes,No,Month-to-month,Yes,Bank transfer (automatic),94.36,832.46
2752-BBFE,Female,0,No,No,12,Yes,Yes,DSL,Yes,Yes,No,Yes,Yes,Yes,Month-to-month,No,Electronic check,87.8,914.81
2415-QKFL,Female,0,Yes,No,40,Yes,No,DSL,No,No,No,Yes,Yes,Yes,Month-to-month,No,Electronic check,69.3,2628.56
8703-LJFU,Male,0,Yes,Yes,51,Yes,No,Fiber optic,Yes,No,No,No,Yes,Yes,Two year,Yes,Electronic check,104.77,5458.95
5075-IFSP,Male,0,Yes,No,47,Yes,Yes,Fiber optic,Yes,Yes,Yes,No,Yes,No,Month-to-month,Yes,Mailed check,99.8,4581.03
6189-YYNQ,Male,0,No,No,10,Yes,No,DSL,Yes,Yes,Yes,No,No,Yes,Month-to-month,No,Electronic check,81.3,730.13
5708-YJGU,Male,0,No,No,24,Yes,Yes,Fiber optic,Yes,Yes,Yes,No,No,No,Two year,No,Credit card (automatic),97.95,2243.27
9433-FSKK,Male,0,No,No,19,Yes,No,No,No internet service,No internet service,No internet service,No internet service,No internet service,No internet service,Month-to-month,No,Credit card (automatic),25.4,450.98
5553-GLUA,Female,1,Yes,Yes,67,Yes,No,Fiber optic,No,Yes,No,No,Yes,Yes,Month-to-month,Yes,Bank transfer (automatic),101.78,6392.25
7926-RWZJ,Male,0,No,No,12,Yes,No,Fiber optic,No,No,Yes,Yes,No,No,Month-to-month,No,Bank transfer (automatic),80.75,920.94
4875-ITBR,Male,1,Yes,No,27,Yes,No,No,No internet service,No internet service,No internet service,No internet service,No internet service,No internet service,Month-to-month,Yes,Electronic check,37.42,1027.81
1339-ORPP,Female,0,Yes,No,27,No,No phone service,Fiber optic,No,Yes,No,No,Yes,Yes,Month-to-month,Yes,Bank transfer (automatic),85.85,2473.52
3394-SUUI,Male,0,Yes,No,35,Yes,No,DSL,Yes,No,Yes,No,No,Yes,Month-to-month,Yes,Bank transfer (automatic),71.3,2449.81
5289-EXZZ,Male,0,No,Yes,4,Yes,Yes,Fiber optic,No,Yes,Yes,No,Yes,Yes,One year,Yes,Credit card (automatic),99.96,376.05
4360-QBBN,Female,0,Yes,Yes,6,Yes,No,No,No internet service,No internet service,No internet service,No internet service,No internet service,No internet service,One year,No,Electronic check,29.47,172.07
3389-KITQ,Male,0,Yes,No,46,Yes,Yes,Fiber optic,No,No,Yes,Yes,Yes,Yes,Month-to-month,Yes,Credit card (automatic),109.51,4764.87
1027-AFMN,Female,0,No,No,34,No,No phone service,Fiber optic,No,Yes,No,Yes,No,Yes,Two year,Yes,Electronic check,91.25,3089.13
3742-QKGI,Female,0,No,Yes,18,Yes,No,DSL,No,No,No,No,Yes,No,Month-to-month,Yes,Bank transfer (automatic),66.5,1229.24
2059-FLZN,Female,0,No,Yes,2,Yes,Yes,DSL,No,Yes,No,Yes,Yes,No,Month-to-month,No,Electronic check,70.39,150.53
9772-DBGX,Female,0,Yes,No,24,No,No phone service,Fiber optic,No,Yes,Yes,No,Yes,Yes,Month-to-month,No,Electronic check,89.73,2142.91
2269-CSSC,Female,0,No,Yes,54,Yes,Yes,Fiber optic,No,No,No,No,No,Yes,Month-to-month,Yes,Credit card (automatic),91.75,4433.67
4850-XSAB,Male,0,Yes,Yes,41,Yes,No,Fiber optic,No,No,Yes,No,No,Yes,One year,Yes,Electronic check,84.72,3463.55
2119-BPUS,Male,0,Yes,No,10,Yes,No,DSL,No,No,No,No,Yes,No,Month-to-month,No,Electronic check,65.88,648.44
6142-YXTO,Male,0,No,No,18,Yes,Yes,DSL,No,Yes,No,No,No,Yes,Two year,Yes,Bank transfer (automatic),69.59,1155.06
2538-JMZX,Female,1,Yes,No,7,Yes,No,Fiber optic,Yes,Yes,No,No,Yes,Yes,Month-to-month,No,Electronic check,97.43,700.77
5400-EFJI,Female,0,No,No,4,Yes,Yes,Fiber optic,No,No,Yes,No,No,Yes,One year,Yes,Mailed check,98.48,380.67
4821-QWTB,Female,0,No,Yes,4,Yes,No,Fiber optic,No,No,No,No,No,Yes,Two year,Yes,Bank transfer (automatic),80.67,318.53
1895-HVMS,Female,0,No,No,38,Yes,No,Fiber optic,Yes,Yes,No,No,Yes,Yes,Month-to-month,Yes,Electronic check,94.74,3533.41
4906-JCWS,Male,1,Yes,Yes,3,Yes,No,No,No internet service,No internet service,No internet service,No internet service,No internet service,No internet service,Two year,Yes,Credit card (automatic),27.08,79.51
7510-XLYI,Male,0,Yes,No,12,Yes,Yes,No,No internet service,No internet service,No internet service,No internet service,No internet service,No internet service,One year,No,Bank transfer (automatic),39.43,442.17
4623-ASLD,Female,0,Yes,Yes,18,Yes,Yes,DSL,No,No,Yes,No,No,No,One year,Yes,Credit card (automatic),63.5,1069.34
6453-GMPA,Male,0,No,Yes,34,No,No phone service,DSL,No,Yes,No,No,Yes,No,Two year,No,Credit card (automatic),57.18,1857.29
2341-DVRQ,Male,0,Yes,No,47,Yes,No,DSL,No,No,No,No,Yes,Yes,Month-to-month,No,Electronic check,67.89,3072.58
5948-KLNK,Female,0,No,No,41,No,No phone service,DSL,Yes,No,Yes,No,Yes,Yes,Month-to-month,Yes,Mailed check,68.72,2771.86
2838-GYHR,Female,0,Yes,No,41,Yes,Yes,Fiber optic,No,No,Yes,No,Yes,Yes,Two year,Yes,Bank transfer (automatic),94.09,3668.07
7374-OEWF,Male,0,No,Yes,3,Yes,Yes,Fiber optic,No,Yes,No,Yes,Yes,No,Month-to-month,No,Electronic check,97.87,294.7
6086-IEBV,Female,0,No,Yes,7,Yes,No,DSL,Yes,Yes,Yes,No,Yes,No,One year,Yes,Electronic check,77.83,533.24
2481-LCYM,Female,0,No,No,4,Yes,Yes,DSL,No,Yes,Yes,Yes,No,No,Month-to-month,Yes,Bank transfer (automatic),67.21,261.56
7486-PPNS,Male,0,No,Yes,4,Yes,Yes,DSL,No,No,Yes,No,Yes,Yes,Two year,Yes,Electronic check,74.2,290.02
4393-CBPN,Male,0,No,No,11,Yes,No,No,No internet service,No internet service,No internet service,No internet service,No internet service,No internet service,Month-to-month,No,Electronic check,31.73,325.14
6178-HYTQ,Female,0,No,No,3,Yes,Yes,DSL,No,No,Yes,Yes,No,No,Month-to-month,Yes,Electronic check,76.59,223.9
9197-INNH,Female,0,No,No,24,Yes,Yes,Fiber optic,Yes,No,Yes,Yes,No,No,Month-to-month,Yes,Bank transfer (automatic),89.61,2132.27
8589-TCTC,Male,1,Yes,No,20,Yes,Yes,DSL,No,Yes,No,No,No,No,Two year,Yes,Bank transfer (automatic),63.61,1261.24
8922-SQRU,Female,0,Yes,No,20,Yes,No,Fiber optic,No,No,No,No,Yes,No,Month-to-month,No,Credit card (automatic),88.38,1627.06
3001-TJSB,Female,0,Yes,No,65,Yes,Yes,Fiber optic,No,No,Yes,No,Yes,Yes,One year,Yes,Electronic check,104.27,6509.67
4711-QKAL,Male,0,Yes,No,58,Yes,No,DSL,No,No,No,No,No,No,Month-to-month,No,Credit card (automatic),55.29,2941.87
8345-IXME,Male,0,Yes,No,22,Yes,No,DSL,No,No,No,Yes,Yes,No,Month-to-month,No,Electronic check,68.99,1396.04
9023-ELCZ,Female,0,No,Yes,3,No,No phone service,Fiber optic,Yes,No,Yes,No,Yes,Yes,Month-to-month,Yes,Electronic check,93.62,261.32
9634-DICR,Male,0,No,Yes,16,Yes,Yes,DSL,Yes,No,No,No,No,Yes,Month-to-month,Yes,Electronic check,68.79,1099.88
6969-BNGR,Female,0,Yes,No,25,Yes,No,Fiber optic,Yes,No,Yes,No,Yes,Yes,Month-to-month,Yes,Electronic check,103.62,2388.75
7133-YSXH,Female,0,No,No,9,Yes,No,Fiber optic,No,Yes,No,No,Yes,No,Two year,Yes,Electronic check,87.36,696.1
7923-VUKF,Male,0,No,No,23,Yes,Yes,Fiber optic,No,Yes,No,Yes,Yes,Yes,One year,Yes,Mailed check,110.79,2369.61
3722-OOGZ,Female,0,No,No,27,Yes,No,Fiber optic,No,Yes,Yes,No,Yes,No,Month-to-month,Yes,Mailed check,92.02,2520.69
5540-ZTFB,Male,1,No,No,18,No,No phone service,Fiber optic,Yes,Yes,No,No,No,Yes,Month-to-month,No,Electronic check,85.24,1482.66
8200-JUEI,Male,0,No,Yes,38,Yes,No,Fiber optic,No,Yes,No,No,Yes,Yes,One year,Yes,Electronic check,97.64,3577.7
8568-HUNX,Male,1,No,No,16,Yes,Yes,DSL,Yes,Yes,Yes,No,Yes,Yes,Two year,No,Bank transfer (automatic),87.27,1377.57
4750-CWJW,Male,0,No,No,10,Yes,Yes,DSL,Yes,No,Yes,No,No,No,Month-to-month,No,Electronic check,72.59,660.23
7780-MCKJ,Male,0,Yes,No,30,Yes,Yes,DSL,Yes,No,Yes,No,Yes,Yes,One year,Yes,Electronic check,84.02,2434.31
4858-GSYT,Female,0,Yes,No,37,Yes,Yes,Fiber optic,No,No,Yes,Yes,Yes,Yes,One year,Yes,Credit card (automatic),105.35,3714.14
8547-WVPF,Female,0,Yes,No,35,Yes,Yes,DSL,No,No,No,No,Yes,Yes,One year,No,Credit card (automatic),76.69,2731.88
5470-QCZA,Female,0,No,No,5,Yes,No,Fiber optic,Yes,No,Yes,No,No,No,Two year,No,Mailed check,86.36,393.95
5516-PGNJ,Female,0,No,Yes,29,Yes,No,Fiber optic,No,No,Yes,Yes,No,Yes,Month-to-month,Yes,Electronic check,89.63,2539.45
9670-KYYZ,Male,0,No,No,69,Yes,No,Fiber optic,No,No,No,No,No,No,Month-to-month,Yes,Mailed check,78.14,5272.86
4876-PEDZ,Male,0,Yes,No,23,Yes,No,DSL,No,No,Yes,No,Yes,Yes,Month-to-month,Yes,Bank transfer (automatic),68.47,1488.66
8088-UFHS,Male,0,No,No,21,Yes,No,Fiber optic,No,Yes,No,No,No,No,Month-to-month,No,Bank transfer (automatic),83.88,1686.16
9452-MBAY,Male,0,Yes,No,23,Yes,No,No,No internet service,No internet service,No internet service,No internet service,No internet service,No internet service,Two year,No,Bank transfer (automatic),30.09,665.98
2170-DFOI,Male,0,Yes,No,25,Yes,Yes,DSL,No,Yes,No,No,Yes,No,Two year,Yes,Bank transfer (automatic),71.84,1822.47
9779-YRKQ,Female,0,No,No,21,Yes,No,Fiber optic,No,No,Yes,No,No,Yes,Month-to-month,No,Electronic check,85.0,1655.14
6764-DHOB,Male,1,Yes,No,59,Yes,No,DSL,No,No,Yes,No,Yes,No,Month-to-month,Yes,Credit card (automatic),65.16,3604.01
4682-CHZW,Female,0,No,No,17,Yes,Yes,Fiber optic,No,Yes,No,No,Yes,No,Month-to-month,Yes,Electronic check,94.24,1412.62
5469-OTZY,Male,0,Yes,No,36,Yes,No,Fiber optic,Yes,No,No,No,Yes,No,Month-to-month,No,Electronic check,91.55,3108.66
6607-FQFD,Female,0,No,No,13,Yes,No,Fiber optic,Yes,Yes,No,No,Yes,Yes,One year,No,Electronic check,100.79,1234.48
5720-DPEK,Female,0,Yes,No,52,No,No phone service,No,No internet service,No internet service,No internet service,No internet service,No internet service,No internet service,Two year,Yes,Mailed check,24.69,1130.52
1994-YDVP,Male,1,Yes,No,18,Yes,No,DSL,No,Yes,No,No,Yes,Yes,One year,Yes,Electronic check,81.64,1392.24
5811-SQVC,Male,0,No,No,61,Yes,No,DSL,No,No,Yes,No,No,No,Month-to-month,Yes,Bank transfer (automatic),58.84,3257.56
6181-XQOK,Male,0,Yes,No,40,No,No phone service,Fiber optic,No,No,Yes,No,Yes,Yes,One year,Yes,Electronic check,84.64,3179.95
4122-MKSS,Male,0,No,No,17,No,No phone service,No,No internet service,No internet service,No internet service,No internet service,No internet service,No internet service,Two year,Yes,Electronic check,25.76,428.91
5341-XAZG,Female,1,No,No,21,No,No phone service,Fiber optic,No,No,No,No,Yes,No,Month-to-month,No,Credit card (automatic),75.68,1571.58
3832-CUCL,Male,0,No,No,40,No,No phone service,Fiber optic,No,Yes,No,No,No,No,Month-to-month,No,Bank transfer (automatic),69.67,2863.13
8746-RLQL,Male,1,No,No,18,Yes,No,Fiber optic,Yes,No,Yes,No,Yes,Yes,Month-to-month,No,Bank transfer (automatic),104.28,1725.61
7182-YOAZ,Female,0,No,No,12,Yes,No,DSL,Yes,Yes,Yes,No,Yes,No,Month-to-month,Yes,Electronic check,79.34,917.41
6466-BKKG,Male,0,No,No,6,Yes,No,No,No internet service,No internet service,No internet service,No internet service,No internet service,No internet service,One year,Yes,Mailed check,31.93,174.1
2693-BAIK,Male,0,Yes,Yes,39,Yes,No,Fiber optic,No,Yes,No,Yes,Yes,No,Month-to-month,Yes,Mailed check,94.19,3641.14
5367-NJMX,Female,0,No,No,49,Yes,Yes,No,No internet service,No internet service,No internet service,No internet service,No internet service,No internet service,Two year,Yes,Credit card (automatic),36.86,1773.57
3448-EUKK,Female,0,Yes,No,51,Yes,Yes,Fiber optic,No,No,No,No,Yes,No,Month-to-month,Yes,Bank transfer (automatic),88.58,4669.64
5000-CQAO,Male,0,No,No,53,Yes,Yes,Fiber optic,No,Yes,Yes,Yes,No,Yes,Month-to-month,No,Electronic check,101.73,5030.29
9095-CDSQ,Male,1,Yes,No,43,Yes,Yes,Fiber optic,No,No,No,No,No,No,Two year,No,Electronic check,86.45,3635.94
1722-UPAG,Female,0,No,No,9,Yes,Yes,DSL,Yes,No,No,Yes,No,Yes,One year,Yes,Electronic check,74.05,652.52
4007-AGAF,Female,0,No,No,63,Yes,Yes,Fiber optic,No,Yes,Yes,No,Yes,Yes,Month-to-month,Yes,Bank transfer (automatic),106.49,6281.54
6385-QKTQ,Female,0,No,No,64,Yes,Yes,Fiber optic,No,Yes,Yes,Yes,Yes,Yes,Month-to-month,No,Credit card (automatic),107.88,6850.21
9782-HPDG,Male,0,Yes,Yes,49,Yes,No,DSL,No,No,Yes,No,Yes,No,Month-to-month,Yes,Electronic check,69.14,3469.7
6964-LAFU,Male,0,No,No,45,Yes,No,Fiber optic,No,Yes,Yes,No,Yes,No,One year,Yes,Mailed check,91.91,3977.7
7030-VTUA,Female,0,No,No,5,Yes,Yes,DSL,No,No,No,No,Yes,No,Month-to-month,No,Credit card (automatic),66.63,326.18
4136-SVST,Female,0,No,Yes,27,Yes,No,Fiber optic,Yes,Yes,No,No,No,No,Month-to-month,Yes,Electronic check,89.15,2381.35
8593-KMZW,Female,0,Yes,No,30,Yes,Yes,Fiber optic,No,No,Yes,No,No,Yes,Month-to-month,Yes,Bank transfer (automatic),90.45,2372.02
3719-MYZQ,Female,0,Yes,No,16,Yes,Yes,Fiber optic,No,No,No,Yes,No,Yes,Month-to-month,No,Mailed check,94.1,1477.33
7131-MIHN,Male,1,Yes,No,64,Yes,Yes,Fiber optic,No,No,Yes,No,Yes,Yes,Month-to-month,Yes,Bank transfer (automatic),101.17,6189.84
7159-AQAY,Male,0,No,No,21,Yes,No,Fiber optic,No,No,No,No,Yes,No,One year,Yes,Credit card (automatic),83.67,1665.3
6918-JIMV,Male,0,No,No,8,Yes,No,Fiber optic,No,No,No,No,No,Yes,One year,No,Credit card (automatic),91.17,717.67
5531-TDGH,Male,0,Yes,Yes,28,No,No phone service,Fiber optic,No,Yes,Yes,No,No,No,Month-to-month,Yes,Credit card (automatic),74.18,2015.18
7659-AMID,Female,1,No,No,47,Yes,Yes,Fiber optic,Yes,No,Yes,Yes,No,Yes,Two year,Yes,Bank transfer (automatic),100.7,4213.58
8743-KTGT,Male,0,Yes,No,9,Yes,No,Fiber optic,No,No,No,No,Yes,Yes,One year,Yes,Electronic check,83.03,707.38
8407-MFGC,Female,1,Yes,No,17,Yes,No,DSL,Yes,No,No,Yes,Yes,Yes,One year,Yes,Electronic check,71.42,1099.83
6904-STHR,Male,1,Yes,No,13,No,No phone service,Fiber optic,Yes,Yes,No,No,Yes,Yes,Month-to-month,No,Electronic check,88.83,1095.58
1376-TTPP,Male,0,Yes,No,50,Yes,Yes,Fiber optic,No,Yes,Yes,No,Yes,Yes,Month-to-month,Yes,Credit card (automatic),100.16,4688.54
3048-ODLR,Female,0,No,No,21,Yes,Yes,No,No internet service,No internet service,No internet service,No internet service,No internet service,No internet service,Month-to-month,Yes,Credit card (automatic),29.66,625.02
9687-BQSO,Female,1,Yes,Yes,35,Yes,Yes,Fiber optic,Yes,Yes,Yes,No,Yes,Yes,Month-to-month,No,Credit card (automatic),104.77,3743.56
2011-CNKU,Male,0,Yes,No,10,Yes,Yes,Fiber optic,No,Yes,Yes,Yes,Yes,Yes,Month-to-month,Yes,Credit card (automatic),107.58,1052.9
4134-RVNK,Female,0,Yes,Yes,39,Yes,Yes,Fiber optic,No,No,No,No,No,Yes,Month-to-month,Yes,Bank transfer (automatic),91.03,3257.55
6282-UHIX,Male,0,Yes,No,12,Yes,Yes,DSL,No,Yes,Yes,Yes,No,Yes,Two year,No,Electronic check,86.5,985.12
5849-XLHC,Male,0,Yes,No,37,Yes,Yes,DSL,No,No,Yes,Yes,Yes,Yes,Month-to-month,No,Electronic check,80.79,2827.31
6364-DTIO,Male,0,No,No,25,Yes,Yes,Fiber optic,No,No,No,No,No,No,One year,Yes,Mailed check,83.13,1955.12
8803-WFTD,Female,0,No,Yes,8,Yes,No,DSL,Yes,Yes,No,No,No,Yes,Month-to-month,Yes,Electronic check,73.11,527.98
1640-DJQK,Female,0,No,No,26,Yes,No,No,No internet service,No internet service,No internet service,No internet service,No internet service,No internet service,Month-to-month,No,Credit card (automatic),31.02,706.9
8085-FNCU,Male,0,No,Yes,42,Yes,Yes,DSL,No,Yes,No,No,Yes,Yes,Month-to-month,Yes,Mailed check,82.82,3101.95
6341-UUBD,Male,0,No,No,57,Yes,Yes,Fiber optic,Yes,Yes,No,No,Yes,No,Month-to-month,No,Credit card (automatic),95.48,5429.24
9778-BQVC,Female,1,No,No,8,Yes,No,No,No internet service,No internet service,No internet service,No internet service,No internet service,No internet service,Month-to-month,Yes,Bank transfer (automatic),25.73,200.02
2992-LEBM,Male,0,No,No,36,Yes,No,DSL,No,No,Yes,Yes,No,Yes,Month-to-month,No,Electronic check,72.62,2524.63
9807-KXVH,Female,0,No,No,44,Yes,No,Fiber optic,No,No,No,No,Yes,Yes,Month-to-month,Yes,Mailed check,88.56,3697.4
5157-VMIL,Female,0,No,No,12,Yes,Yes,Fiber optic,No,No,Yes,No,No,No,Month-to-month,Yes,Bank transfer (automatic),90.33,1077.85
3112-EVOS,Female,0,Yes,No,5,Yes,Yes,Fiber optic,Yes,No,No,No,Yes,Yes,Month-to-month,Yes,Credit card (automatic),103.48,499.55
5833-FDTC,Female,0,Yes,Yes,11,Yes,No,DSL,No,Yes,Yes,No,No,Yes,Two year,Yes,Mailed check,62.35,707.64
9355-YBXW,Male,0,No,No,53,Yes,No,Fiber optic,Yes,No,Yes,No,Yes,No,Month-to-month,No,Electronic check,92.05,4724.84
4721-UKZM,Female,0,Yes,No,5,No,No phone service,DSL,Yes,Yes,No,No,Yes,No,Month-to-month,Yes,Mailed check,63.73,312.38
1846-AARC,Female,1,No,No,51,Yes,Yes,DSL,No,Yes,No,Yes,Yes,Yes,Month-to-month,Yes,Bank transfer (automatic),90.91,4542.48
1225-JIQV,Female,0,No,No,42,Yes,Yes,Fiber optic,Yes,No,No,No,Yes,Yes,Two year,Yes,Credit card (automatic),102.49,3859.44
1383-RUQG,Female,0,No,No,6,Yes,No,Fiber optic,No,Yes,Yes,No,No,No,One year,Yes,Electronic check,77.87,458.75
3332-DBYQ,Male,0,Yes,No,5,Yes,No,Fiber optic,No,Yes,Yes,Yes,Yes,No,Month-to-month,No,Credit card (automatic),100.7,479.67
2118-PLTG,Female,0,No,Yes,33,Yes,No,DSL,No,Yes,No,No,No,Yes,One year,Yes,Electronic check,58.05,1773.98
5931-GLLM,Female,0,No,No,24,Yes,No,Fiber optic,No,Yes,No,No,No,No,Month-to-month,Yes,Electronic check,90.37,2061.98
2238-YXRR,Female,0,Yes,No,19,Yes,No,Fiber optic,Yes,No,Yes,No,No,No,Month-to-month,No,Electronic check,88.12,1557.84
3614-GJUN,Male,0,No,No,50,Yes,No,DSL,Yes,No,Yes,No,Yes,No,Two year,Yes,Electronic check,70.89,3344.03
7998-VOTV,Male,0,No,No,66,Yes,No,DSL,No,No,No,No,Yes,Yes,Month-to-month,Yes,Electronic check,70.1,4433.59
7280-MLIP,Male,0,Yes,No,6,Yes,Yes,DSL,No,No,No,No,No,Yes,Month-to-month,No,Electronic check,70.51,376.97
9968-NDPC,Female,0,Yes,Yes,14,Yes,Yes,Fiber optic,No,No,No,No,Yes,Yes,Month-to-month,Yes,Bank transfer (automatic),90.45,1176.7
8391-NAGF,Female,0,No,No,39,Yes,Yes,DSL,No,No,No,No,Yes,Yes,Month-to-month,Yes,Bank transfer (automatic),79.8,3077.53
3721-KELN,Male,0,Yes,No,32,Yes,Yes,Fiber optic,No,No,Yes,No,No,Yes,Month-to-month,Yes,Electronic check,92.12,2921.46
1309-NFSL,Male,0,No,No,21,Yes,No,Fiber optic,No,No,Yes,No,Yes,No,Month-to-month,No,Credit card (automatic),91.39,1916.21
2105-WUCZ,Female,1,No,No,7,Yes,Yes,Fiber optic,Yes,Yes,No,Yes,No,Yes,Month-to-month,Yes,Electronic check,99.77,682.75
1884-SBRQ,Female,1,Yes,No,1,Yes,No,Fiber optic,No,Yes,Yes,Yes,Yes,No,Month-to-month,Yes,Credit card (automatic),100.71,87.11
6436-ITBC,Female,0,Yes,No,51,Yes,No,Fiber optic,No,Yes,Yes,Yes,Yes,Yes,One year,Yes,Mailed check,110.02,5244.11
5899-TIVU,Male,0,No,No,15,Yes,Yes,No,No internet service,No internet service,No internet service,No internet service,No internet service,No internet service,Two year,No,Electronic check,36.24,519.17
1482-KRDD,Female,0,Yes,No,3,No,No phone service,Fiber optic,No,Yes,Yes,No,Yes,Yes,Month-to-month,No,Electronic check,91.56,259.93
3469-FOIB,Female,1,No,No,48,Yes,No,Fiber optic,No,No,Yes,No,Yes,No,Month-to-month,Yes,Bank transfer (automatic),92.67,4502.43
4703-TWIP,Female,1,Yes,Yes,28,Yes,No,Fiber optic,No,No,Yes,Yes,Yes,No,Month-to-month,Yes,Bank transfer (automatic),86.67,2305.68
7202-WGQQ,Female,0,No,No,56,Yes,Yes,Fiber optic,No,Yes,No,No,Yes,No,One year,No,Bank transfer (automatic),101.29,5939.35
3296-NFUL,Male,0,No,No,35,Yes,No,Fiber optic,No,No,No,No,Yes,No,Month-to-month,Yes,Bank transfer (automatic),76.4,2329.23
4489-XHHM,Male,0,No,No,26,No,No phone service,No,No internet service,No internet service,No internet service,No internet service,No internet service,No internet service,One year,No,Electronic check,25.98,657.96
2911-HCSN,Female,0,No,No,39,Yes,Yes,Fiber optic,No,No,Yes,No,Yes,Yes,One year,No,Electronic check,98.06,3903.23
7577-HVSD,Female,0,Yes,No,40,Yes,No,Fiber optic,Yes,Yes,No,Yes,Yes,Yes,Month-to-month,No,Credit card (automatic),108.59,4165.8
5096-RWLH,Male,1,Yes,No,45,Yes,Yes,Fiber optic,Yes,No,Yes,No,No,Yes,Month-to-month,No,Electronic check,97.12,4287.2
9208-GWVO,Female,0,No,Yes,2,Yes,Yes,Fiber optic,No,No,Yes,Yes,Yes,No,Month-to-month,No,Mailed check,100.93,211.56
3676-YCST,Female,0,No,No,31,Yes,No,Fiber optic,No,Yes,Yes,No,No,Yes,Month-to-month,Yes,Bank transfer (automatic),97.72,2875.57
3838-HAUA,Male,0,Yes,No,17,Yes,Yes,Fiber optic,No,No,Yes,No,Yes,No,Month-to-month,No,Electronic check,94.38,1660.27
4793-KOZS,Male,0,Yes,No,47,Yes,Yes,DSL,Yes,No,Yes,No,Yes,No,Two year,Yes,Credit card (automatic),75.56,3307.0
4620-XFCX,Female,0,No,No,9,Yes,Yes,No,No internet service,No internet service,No internet service,No internet service,No internet service,No internet service,One year,No,Electronic check,33.6,283.4
4177-VYLV,Female,0,No,No,29,Yes,Yes,Fiber optic,No,No,Yes,No,No,No,One year,No,Mailed check,78.43,2304.84
2828-DMTV,Female,0,Yes,No,20,No,No phone service,DSL,Yes,No,No,Yes,Yes,Yes,Month-to-month,No,Electronic check,69.86,1392.32
9555-GJFX,Female,0,No,Yes,5,Yes,No,Fiber optic,No,No,No,No,No,Yes,Month-to-month,Yes,Electronic check,82.31,409.33
1062-KEWG,Male,0,No,No,35,No,No phone service,Fiber optic,No,No,No,No,No,Yes,Month-to-month,Yes,Bank transfer (automatic),79.11,2640.91
1193-GFTB,Male,0,Yes,No,9,No,No phone service,DSL,Yes,No,Yes,No,No,Yes,Month-to-month,Yes,Credit card (automatic),63.07,525.5
9901-INFB,Male,0,Yes,Yes,44,No,No phone service,Fiber optic,No,Yes,No,No,Yes,No,Month-to-month,No,Electronic check,84.18,3486.55
6938-MQYL,Female,0,No,No,11,Yes,No,Fiber optic,No,Yes,Yes,No,No,No,Month-to-month,Yes,Electronic check,87.21,907.65
8805-FQVU,Male,0,Yes,No,4,Yes,No,DSL,No,No,Yes,No,Yes,No,Two year,No,Bank transfer (automatic),71.28,280.12
8447-SAJY,Female,1,Yes,No,21,Yes,No,DSL,No,No,No,Yes,Yes,Yes,Month-to-month,No,Bank transfer (automatic),72.33,1368.37
2584-UHCJ,Female,0,No,No,33,No,No phone service,Fiber optic,No,Yes,Yes,No,Yes,Yes,Month-to-month,No,Electronic check,95.2,3006.86
1090-SABB,Female,0,Yes,No,34,Yes,Yes,DSL,Yes,No,No,Yes,Yes,No,Month-to-month,No,Mailed check,76.3,2508.37
2957-IZCS,Male,0,Yes,No,26,Yes,Yes,No,No internet service,No internet service,No internet service,No internet service,No internet service,No internet service,Two year,Yes,Electronic check,34.83,893.82
8718-EJXY,Female,0,No,Yes,30,Yes,Yes,DSL,No,Yes,Yes,Yes,Yes,Yes,Month-to-month,Yes,Electronic check,88.83,2451.97
6553-IRLD,Female,1,Yes,No,20,Yes,Yes,DSL,Yes,No,No,Yes,No,Yes,One year,Yes,Credit card (automatic),82.66,1617.74
1105-ASFC,Female,0,No,No,15,No,No phone service,Fiber optic,No,No,Yes,No,Yes,No,Month-to-month,Yes,Electronic check,82.0,1168.17
4454-YRRG,Male,1,Yes,No,24,Yes,No,Fiber optic,No,Yes,Yes,Yes,Yes,Yes,Month-to-month,Yes,Electronic check,90.36,2041.08
3805-UAQK,Female,0,Yes,No,22,Yes,No,Fiber optic,No,Yes,Yes,Yes,Yes,Yes,Month-to-month,Yes,Bank transfer (automatic),111.13,2428.56
3858-SDBF,Male,0,No,Yes,46,Yes,No,DSL,No,Yes,No,Yes,Yes,Yes,Month-to-month,Yes,Electronic check,81.54,3561.24
2110-PNQT,Male,0,Yes,No,34,Yes,Yes,DSL,Yes,No,No,No,Yes,Yes,Month-to-month,Yes,Electronic check,80.48,2711.78
3645-BEUZ,Male,0,No,No,27,Yes,No,DSL,No,No,No,No,Yes,No,Two year,Yes,Bank transfer (automatic),67.22,1665.65
7705-ZFHO,Female,0,No,Yes,17,Yes,No,DSL,Yes,No,No,No,No,Yes,One year,No,Electronic check,61.91,1021.17
5297-PFLN,Male,0,No,No,27,Yes,Yes,DSL,Yes,Yes,Yes,Yes,No,No,Two year,Yes,Electronic check,75.84,1882.78
4086-QUAF,Female,1,No,No,1,Yes,No,DSL,No,Yes,Yes,Yes,No,No,Month-to-month,Yes,Credit card (automatic),62.4,63.39
3550-YLWF,Female,0,Yes,No,1,Yes,Yes,No,No internet service,No internet service,No internet service,No internet service,No internet service,No internet service,One year,Yes,Credit card (automatic),37.72,35.67
1854-IPBQ,Male,1,No,No,56,Yes,No,DSL,No,No,No,No,Yes,Yes,Month-to-month,Yes,Electronic check,72.2,4060.45
3152-IHNN,Male,0,No,No,24,Yes,Yes,DSL,No,No,Yes,No,No,Yes,Month-to-month,Yes,Bank transfer (automatic),70.29,1476.04
8698-HACM,Male,0,No,No,20,Yes,No,Fiber optic,Yes,No,Yes,Yes,Yes,Yes,Month-to-month,Yes,Electronic check,103.09,1799.82
1033-MWOC,Female,0,Yes,Yes,14,Yes,Yes,Fiber optic,No,No,No,Yes,No,Yes,One year,No,Bank transfer (automatic),96.21,1220.56
8210-VJUJ,Male,0,No,No,15,Yes,Yes,DSL,Yes,No,No,No,Yes,Yes,Month-to-month,No,Credit card (automatic),83.49,1190.72
1276-JBFY,Female,0,Yes,No,42,No,No phone service,Fiber optic,Yes,No,No,No,Yes,Yes,Month-to-month,No,Electronic check,85.75,3608.45
9302-RHOI,Female,0,No,No,48,No,No phone service,Fiber optic,No,Yes,No,No,Yes,Yes,Month-to-month,No,Electronic check,90.89,4260.04
9823-SZBF,Male,0,No,No,17,Yes,No,No,No internet service,No internet service,No internet service,No internet service,No internet service,No internet service,One year,Yes,Mailed check,34.86,583.27
8140-ZYQS,Female,0,No,No,29,Yes,Yes,Fiber optic,Yes,No,No,No,No,Yes,Month-to-month,No,Electronic check,96.31,2542.94
9755-BYTW,Female,0,No,Yes,1,Yes,No,Fiber optic,No,Yes,No,Yes,Yes,Yes,One year,Yes,Mailed check,106.78,112.42
8482-FVVX,Female,0,No,No,63,No,No phone service,DSL,No,No,No,No,No,Yes,Month-to-month,No,Credit card (automatic),49.36,3068.66
8212-YMJZ,Female,0,No,No,20,Yes,No,Fiber optic,No,No,No,No,Yes,Yes,Month-to-month,Yes,Mailed check,95.22,1812.06
9905-MRIF,Female,1,Yes,No,16,Yes,Yes,DSL,Yes,Yes,Yes,No,No,Yes,Month-to-month,No,Bank transfer (automatic),83.38,1189.58
6526-FVJM,Male,0,Yes,No,15,Yes,No,Fiber optic,Yes,No,No,Yes,Yes,No,Two year,Yes,Electronic check,95.41,1388.43
6322-UVRT,Female,0,No,No,5,Yes,No,DSL,No,Yes,No,Yes,Yes,Yes,Month-to-month,Yes,Mailed check,80.12,397.26
2225-QWXR,Female,1,Yes,Yes,60,Yes,Yes,DSL,Yes,No,No,No,Yes,Yes,One year,Yes,Mailed check,82.03,4897.33
4836-JOQP,Male,0,No,Yes,28,Yes,No,Fiber optic,No,No,Yes,Yes,No,Yes,Two year,No,Electronic check,91.24,2464.66
5298-EVYM,Female,1,No,No,40,Yes,Yes,Fiber optic,No,Yes,No,Yes,Yes,Yes,Month-to-month,Yes,Electronic check,113.11,4425.38
7332-JRIV,Male,1,Yes,No,23,Yes,No,DSL,No,Yes,No,Yes,No,Yes,One year,Yes,Electronic check,82.92,1802.53
7290-YQKH,Female,0,No,No,25,Yes,No,DSL,No,No,No,No,No,Yes,One year,Yes,Electronic check,58.67,1362.76
2283-HRYV,Male,0,No,No,40,Yes,Yes,DSL,No,No,Yes,No,No,Yes,Month-to-month,No,Electronic check,72.15,2774.25
8000-SRNL,Female,0,No,Yes,13,No,No phone service,DSL,Yes,Yes,Yes,No,Yes,No,Month-to-month,Yes,Credit card (automatic),63.34,864.5
7362-NNBS,Female,0,No,No,14,Yes,Yes,Fiber optic,Yes,No,Yes,No,No,Yes,Two year,Yes,Electronic check,96.2,1253.17
1059-SKIM,Male,0,No,No,19,Yes,No,DSL,No,No,Yes,No,No,Yes,Month-to-month,Yes,Electronic check,70.13,1248.61
1517-IZEI,Female,0,No,No,42,Yes,Yes,Fiber optic,Yes,Yes,Yes,No,No,No,One year,Yes,Bank transfer (automatic),96.11,4071.49
3263-DIWX,Male,0,No,No,14,Yes,Yes,Fiber optic,No,No,Yes,Yes,Yes,Yes,Month-to-month,Yes,Bank transfer (automatic),96.79,1329.76
1833-KAJS,Female,0,Yes,No,36,Yes,No,DSL,No,Yes,Yes,No,No,No,Month-to-month,Yes,Bank transfer (automatic),55.89,1892.65
5682-DWLF,Male,1,No,No,24,Yes,Yes,DSL,No,Yes,No,No,No,No,Month-to-month,No,Bank transfer (automatic),62.67,1489.11
5530-ADTG,Male,1,No,No,32,Yes,No,Fiber optic,No,No,No,Yes,No,Yes,Month-to-month,Yes,Electronic check,89.75,2741.57
3121-TLEI,Female,0,No,No,30,Yes,Yes,Fiber optic,Yes,No,No,Yes,No,Yes,Month-to-month,Yes,Electronic check,104.8,2936.41
3401-ISVT,Male,0,No,No,68,Yes,No,DSL,No,Yes,No,No,Yes,No,Month-to-month,Yes,Credit card (automatic),74.66,4610.07
5517-ZAEV,Male,0,Yes,No,44,Yes,No,DSL,No,No,No,Yes,Yes,Yes,Month-to-month,Yes,Credit card (automatic),75.95,3291.72
6627-WZTD,Male,0,Yes,No,47,Yes,Yes,Fiber optic,No,Yes,Yes,No,Yes,Yes,Month-to-month,No,Credit card (automatic),100.36,4681.05
3584-BXKM,Male,0,Yes,No,22,Yes,No,Fiber optic,Yes,No,Yes,Yes,No,Yes,Month-to-month,Yes,Bank transfer (automatic),101.37,1966.87
9238-RLOO,Male,0,No,No,38,Yes,Yes,DSL,No,No,No,Yes,No,Yes,Month-to-month,Yes,Electronic check,70.22,2507.24
9938-ISHL,Female,0,No,Yes,56,Yes,Yes,DSL,No,Yes,No,No,No,Yes,Month-to-month,Yes,Electronic check,62.88,3420.89
8088-IWOT,Male,0,Yes,Yes,8,Yes,Yes,DSL,No,Yes,No,No,No,Yes,Month-to-month,Yes,Mailed check,70.36,547.27
9087-XHCP,Male,0,No,No,28,Yes,No,Fiber optic,No,No,Yes,No,Yes,No,Month-to-month,No,Electronic check,88.68,2488.45
2119-NRRF,Male,0,No,No,8,Yes,Yes,Fiber optic,No,Yes,No,No,Yes,Yes,One year,Yes,Electronic check,100.37,766.49
3133-VOOR,Male,1,Yes,No,3,Yes,No,No,No internet service,No internet service,No internet service,No internet service,No internet service,No internet service,Month-to-month,No,Electronic check,24.97,71.52
6683-RHFU,Female,0,Yes,Yes,39,Yes,Yes,Fiber optic,No,No,Yes,Yes,Yes,Yes,Month-to-month,Yes,Mailed check,97.27,3953.58
4693-OCFT,Male,1,No,No,42,Yes,Yes,No,No internet service,No internet service,No internet service,No internet service,No internet service,No internet service,Month-to-month,No,Bank transfer (automatic),30.01,1183.13
1761-GKYR,Male,0,Yes,No,12,Yes,Yes,No,No internet service,No internet service,No internet service,No internet service,No internet service,No internet service,Month-to-month,Yes,Credit card (automatic),41.4,466.06
3825-CKZA,Male,0,No,Yes,64,Yes,No,DSL,Yes,No,Yes,No,Yes,Yes,Month-to-month,Yes,Electronic check,79.21,5159.04
2000-VDGL,Male,0,No,No,43,Yes,No,Fiber optic,No,No,Yes,Yes,Yes,Yes,One year,Yes,Credit card (automatic),97.65,3950.8
2436-PABZ,Female,0,Yes,No,5,Yes,No,Fiber optic,Yes,No,Yes,No,Yes,Yes,Month-to-month,Yes,Electronic check,108.78,530.09
2494-BEPF,Female,0,No,No,9,Yes,Yes,Fiber optic,Yes,No,Yes,Yes,Yes,Yes,Month-to-month,Yes,Mailed check,112.25,936.65
2789-BWCU,Female,0,No,Yes,14,Yes,Yes,DSL,No,No,No,No,Yes,Yes,Two year,No,Bank transfer (automatic),65.39,870.78
1690-ASLN,Male,0,No,No,43,Yes,No,Fiber optic,No,No,Yes,No,Yes,Yes,Month-to-month,No,Credit card (automatic),105.27,4035.21
2770-KMWB,Male,0,No,No,31,Yes,No,Fiber optic,No,No,No,Yes,Yes,No,Month-to-month,Yes,Electronic check,91.06,2720.96
8166-GNOP,Male,0,Yes,No,6,Yes,No,DSL,No,No,No,No,No,Yes,One year,No,Mailed check,60.3,344.55
4172-XYLL,Male,0,Yes,No,25,Yes,No,DSL,No,No,No,No,Yes,Yes,Month-to-month,No,Electronic check,77.66,1868.04
3602-QSZO,Male,1,No,No,4,Yes,Yes,Fiber optic,No,Yes,Yes,No,Yes,No,Month-to-month,No,Credit card (automatic),96.17,387.49
2397-AZKQ,Female,0,No,No,12,Yes,No,Fiber optic,No,No,Yes,No,Yes,No,Month-to-month,Yes,Bank transfer (automatic),96.13,1110.28
6842-GOOE,Female,0,No,Yes,18,Yes,No,Fiber optic,No,No,No,No,No,Yes,Month-to-month,Yes,Electronic check,87.7,1599.33
9513-JKYU,Male,0,No,No,20,Yes,Yes,Fiber optic,No,No,No,No,Yes,Yes,Month-to-month,No,Credit card (automatic),102.02,1777.87
6087-JGXZ,Female,0,No,No,11,Yes,Yes,DSL,Yes,No,Yes,No,No,Yes,Month-to-month,No,Bank transfer (automatic),81.04,833.47
8586-SWXT,Male,0,No,No,1,Yes,Yes,Fiber optic,No,Yes,No,Yes,Yes,No,Two year,Yes,Mailed check,101.22,100.67
7560-TXZV,Female,0,No,No,22,Yes,Yes,Fiber optic,No,No,No,No,No,No,Month-to-month,Yes,Bank transfer (automatic),84.83,1797.33
5551-NFNJ,Female,0,Yes,Yes,15,Yes,Yes,DSL,No,No,Yes,Yes,Yes,Yes,Month-to-month,No,Mailed check,85.63,1344.55
4701-KPNQ,Male,0,No,No,25,Yes,Yes,Fiber optic,No,Yes,Yes,Yes,No,Yes,Month-to-month,No,Credit card (automatic),109.01,2455.54
3490-HBXK,Female,0,No,Yes,37,Yes,No,DSL,Yes,Yes,No,No,No,No,Month-to-month,Yes,Mailed check,64.18,2230.0
3556-EDNL,Male,0,No,No,12,Yes,No,Fiber optic,No,No,No,No,Yes,Yes,Month-to-month,Yes,Electronic check,98.19,1132.81
9194-WZAS,Female,1,Yes,No,32,Yes,Yes,No,No internet service,No internet service,No internet service,No internet service,No internet service,No internet service,Month-to-month,Yes,Mailed check,33.35,1074.98
9102-BBHU,Male,0,Yes,No,25,No,No phone service,Fiber optic,Yes,Yes,No,Yes,No,No,Month-to-month,Yes,Electronic check,82.37,2080.45
7894-MHXN,Female,1,No,No,18,Yes,Yes,DSL,No,No,No,No,Yes,No,Month-to-month,Yes,Bank transfer (automatic),66.44,1189.7
5887-YPMW,Male,1,Yes,No,46,Yes,Yes,Fiber optic,No,Yes,No,Yes,Yes,No,Month-to-month,Yes,Electronic check,91.87,4056.86
3123-IVUS,Female,0,No,No,12,Yes,Yes,Fiber optic,No,No,No,No,Yes,No,Month-to-month,No,Electronic check,94.4,1201.9
3179-UZRI,Male,0,Yes,Yes,17,Yes,No,Fiber optic,Yes,No,No,No,Yes,Yes,Month-to-month,No,Electronic check,98.67,1597.16
2376-NLOX,Female,0,No,No,17,Yes,No,Fiber optic,Yes,Yes,No,Yes,Yes,Yes,Month-to-month,Yes,Electronic check,107.62,1841.31
2187-YSBR,Male,0,Yes,No,57,Yes,No,DSL,No,No,Yes,Yes,Yes,No,Month-to-month,Yes,Bank transfer (automatic),72.18,3746.15
6711-IDRU,Female,0,No,No,30,Yes,No,Fiber optic,No,Yes,Yes,Yes,No,Yes,Month-to-month,Yes,Credit card (automatic),97.34,2929.3
9879-CNJZ,Female,0,Yes,No,17,Yes,Yes,Fiber optic,Yes,Yes,Yes,Yes,No,No,Month-to-month,Yes,Credit card (automatic),99.13,1527.19
1118-ALYE,Female,0,Yes,Yes,16,Yes,Yes,DSL,No,Yes,Yes,No,Yes,No,Month-to-month,No,Credit card (automatic),76.31,1141.7
7493-ZWMI,Male,0,No,No,11,Yes,No,Fiber optic,Yes,No,Yes,No,Yes,Yes,One year,Yes,Electronic check,95.23,1061.15
6971-UWSK,Male,1,No,No,43,Yes,Yes,DSL,No,No,No,No,Yes,Yes,Two year,Yes,Electronic check,69.65,2994.43
6609-RCWD,Female,0,Yes,No,67,Yes,No,DSL,Yes,Yes,No,No,Yes,Yes,Month-to-month,Yes,Electronic check,75.55,4872.01
3612-FHPW,Male,0,No,No,17,Yes,No,Fiber optic,No,No,No,No,Yes,Yes,Month-to-month,No,Credit card (automatic),92.53,1508.77
4489-HJMZ,Male,0,No,Yes,41,Yes,Yes,DSL,No,No,No,Yes,Yes,Yes,Month-to-month,Yes,Mailed check,77.93,2981.64
1703-QNKR,Male,0,Yes,Yes,28,Yes,Yes,Fiber optic,No,No,No,Yes,Yes,No,Month-to-month,No,Mailed check,93.58,2727.41
7885-CHLM,Female,0,No,No,23,Yes,No,Fiber optic,No,Yes,Yes,No,Yes,Yes,Month-to-month,Yes,Credit card (automatic),100.07,2283.4
4292-QEYC,Female,1,Yes,Yes,7,Yes,No,Fiber optic,No,Yes,Yes,No,No,No,Month-to-month,Yes,Bank transfer (automatic),82.63,571.74
6324-HUCT,Female,0,No,No,26,Yes,Yes,DSL,No,Yes,No,No,No,Yes,One year,Yes,Mailed check,69.28,1682.11
7619-GYAD,Male,0,Yes,No,39,Yes,Yes,Fiber optic,No,No,No,No,No,Yes,Month-to-month,No,Electronic check,78.91,2928.13
7015-PAKB,Female,1,Yes,No,6,Yes,No,No,No internet service,No internet service,No internet service,No internet service,No internet service,No internet service,Two year,Yes,Bank transfer (automatic),30.57,176.59
4635-GQKM,Female,0,Yes,No,14,Yes,Yes,Fiber optic,No,Yes,No,Yes,No,Yes,One year,Yes,Electronic check,92.86,1330.68
1755-ICUK,Female,0,No,No,22,Yes,No,No,No internet service,No internet service,No internet service,No internet service,No internet service,No internet service,Month-to-month,No,Electronic check,32.89,664.12
5123-GPXG,Male,0,No,No,21,Yes,Yes,Fiber optic,No,Yes,No,Yes,Yes,Yes,Two year,Yes,Electronic check,106.59,1974.56
3565-GKAD,Male,0,Yes,No,17,Yes,No,Fiber optic,No,No,No,No,Yes,Yes,Month-to-month,No,Credit card (automatic),86.36,1480.65
3808-WSTX,Female,0,No,No,61,Yes,No,Fiber optic,Yes,Yes,No,No,Yes,Yes,Month-to-month,No,Credit card (automatic),100.04,5820.45
8851-BVDB,Female,0,Yes,No,30,No,No phone service,Fiber optic,No,Yes,Yes,Yes,Yes,No,Two year,Yes,Bank transfer (automatic),90.55,2523.63
2335-NLHC,Female,0,No,No,34,Yes,No,Fiber optic,No,No,No,Yes,Yes,Yes,Month-to-month,No,Bank transfer (automatic),96.33,3439.11
3209-XKBJ,Male,0,No,Yes,26,Yes,Yes,DSL,No,Yes,Yes,No,Yes,Yes,One year,Yes,Bank transfer (automatic),86.24,2191.15
6278-PPHB,Female,0,No,Yes,14,No,No phone service,DSL,No,Yes,Yes,No,Yes,Yes,One year,Yes,Electronic check,75.24,1010.28
1208-JOKL,Female,0,No,Yes,9,Yes,No,Fiber optic,No,Yes,No,No,Yes,No,One year,Yes,Credit card (automatic),91.26,743.38
2356-YIHG,Male,0,No,No,29,Yes,No,Fiber optic,No,No,No,No,No,No,Month-to-month,Yes,Electronic check,80.52,2323.13
3141-VPJN,Male,0,No,No,26,Yes,Yes,Fiber optic,No,Yes,Yes,No,Yes,Yes,Month-to-month,Yes,Electronic check,113.28,2912.52
3279-RCFL,Male,0,No,No,2,Yes,No,Fiber optic,No,Yes,No,No,Yes,Yes,Month-to-month,Yes,Electronic check,100.92,191.98
7982-LJPH,Female,0,No,No,37,Yes,Yes,DSL,No,No,No,Yes,Yes,No,Month-to-month,Yes,Mailed check,80.0,2713.18
7461-DPYN,Female,0,Yes,No,9,Yes,No,DSL,No,No,No,No,Yes,No,One year,Yes,Electronic check,61.76,555.17
5356-IYXD,Female,0,No,No,3,Yes,No,Fiber optic,Yes,Yes,Yes,No,Yes,No,Two year,Yes,Electronic check,97.57,278.27
2374-EERX,Female,0,No,No,16,Yes,No,DSL,Yes,Yes,No,No,No,Yes,Month-to-month,Yes,Credit card (automatic),67.24,1003.06
1213-FBQQ,Female,0,Yes,No,39,Yes,No,Fiber optic,No,No,Yes,No,Yes,No,Month-to-month,Yes,Bank transfer (automatic),93.36,3474.56
9570-STNG,Male,1,Yes,No,33,Yes,No,DSL,No,No,No,No,Yes,No,Month-to-month,Yes,Electronic check,61.16,2040.45
5830-YZXD,Male,0,No,No,43,Yes,No,Fiber optic,No,No,No,Yes,Yes,Yes,Two year,Yes,Bank transfer (automatic),95.94,4052.26
3938-YHBP,Female,0,Yes,No,61,Yes,Yes,Fiber optic,No,Yes,Yes,No,Yes,No,Month-to-month,Yes,Electronic check,101.58,6169.92
6499-XQGZ,Male,1,Yes,No,27,Yes,No,DSL,No,Yes,No,No,Yes,Yes,Month-to-month,No,Bank transfer (automatic),75.1,1929.72
6528-FFUG,Female,1,Yes,No,47,Yes,Yes,DSL,No,Yes,No,Yes,No,Yes,Month-to-month,Yes,Electronic check,74.63,3384.26
9905-NPZT,Female,0,No,No,42,Yes,Yes,Fiber optic,No,No,No,No,Yes,Yes,Month-to-month,Yes,Electronic check,96.62,3741.19
8237-KRCK,Female,0,No,Yes,32,Yes,Yes,DSL,No,Yes,No,No,No,No,Month-to-month,Yes,Electronic check,58.99,1935.41
1741-CLJE,Male,0,No,No,11,Yes,No,Fiber optic,Yes,No,Yes,No,Yes,Yes,Month-to-month,No,Credit card (automatic),103.94,1122.68
1992-PLMI,Female,1,Yes,No,27,Yes,No,DSL,No,Yes,No,No,Yes,Yes,Month-to-month,Yes,Mailed check,70.47,1845.02
9762-CZJO,Female,0,Yes,Yes,38,Yes,Yes,No,No internet service,No internet service,No internet service,No internet service,No internet service,No internet service,Month-to-month,Yes,Mailed check,33.59,1222.93
7636-TXBM,Male,0,No,No,10,Yes,Yes,Fiber optic,No,No,No,No,Yes,Yes,Month-to-month,No,Bank transfer (automatic),91.2,835.74
9414-XWTD,Male,1,Yes,No,36,Yes,Yes,DSL,Yes,No,No,Yes,Yes,No,Month-to-month,Yes,Mailed check,84.56,2769.06
5258-GOJN,Male,0,Yes,No,34,Yes,Yes,Fiber optic,No,No,No,Yes,No,Yes,Month-to-month,Yes,Mailed check,92.51,2922.44
9488-GAZE,Female,0,Yes,No,2,Yes,Yes,Fiber optic,Yes,Yes,No,No,Yes,Yes,Month-to-month,Yes,Mailed check,102.84,208.83
3489-ANIG,Male,0,Yes,Yes,7,Yes,No,Fiber optic,No,Yes,Yes,No,No,No,Two year,Yes,Bank transfer (automatic),88.54,573.77
6649-IKJK,Female,0,Yes,No,42,No,No phone service,DSL,No,No,No,No,No,Yes,Month-to-month,Yes,Credit card (automatic),53.13,2193.61
1166-NJKB,Female,1,Yes,No,10,Yes,No,Fiber optic,No,Yes,Yes,No,Yes,No,Month-to-month,Yes,Bank transfer (automatic),99.58,996.52
6588-BMXW,Female,0,No,No,6,No,No phone service,Fiber optic,Yes,No,No,Yes,Yes,No,Two year,Yes,Credit card (automatic),87.1,502.19
6031-HQXC,Male,0,Yes,Yes,53,Yes,Yes,DSL,No,Yes,Yes,Yes,Yes,Yes,Month-to-month,Yes,Credit card (automatic),87.91,4781.87
1425-FGKQ,Male,0,Yes,No,8,Yes,No,DSL,No,No,No,Yes,No,No,Two year,Yes,Electronic check,63.91,490.47
9182-TRNF,Female,0,Yes,No,20,Yes,No,No,No internet service,No internet service,No internet service,No internet service,No internet service,No internet service,Month-to-month,Yes,Electronic check,31.41,621.84
2640-OEJH,Female,1,Yes,No,21,Yes,Yes,Fiber optic,No,Yes,No,No,Yes,No,Month-to-month,Yes,Mailed check,100.16,2027.05
4364-OKVT,Female,0,Yes,No,41,Yes,No,Fiber optic,No,Yes,No,Yes,Yes,No,Month-to-month,Yes,Bank transfer (automatic),98.39,3998.19
3518-VDGP,Female,0,No,Yes,33,Yes,No,DSL,No,No,No,No,Yes,Yes,Month-to-month,Yes,Mailed check,76.01,2421.9
7416-ZUHF,Female,0,No,No,24,Yes,Yes,Fiber optic,Yes,No,No,Yes,Yes,Yes,Month-to-month,Yes,Electronic check,113.96,2607.26
6868-CROP,Male,0,Yes,Yes,32,Yes,No,DSL,No,Yes,Yes,Yes,Yes,No,One year,No,Electronic check,80.91,2615.98
9333-LTEK,Male,0,No,Yes,46,Yes,Yes,Fiber optic,No,No,No,Yes,Yes,Yes,One year,No,Electronic check,100.4,4391.51
3728-CEXA,Female,0,Yes,No,6,Yes,No,DSL,No,Yes,No,No,Yes,No,Month-to-month,Yes,Electronic check,66.7,397.5
2960-CZTP,Female,0,Yes,Yes,33,Yes,Yes,Fiber optic,No,No,No,No,Yes,Yes,One year,No,Mailed check,88.55,2926.87
6504-RCPW,Male,0,No,No,26,Yes,Yes,Fiber optic,Yes,No,No,No,No,Yes,Month-to-month,Yes,Credit card (automatic),95.48,2403.94
6825-DAGI,Female,0,No,No,41,Yes,No,No,No internet service,No internet service,No internet service,No internet service,No internet service,No internet service,Month-to-month,No,Electronic check,35.33,1411.37
4552-LJMD,Female,0,Yes,No,13,Yes,Yes,Fiber optic,No,Yes,Yes,No,Yes,Yes,Month-to-month,No,Electronic check,103.33,1238.29
9032-NYQJ,Female,0,Yes,No,4,Yes,No,DSL,No,No,No,No,Yes,No,One year,Yes,Mailed check,62.65,229.21
4150-WNIK,Female,0,Yes,No,4,Yes,Yes,No,No internet service,No internet service,No internet service,No internet service,No internet service,No internet service,Month-to-month,Yes,Bank transfer (automatic),38.77,143.77
5503-NLVU,Male,1,No,No,23,Yes,Yes,Fiber optic,No,Yes,Yes,No,No,No,One year,No,Mailed check,91.59,2062.87
1807-ZCKB,Female,0,Yes,No,2,Yes,Yes,Fiber optic,No,No,Yes,No,No,Yes,One year,Yes,Mailed check,99.34,190.26
1643-BQFZ,Male,0,No,No,42,Yes,Yes,DSL,Yes,Yes,No,No,No,No,Two year,No,Credit card (automatic),70.88,2878.03
7262-NHWC,Female,0,No,No,6,Yes,Yes,Fiber optic,No,Yes,Yes,No,Yes,Yes,Month-to-month,No,Electronic check,104.19,623.73
1942-NCFE,Male,0,No,No,20,Yes,No,Fiber optic,Yes,Yes,No,No,No,No,Month-to-month,Yes,Mailed check,86.88,1730.34
7287-UGQE,Male,0,No,No,36,Yes,No,DSL,Yes,Yes,Yes,Yes,No,No,Month-to-month,No,Mailed check,64.02,2192.94
5801-YIMC,Male,1,Yes,No,6,Yes,No,No,No internet service,No internet service,No internet service,No internet service,No internet service,No internet service,Month-to-month,No,Bank transfer (automatic),29.49,159.59
8816-BQCV,Male,0,No,No,20,Yes,No,No,No internet service,No internet service,No internet service,No internet service,No internet service,No internet service,Month-to-month,Yes,Credit card (automatic),30.85,609.33
2717-DPAN,Male,0,Yes,No,7,Yes,Yes,Fiber optic,No,No,Yes,No,No,Yes,Month-to-month,No,Electronic check,94.11,628.46
2161-KBGU,Male,0,No,No,37,Yes,Yes,Fiber optic,No,No,Yes,Yes,Yes,No,Two year,Yes,Mailed check,94.92,3369.38
1102-IUPI,Female,1,No,No,4,Yes,Yes,Fiber optic,No,No,No,No,Yes,Yes,Month-to-month,No,Credit card (automatic),99.85,357.74
8893-AVCX,Male,0,Yes,No,13,Yes,No,Fiber optic,No,No,Yes,No,No,No,Month-to-month,Yes,Electronic check,83.28,1064.5
6380-FROT,Male,0,No,No,29,Yes,Yes,Fiber optic,No,Yes,Yes,Yes,Yes,No,Month-to-month,Yes,Electronic check,103.8,2771.01
4988-UVWJ,Male,0,Yes,Yes,18,Yes,No,DSL,Yes,No,No,Yes,No,No,Two year,No,Credit card (automatic),62.02,1072.26
5657-TVGI,Male,0,Yes,No,62,Yes,Yes,Fiber optic,No,No,Yes,No,Yes,No,One year,Yes,Bank transfer (automatic),93.84,5467.0
6121-WDKL,Male,0,No,No,31,Yes,No,No,No internet service,No internet service,No internet service,No internet service,No internet service,No internet service,Month-to-month,Yes,Electronic check,29.03,873.85
5981-RZNM,Female,0,Yes,Yes,6,Yes,No,Fiber optic,No,Yes,No,No,Yes,No,Month-to-month,Yes,Electronic check,83.5,474.89
8416-DXZK,Female,0,Yes,No,54,No,No phone service,Fiber optic,Yes,Yes,No,Yes,No,Yes,Month-to-month,Yes,Credit card (automatic),87.77,5094.0
7309-TSZZ,Female,0,No,No,51,Yes,No,DSL,No,Yes,No,Yes,Yes,No,Month-to-month,No,Bank transfer (automatic),72.77,3210.87
7772-TMMI,Male,0,Yes,Yes,21,Yes,No,Fiber optic,No,No,Yes,No,No,Yes,Month-to-month,No,Credit card (automatic),92.08,1832.35
7432-OGMB,Male,0,No,No,25,Yes,Yes,Fiber optic,No,No,Yes,No,Yes,Yes,Month-to-month,No,Mailed check,90.62,2127.41
3704-SBCD,Male,1,No,No,3,Yes,Yes,Fiber optic,Yes,Yes,No,No,Yes,No,Month-to-month,No,Electronic check,100.2,301.21
4590-UBQB,Male,1,No,Yes,34,Yes,No,DSL,No,No,No,No,No,Yes,One year,Yes,Credit card (automatic),66.34,2248.8
4620-FBUL,Female,0,No,No,18,Yes,Yes,Fiber optic,Yes,No,Yes,No,No,No,One year,Yes,Electronic check,92.39,1532.39
9378-TSIP,Female,0,Yes,Yes,11,No,No phone service,Fiber optic,Yes,Yes,Yes,Yes,Yes,Yes,Month-to-month,No,Electronic check,110.82,1202.67
1279-KJFT,Male,0,No,No,40,Yes,Yes,Fiber optic,No,No,No,No,Yes,No,Month-to-month,No,Electronic check,92.27,3438.09
7810-LBSB,Female,1,Yes,Yes,27,Yes,No,Fiber optic,No,Yes,No,Yes,Yes,No,Month-to-month,Yes,Electronic check,90.14,2330.09
1456-ENAE,Female,0,Yes,No,21,Yes,Yes,Fiber optic,Yes,No,No,No,No,Yes,Month-to-month,No,Electronic check,93.39,1818.21
1179-HATT,Female,0,No,No,48,Yes,Yes,Fiber optic,No,No,No,Yes,No,No,Month-to-month,No,Electronic check,91.92,4238.68
9912-LSZT,Female,0,No,No,20,Yes,No,Fiber optic,No,Yes,No,No,Yes,Yes,Month-to-month,Yes,Bank transfer (automatic),93.0,1747.3
5452-SXMJ,Male,0,Yes,No,25,Yes,Yes,Fiber optic,Yes,No,No,Yes,No,No,Month-to-month,Yes,Credit card (automatic),87.78,2149.63
5598-EAIY,Male,0,No,Yes,23,Yes,Yes,Fiber optic,Yes,No,No,No,Yes,No,Month-to-month,Yes,Electronic check,98.99,2078.77
4239-DNUZ,Female,0,Yes,No,7,Yes,No,Fiber optic,No,No,No,No,Yes,Yes,Two year,Yes,Credit card (automatic),98.03,623.94
2438-LRPR,Female,0,No,No,1,Yes,Yes,Fiber optic,No,No,No,Yes,Yes,Yes,One year,No,Mailed check,97.88,97.53
1220-VDYH,Female,0,No,No,19,Yes,Yes,DSL,No,No,No,No,No,Yes,Month-to-month,Yes,Credit card (automatic),65.58,1212.43
6767-LXFK,Male,0,No,No,5,Yes,Yes,Fiber optic,Yes,No,No,Yes,Yes,Yes,Month-to-month,Yes,Electronic check,99.85,501.83
2251-KEFX,Female,0,Yes,No,23,Yes,Yes,Fiber optic,No,No,Yes,No,Yes,Yes,Month-to-month,Yes,Electronic check,95.39,2063.67
9782-SZNF,Female,0,No,No,21,Yes,No,DSL,No,Yes,Yes,No,Yes,Yes,Month-to-month,Yes,Electronic check,79.14,1735.98
7377-HEZM,Female,0,No,No,48,No,No phone service,Fiber optic,No,No,Yes,No,Yes,No,Month-to-month,Yes,Credit card (automatic),80.09,3599.88
6699-QQKD,Female,0,No,No,25,Yes,No,DSL,No,Yes,No,No,Yes,No,Two year,No,Mailed check,73.01,1768.64
8122-DNKA,Female,0,Yes,Yes,56,Yes,No,DSL,No,Yes,No,Yes,Yes,No,Month-to-month,Yes,Bank transfer (automatic),76.64,4136.21
3588-OWXY,Female,0,Yes,No,18,Yes,No,Fiber optic,Yes,No,No,No,No,Yes,One year,Yes,Bank transfer (automatic),91.99,1572.1
8619-GQXC,Male,1,No,Yes,31,Yes,Yes,DSL,No,Yes,Yes,No,No,No,One year,Yes,Bank transfer (automatic),72.74,2283.27
3544-LQOB,Male,0,No,No,18,Yes,No,DSL,No,No,Yes,No,Yes,No,Month-to-month,Yes,Electronic check,66.32,1059.05
6114-YPEZ,Male,0,No,No,17,No,No phone service,Fiber optic,Yes,Yes,Yes,No,No,No,Month-to-month,No,Mailed check,88.12,1612.83
9155-BXXQ,Male,0,Yes,No,37,Yes,Yes,Fiber optic,No,Yes,Yes,Yes,No,No,Month-to-month,Yes,Credit card (automatic),100.18,3657.04
5323-TRJN,Male,0,Yes,No,17,Yes,No,Fiber optic,No,No,No,No,No,No,Month-to-month,Yes,Bank transfer (automatic),69.52,1150.11
7692-KRXI,Female,0,No,Yes,18,Yes,Yes,DSL,No,No,Yes,No,No,Yes,Month-to-month,Yes,Mailed check,67.19,1174.81
7716-VPKR,Female,0,Yes,Yes,48,Yes,No,Fiber optic,Yes,Yes,Yes,No,No,No,Month-to-month,No,Credit card (automatic),87.36,4471.08
9243-ZZBH,Female,0,No,No,44,Yes,Yes,Fiber optic,No,No,Yes,Yes,Yes,No,Month-to-month,Yes,Electronic check,98.55,4404.39
3384-GMAL,Male,0,No,No,44,Yes,No,Fiber optic,No,No,Yes,Yes,Yes,Yes,Month-to-month,No,Electronic check,102.65,4399.82
7572-CUVM,Female,1,No,No,45,Yes,Yes,Fiber optic,Yes,No,Yes,Yes,Yes,No,Month-to-month,No,Credit card (automatic),104.23,4370.05
5673-EEQG,Female,0,No,No,4,Yes,No,DSL,No,No,No,Yes,No,Yes,Month-to-month,Yes,Electronic check,66.82,242.68
3993-DPDW,Male,0,No,No,38,Yes,Yes,Fiber optic,Yes,No,No,No,Yes,Yes,Month-to-month,Yes,Electronic check,102.74,3647.32
5235-DLOD,Male,0,No,Yes,12,Yes,Yes,No,No internet service,No internet service,No internet service,No internet service,No internet service,No internet service,Month-to-month,Yes,Credit card (automatic),38.04,435.66
8804-ALOK,Male,1,Yes,No,32,Yes,Yes,DSL,No,No,No,No,Yes,No,Month-to-month,No,Bank transfer (automatic),58.29,1900.7
4823-BWLX,Female,0,No,No,37,Yes,Yes,Fiber optic,Yes,No,Yes,No,No,No,One year,Yes,Electronic check,84.76,2865.72
5374-WDVP,Female,0,No,Yes,21,Yes,No,Fiber optic,No,Yes,No,No,Yes,Yes,Month-to-month,Yes,Bank transfer (automatic),99.56,2078.27
6832-KLKW,Male,1,No,Yes,21,Yes,No,DSL,No,No,No,No,Yes,No,Month-to-month,No,Credit card (automatic),64.76,1436.57
8710-QVPR,Male,0,No,No,39,Yes,Yes,DSL,Yes,Yes,No,No,No,Yes,Two year,No,Electronic check,77.29,2973.44
3455-OMDR,Male,0,No,No,32,No,No phone service,Fiber optic,Yes,No,No,Yes,Yes,Yes,One year,Yes,Electronic check,92.23,2869.28
2812-WIHR,Male,1,No,Yes,9,Yes,Yes,Fiber optic,No,No,Yes,Yes,No,Yes,Month-to-month,Yes,Electronic check,94.42,899.88
9038-HEFN,Male,1,Yes,No,20,Yes,No,DSL,Yes,Yes,Yes,Yes,Yes,No,Month-to-month,Yes,Electronic check,82.11,1624.21
7009-OKGQ,Male,1,No,Yes,58,No,No phone service,DSL,No,No,Yes,No,Yes,Yes,Month-to-month,Yes,Credit card (automatic),63.3,3508.61
2372-SPZY,Female,0,Yes,No,62,Yes,No,DSL,Yes,Yes,Yes,Yes,Yes,Yes,Month-to-month,No,Bank transfer (automatic),81.34,4779.46
3227-VYAT,Male,0,No,No,35,Yes,Yes,Fiber optic,No,Yes,Yes,No,No,No,Two year,Yes,Electronic check,85.34,2725.91
7516-LXBI,Female,0,No,Yes,59,Yes,No,DSL,No,Yes,No,Yes,Yes,Yes,Two year,Yes,Electronic check,78.54,4548.62
6922-GTCV,Male,0,Yes,No,24,Yes,Yes,Fiber optic,No,No,No,Yes,Yes,Yes,Month-to-month,Yes,Mailed check,107.94,2564.19
3372-WRKW,Female,0,Yes,No,7,Yes,No,Fiber optic,No,No,No,No,No,Yes,Month-to-month,Yes,Bank transfer (automatic),89.8,613.55
2300-RWZH,Male,0,No,Yes,4,Yes,No,Fiber optic,No,Yes,No,Yes,Yes,No,Month-to-month,No,Electronic check,89.77,360.46
5613-SFMR,Male,0,Yes,No,4,Yes,No,Fiber optic,Yes,No,Yes,No,No,Yes,One year,Yes,Bank transfer (automatic),89.66,337.42
6092-YMZL,Male,0,No,No,33,Yes,No,Fiber optic,No,No,Yes,No,No,Yes,Two year,Yes,Electronic check,88.44,2859.43
5348-VZGA,Male,0,Yes,No,11,Yes,No,No,No internet service,No internet service,No internet service,No internet service,No internet service,No internet service,Month-to-month,Yes,Credit card (automatic),26.91,269.35
8360-WXEZ,Female,0,Yes,No,40,Yes,Yes,Fiber optic,No,Yes,Yes,Yes,No,No,Month-to-month,No,Bank transfer (automatic),94.79,3633.53
6836-SPRK,Male,0,No,No,40,No,No phone service,Fiber optic,Yes,No,Yes,No,Yes,No,One year,No,Electronic check,88.04,3395.71
8387-JWJX,Male,0,No,No,47,Yes,Yes,Fiber optic,No,No,Yes,Yes,Yes,Yes,Month-to-month,Yes,Credit card (automatic),106.05,4924.58
6394-DLRT,Male,0,No,No,48,Yes,Yes,DSL,No,No,No,No,Yes,No,One year,Yes,Mailed check,67.36,3165.99
5083-PEII,Male,1,Yes,Yes,30,No,No phone service,Fiber optic,No,No,Yes,Yes,No,Yes,Month-to-month,No,Electronic check,82.38,2733.69
6096-VEGU,Female,0,No,No,4,Yes,Yes,DSL,No,No,No,No,No,No,Month-to-month,Yes,Electronic check,60.36,240.29
7054-GMRO,Male,1,Yes,No,36,Yes,No,Fiber optic,No,Yes,Yes,Yes,Yes,Yes,Month-to-month,Yes,Credit card (automatic),98.07,3133.8
2889-NRGQ,Female,0,Yes,No,23,Yes,No,Fiber optic,No,No,Yes,Yes,Yes,Yes,Two year,Yes,Electronic check,106.09,2442.17
6302-GEKK,Male,0,No,No,5,Yes,Yes,Fiber optic,No,No,Yes,No,Yes,Yes,Month-to-month,Yes,Bank transfer (automatic),98.35,472.22
8068-JBTT,Female,0,Yes,Yes,4,Yes,Yes,Fiber optic,No,Yes,Yes,No,Yes,Yes,One year,No,Credit card (automatic),102.15,407.03
3952-YMDZ,Male,0,Yes,No,44,Yes,Yes,Fiber optic,Yes,No,No,Yes,No,No,Month-to-month,Yes,Electronic check,89.58,3772.9
2536-SEWF,Male,0,No,No,30,Yes,No,No,No internet service,No internet service,No internet service,No internet service,No internet service,No internet service,Month-to-month,Yes,Electronic check,27.76,787.93
4159-VCOJ,Female,1,Yes,Yes,23,Yes,Yes,Fiber optic,No,No,Yes,Yes,No,Yes,Two year,Yes,Electronic check,98.07,2179.88
5138-WHJD,Male,1,No,Yes,49,Yes,Yes,Fiber optic,Yes,Yes,No,Yes,Yes,Yes,Two year,Yes,Electronic check,111.17,5416.65
2047-WGYN,Female,0,No,No,24,Yes,Yes,No,No internet service,No internet service,No internet service,No internet service,No internet service,No internet service,Month-to-month,Yes,Credit card (automatic),43.1,941.01
1693-DJTU,Female,0,No,Yes,42,Yes,Yes,DSL,No,Yes,No,No,Yes,No,One year,Yes,Credit card (automatic),67.46,2690.22
8593-QHVE,Female,0,No,No,3,Yes,No,Fiber optic,No,No,No,Yes,Yes,Yes,Month-to-month,Yes,Mailed check,97.01,291.97
1045-SEYW,Male,1,No,Yes,47,No,No phone service,Fiber optic,Yes,Yes,No,No,Yes,Yes,One year,Yes,Bank transfer (automatic),86.42,4078.54
2325-OTPM,Female,1,No,No,19,Yes,Yes,Fiber optic,Yes,No,Yes,Yes,Yes,No,One year,No,Mailed check,103.71,1807.95
8480-EEUO,Female,1,No,No,43,No,No phone service,Fiber optic,No,Yes,No,No,No,Yes,Month-to-month,Yes,Credit card (automatic),82.27,3312.38
1984-DTPL,Male,0,Yes,Yes,69,Yes,No,DSL,No,Yes,No,No,No,No,Month-to-month,No,Bank transfer (automatic),57.93,3902.34
6888-CZAZ,Male,0,Yes,No,15,Yes,Yes,Fiber optic,No,No,Yes,Yes,Yes,No,Month-to-month,Yes,Electronic check,101.06,1405.86
4069-HGZQ,Male,0,No,No,14,Yes,Yes,Fiber optic,No,No,No,Yes,Yes,Yes,Month-to-month,No,Electronic check,97.62,1366.32
4764-HNGO,Male,0,No,No,10,Yes,No,DSL,No,Yes,Yes,No,Yes,Yes,Month-to-month,Yes,Electronic check,77.31,739.09
7994-FNON,Female,1,No,No,18,Yes,Yes,Fiber optic,No,No,Yes,Yes,Yes,No,Month-to-month,Yes,Bank transfer (automatic),103.23,1866.13
9849-WKEG,Male,0,Yes,No,63,Yes,Yes,DSL,Yes,No,Yes,No,Yes,Yes,Month-to-month,Yes,Mailed check,91.3,5214.97
3670-HCRE,Male,0,No,No,49,Yes,No,Fiber optic,No,No,No,Yes,No,No,Two year,No,Mailed check,78.71,3736.98
8826-IQXC,Female,0,No,No,4,Yes,No,Fiber optic,No,No,No,No,Yes,Yes,Month-to-month,No,Electronic check,93.51,393.6
2887-XJMQ,Male,0,No,Yes,11,Yes,No,Fiber optic,No,Yes,No,No,No,No,Two year,Yes,Electronic check,83.86,872.55
5030-THSO,Female,0,Yes,No,50,Yes,No,No,No internet service,No internet service,No internet service,No internet service,No internet service,No internet service,Month-to-month,Yes,Electronic check,30.76,1475.43
6824-OUFI,Male,1,No,No,9,Yes,No,DSL,Yes,Yes,No,No,No,Yes,Month-to-month,Yes,Mailed check,72.75,600.13
4458-FPEZ,Male,1,Yes,Yes,54,Yes,Yes,No,No internet service,No internet service,No internet service,No internet service,No internet service,No internet service,Month-to-month,Yes,Mailed check,35.81,1796.7
8468-EYVG,Male,1,No,No,31,Yes,Yes,Fiber optic,No,Yes,No,No,Yes,No,One year,Yes,Electronic check,91.23,2604.22
1516-BVPV,Female,0,Yes,No,27,Yes,No,Fiber optic,No,Yes,No,No,No,Yes,Month-to-month,No,Mailed check,95.1,2431.9
7638-NIEB,Female,0,Yes,No,14,Yes,Yes,DSL,Yes,No,No,No,Yes,Yes,Month-to-month,No,Electronic check,73.72,992.91
4358-HDKO,Male,0,No,No,35,Yes,No,Fiber optic,No,No,Yes,Yes,Yes,No,Month-to-month,No,Mailed check,98.09,3166.46
1753-RXGD,Male,0,No,No,37,No,No phone service,Fiber optic,No,No,No,No,Yes,Yes,One year,No,Mailed check,87.68,2892.86
3078-ZTQA,Female,0,Yes,Yes,35,Yes,Yes,Fiber optic,No,Yes,No,Yes,Yes,Yes,Two year,Yes,Credit card (automatic),109.51,3635.06
5894-LFYV,Female,0,No,No,3,Yes,No,No,No internet service,No internet service,No internet service,No internet service,No internet service,No internet service,Two year,No,Bank transfer (automatic),34.32,100.14
6284-JWOW,Female,0,Yes,Yes,31,Yes,No,No,No internet service,No internet service,No internet service,No internet service,No internet service,No internet service,One year,Yes,Mailed check,33.94,1030.1
3701-RKYA,Male,0,No,No,9,Yes,No,Fiber optic,No,Yes,No,Yes,Yes,Yes,Month-to-month,No,Bank transfer (automatic),97.9,858.1
2414-HRWQ,Female,0,Yes,Yes,27,No,No phone service,DSL,Yes,Yes,No,Yes,Yes,No,Month-to-month,Yes,Credit card (automatic),62.91,1632.35
3029-CXJS,Male,0,Yes,No,12,Yes,Yes,Fiber optic,No,Yes,No,Yes,Yes,Yes,Month-to-month,Yes,Mailed check,108.87,1344.78
9971-XHST,Male,0,No,No,52,Yes,Yes,Fiber optic,No,No,Yes,No,Yes,No,Month-to-month,No,Credit card (automatic),86.7,4654.76
6619-IMHL,Male,0,No,No,38,Yes,No,DSL,No,No,Yes,No,Yes,Yes,Two year,Yes,Credit card (automatic),70.48,2552.36
3668-GPVY,Male,1,Yes,No,3,Yes,No,DSL,No,No,No,No,No,Yes,Month-to-month,Yes,Bank transfer (automatic),56.6,157.94
8193-EPTP,Male,0,Yes,No,19,Yes,No,Fiber optic,No,Yes,No,Yes,Yes,No,Month-to-month,Yes,Mailed check,92.78,1664.51
6337-XNMT,Female,0,No,No,37,No,No phone service,No,No internet service,No internet service,No internet service,No internet service,No internet service,No internet service,Two year,Yes,Electronic check,28.11,1046.74
5801-CMIN,Male,0,No,No,47,Yes,No,Fiber optic,Yes,Yes,Yes,No,No,Yes,Month-to-month,Yes,Credit card (automatic),96.14,4444.0
9586-ZXKH,Male,1,Yes,No,16,Yes,No,Fiber optic,No,Yes,No,Yes,No,Yes,Month-to-month,Yes,Electronic check,95.74,1489.58
2724-QHYZ,Female,0,No,No,4,Yes,Yes,DSL,No,No,Yes,No,Yes,Yes,Month-to-month,Yes,Electronic check,81.19,308.47
9241-YMOG,Male,0,Yes,No,22,Yes,No,Fiber optic,No,No,No,No,Yes,No,Month-to-month,Yes,Mailed check,85.35,1808.5
6536-YLPQ,Male,0,No,No,34,Yes,Yes,Fiber optic,Yes,No,Yes,Yes,No,Yes,Month-to-month,No,Electronic check,95.9,3065.71
4621-IQAG,Female,0,No,Yes,7,Yes,Yes,Fiber optic,No,No,No,Yes,No,Yes,One year,Yes,Electronic check,92.97,616.92
3164-POLX,Male,0,Yes,No,18,Yes,No,Fiber optic,No,No,Yes,Yes,No,No,Month-to-month,Yes,Electronic check,80.51,1422.42
8342-CGBF,Male,0,Yes,Yes,38,Yes,Yes,Fiber optic,No,No,No,Yes,Yes,Yes,Two year,Yes,Electronic check,101.28,3519.89
2795-ALKS,Male,0,Yes,Yes,11,Yes,Yes,Fiber optic,No,Yes,No,No,No,No,Month-to-month,Yes,Bank transfer (automatic),89.55,982.57
2946-XUHN,Female,0,Yes,No,22,Yes,Yes,Fiber optic,Yes,Yes,Yes,No,Yes,No,Month-to-month,No,Electronic check,101.91,2237.88
2802-VDBO,Male,0,Yes,No,32,Yes,Yes,Fiber optic,No,Yes,Yes,No,No,No,One year,No,Electronic check,88.24,2575.53
8616-JIAJ,Female,0,No,Yes,48,Yes,Yes,DSL,No,No,Yes,No,No,Yes,Two year,Yes,Electronic check,73.29,3423.11
9442-RDPF,Male,0,No,No,46,Yes,No,Fiber optic,No,No,No,No,Yes,Yes,Month-to-month,Yes,Electronic check,88.51,3516.71
3940-IFUL,Female,1,Yes,No,40,Yes,Yes,DSL,Yes,No,Yes,Yes,No,No,Month-to-month,No,Bank transfer (automatic),71.26,2558.82
8678-BBWD,Male,0,No,No,18,Yes,No,Fiber optic,Yes,Yes,Yes,No,Yes,No,One year,Yes,Bank transfer (automatic),92.63,1588.2
4782-GBDM,Female,1,No,No,4,Yes,Yes,Fiber optic,No,No,No,No,Yes,Yes,Month-to-month,Yes,Credit card (automatic),98.67,370.13
3074-LNRM,Female,0,No,No,5,Yes,Yes,Fiber optic,No,Yes,Yes,No,No,Yes,Month-to-month,No,Mailed check,101.37,482.17
8364-NPHM,Male,0,Yes,No,15,Yes,Yes,Fiber optic,Yes,No,No,No,No,No,Two year,Yes,Mailed check,88.32,1202.83
5634-YRVS,Female,0,Yes,No,34,Yes,No,Fiber optic,Yes,Yes,No,No,No,No,Month-to-month,Yes,Electronic check,86.07,2755.91
2934-YZGR,Female,0,No,No,14,Yes,Yes,Fiber optic,No,Yes,Yes,Yes,Yes,Yes,Month-to-month,Yes,Electronic check,107.27,1443.4
9989-OUIK,Female,0,Yes,No,19,Yes,Yes,DSL,No,Yes,No,No,No,No,One year,Yes,Electronic check,67.29,1246.63
9724-QAFA,Female,1,Yes,No,9,Yes,Yes,Fiber optic,No,No,Yes,No,Yes,No,One year,Yes,Bank transfer (automatic),95.11,758.62
1209-SHMU,Female,0,Yes,No,4,Yes,No,DSL,No,No,Yes,No,No,No,Two year,Yes,Electronic check,61.78,225.28
9284-TMYQ,Female,1,No,No,18,Yes,Yes,Fiber optic,Yes,Yes,No,No,Yes,No,One year,Yes,Credit card (automatic),101.98,1810.36
4214-DIGZ,Female,1,Yes,Yes,20,No,No phone service,Fiber optic,No,No,No,Yes,Yes,Yes,Month-to-month,Yes,Mailed check,86.9,1702.54
2000-YOEQ,Male,0,No,Yes,16,Yes,Yes,Fiber optic,No,No,No,Yes,No,Yes,Month-to-month,Yes,Mailed check,93.79,1409.55
1465-JITI,Male,0,No,No,16,Yes,Yes,DSL,No,Yes,Yes,Yes,Yes,Yes,Month-to-month,Yes,Electronic check,82.37,1235.36
2020-ZQRZ,Male,0,Yes,No,14,Yes,Yes,Fiber optic,No,No,No,No,Yes,Yes,Month-to-month,No,Bank transfer (automatic),91.81,1296.03
7481-TSLR,Female,0,No,Yes,38,Yes,Yes,DSL,No,Yes,Yes,No,No,No,Month-to-month,No,Bank transfer (automatic),66.72,2525.23
5074-WUFM,Female,0,No,No,22,Yes,Yes,No,No internet service,No internet service,No internet service,No internet service,No internet service,No internet service,Two year,No,Mailed check,36.13,792.56
5648-CUIY,Male,1,No,No,10,Yes,Yes,Fiber optic,No,Yes,No,No,Yes,Yes,Two year,No,Credit card (automatic),96.19,907.31
6778-XIDL,Female,0,Yes,No,28,Yes,Yes,No,No internet service,No internet service,No internet service,No internet service,No internet service,No internet service,One year,Yes,Electronic check,35.56,995.64
2132-QWQH,Female,0,No,No,3,Yes,No,No,No internet service,No internet service,No internet service,No internet service,No internet service,No internet service,Month-to-month,No,Mailed check,33.13,93.92
1646-UUUZ,Female,0,No,No,28,Yes,Yes,No,No internet service,No internet service,No internet service,No internet service,No internet service,No internet service,One year,Yes,Credit card (automatic),38.31,939.62
1627-GBCL,Male,0,No,No,22,Yes,Yes,Fiber optic,No,No,Yes,No,No,Yes,Month-to-month,No,Mailed check,94.06,1921.16
9015-HHXK,Female,0,Yes,No,25,Yes,No,No,No internet service,No internet service,No internet service,No internet service,No internet service,No internet service,Two year,Yes,Electronic check,31.03,727.81
6659-MNQJ,Female,0,Yes,No,39,Yes,Yes,DSL,No,Yes,No,No,Yes,Yes,Two year,Yes,Credit card (automatic),79.17,3074.27
6909-GXTS,Female,0,Yes,No,25,Yes,No,Fiber optic,No,Yes,No,No,No,Yes,Two year,No,Bank transfer (automatic),89.59,2196.48
5641-VAJK,Male,0,No,Yes,41,Yes,No,DSL,No,Yes,No,No,No,Yes,Two year,Yes,Credit card (automatic),56.44,2170.1
8648-PZLA,Male,0,Yes,Yes,14,Yes,No,Fiber optic,No,No,Yes,Yes,Yes,No,Month-to-month,Yes,Mailed check,92.86,1250.27
9706-KZJL,Female,0,No,No,15,Yes,No,Fiber optic,No,No,No,Yes,Yes,Yes,Month-to-month,Yes,Bank transfer (automatic),96.79,1359.5
8809-WTID,Female,1,Yes,No,1,No,No phone service,Fiber optic,No,Yes,No,Yes,Yes,Yes,Month-to-month,Yes,Credit card (automatic),93.35,87.75
6833-EZWU,Male,1,No,No,25,No,No phone service,No,No internet service,No internet service,No internet service,No internet service,No internet service,No internet service,One year,Yes,Bank transfer (automatic),18.0,426.34
6988-NKJS,Female,1,Yes,No,29,Yes,Yes,DSL,Yes,No,No,No,Yes,No,Month-to-month,Yes,Electronic check,76.78,2225.65
2343-FSDU,Male,1,No,No,3,Yes,No,Fiber optic,No,No,No,No,Yes,No,Month-to-month,No,Mailed check,83.25,230.02
5216-KRMP,Female,0,Yes,No,13,No,No phone service,Fiber optic,Yes,Yes,No,Yes,No,No,Month-to-month,No,Mailed check,79.19,1061.76
1555-DSZD,Male,0,No,No,52,Yes,No,Fiber optic,No,No,No,No,No,No,Month-to-month,Yes,Mailed check,75.26,3660.52
6451-ITMZ,Male,0,Yes,Yes,34,Yes,No,DSL,No,Yes,No,No,Yes,No,Two year,Yes,Credit card (automatic),57.53,1903.26
7733-PVYX,Female,0,Yes,No,34,No,No phone service,Fiber optic,No,No,Yes,No,Yes,No,Month-to-month,Yes,Mailed check,75.35,2445.58
5090-GCNR,Male,0,No,No,15,No,No phone service,DSL,No,No,No,No,Yes,No,Month-to-month,Yes,Electronic check,52.24,744.61
9393-NTBI,Male,0,Yes,Yes,10,Yes,Yes,Fiber optic,Yes,Yes,No,No,Yes,Yes,Month-to-month,Yes,Mailed check,103.72,1072.8
6319-OEGE,Female,1,No,No,4,Yes,Yes,DSL,No,Yes,No,No,No,Yes,Month-to-month,No,Electronic check,68.68,250.48
6229-WBND,Female,0,Yes,No,18,Yes,No,Fiber optic,Yes,Yes,Yes,No,Yes,No,One year,No,Credit card (automatic),100.26,1845.28
6335-ZJBS,Male,0,No,No,32,Yes,Yes,DSL,No,Yes,Yes,No,No,Yes,Two year,Yes,Electronic check,77.02,2282.12
5321-RXKS,Male,0,Yes,No,25,Yes,Yes,Fiber optic,Yes,No,Yes,Yes,No,Yes,Month-to-month,Yes,Electronic check,100.23,2492.17
7158-MNCR,Female,0,No,No,47,Yes,No,Fiber optic,No,Yes,Yes,No,No,Yes,Month-to-month,Yes,Credit card (automatic),91.22,3864.42
1672-HHCI,Male,0,No,No,18,Yes,Yes,Fiber optic,Yes,No,Yes,No,Yes,Yes,Month-to-month,No,Electronic check,100.23,1686.16
6146-JIUA,Male,0,Yes,No,7,Yes,No,Fiber optic,No,Yes,No,Yes,No,Yes,Month-to-month,Yes,Electronic check,84.87,517.48
5634-TFKV,Female,0,Yes,No,38,Yes,No,Fiber optic,Yes,Yes,No,Yes,No,Yes,Two year,No,Electronic check,98.47,3780.07
9622-BQNY,Female,0,No,Yes,10,Yes,Yes,Fiber optic,No,No,Yes,No,Yes,No,Two year,No,Credit card (automatic),81.41,778.99
7477-HBKI,Male,0,Yes,No,16,Yes,Yes,Fiber optic,Yes,No,No,Yes,Yes,No,Two year,No,Credit card (automatic),99.61,1552.41
1544-UHLZ,Female,0,No,No,18,Yes,No,Fiber optic,No,No,No,No,Yes,No,One year,Yes,Bank transfer (automatic),83.45,1494.76
4032-UUHX,Female,0,No,Yes,44,Yes,No,Fiber optic,No,No,Yes,Yes,Yes,No,Two year,Yes,Mailed check,98.77,4307.51
1079-NTTG,Male,0,No,No,20,Yes,Yes,No,No internet service,No internet service,No internet service,No internet service,No internet service,No internet service,Month-to-month,Yes,Mailed check,42.93,779.73
8105-VVIA,Female,0,Yes,No,41,Yes,No,Fiber optic,No,No,No,Yes,Yes,Yes,Month-to-month,Yes,Mailed check,95.54,3833.96
6881-SJKN,Female,0,No,Yes,24,Yes,Yes,Fiber optic,Yes,Yes,Yes,No,Yes,Yes,One year,Yes,Credit card (automatic),102.74,2335.88
3437-KUUQ,Male,0,No,Yes,11,Yes,No,Fiber optic,No,Yes,Yes,No,No,No,Month-to-month,Yes,Electronic check,80.84,791.21
1056-WIKN,Female,0,Yes,No,55,Yes,No,DSL,Yes,Yes,Yes,No,No,Yes,Month-to-month,No,Bank transfer (automatic),83.82,4499.77
5675-TBDS,Male,0,Yes,Yes,20,Yes,Yes,DSL,No,Yes,Yes,No,No,Yes,Month-to-month,No,Electronic check,75.43,1526.41
3055-RJTM,Male,1,No,No,50,Yes,Yes,Fiber optic,Yes,No,No,No,No,Yes,Month-to-month,Yes,Credit card (automatic),91.63,4207.35
2417-NKXI,Male,0,No,No,8,Yes,Yes,DSL,Yes,Yes,Yes,No,No,Yes,Two year,Yes,Bank transfer (automatic),82.15,637.05
1033-BUHB,Male,1,No,No,20,Yes,Yes,DSL,Yes,Yes,Yes,No,Yes,No,Month-to-month,Yes,Electronic check,81.76,1607.58
7359-QCYO,Male,1,No,No,42,Yes,No,Fiber optic,Yes,No,No,Yes,No,No,Two year,Yes,Electronic check,87.03,3582.86
7242-RCJW,Female,0,No,No,64,No,No phone service,Fiber optic,Yes,No,No,No,No,Yes,One year,Yes,Electronic check,80.32,4896.55
6943-ABES,Female,1,Yes,No,39,No,No phone service,Fiber optic,No,Yes,Yes,No,No,No,Month-to-month,Yes,Electronic check,81.31,2838.28
2783-DJIC,Female,1,Yes,Yes,24,Yes,Yes,No,No internet service,No internet service,No internet service,No internet service,No internet service,No internet service,Month-to-month,No,Credit card (automatic),34.04,751.26
7300-PTGY,Male,1,No,No,12,Yes,Yes,Fiber optic,No,Yes,Yes,Yes,Yes,Yes,Month-to-month,Yes,Bank transfer (automatic),104.52,1230.44
8487-VFIY,Female,0,Yes,Yes,37,Yes,Yes,No,No internet service,No internet service,No internet service,No internet service,No internet service,No internet service,Month-to-month,Yes,Electronic check,41.23,1504.27
5733-PZYS,Female,0,No,No,21,Yes,No,Fiber optic,No,No,No,No,Yes,No,Month-to-month,Yes,Credit card (automatic),85.79,1813.41
8795-PIXW,Male,0,No,No,10,Yes,Yes,DSL,Yes,No,Yes,No,Yes,No,Month-to-month,Yes,Electronic check,73.28,746.66
1543-ASMS,Female,1,No,Yes,24,Yes,No,Fiber optic,Yes,No,No,No,No,Yes,Month-to-month,Yes,Bank transfer (automatic),96.54,2177.52
9961-FTEO,Female,0,No,Yes,43,Yes,Yes,Fiber optic,No,Yes,No,Yes,Yes,Yes,One year,No,Electronic check,106.56,4278.84
2948-FDZN,Male,0,No,No,12,Yes,Yes,Fiber optic,Yes,Yes,No,No,Yes,No,Month-to-month,No,Mailed check,93.03,1059.42
6611-JVCT,Female,1,No,No,38,No,No phone service,No,No internet service,No internet service,No internet service,No internet service,No internet service,No internet service,Month-to-month,No,Electronic check,21.67,855.55
4411-BYJP,Female,1,No,Yes,37,Yes,No,Fiber optic,No,Yes,Yes,Yes,Yes,Yes,Month-to-month,No,Credit card (automatic),108.46,3502.29
6795-GBTC,Female,0,No,No,43,Yes,Yes,Fiber optic,No,Yes,Yes,No,No,No,One year,No,Electronic check,89.11,3679.76
2320-IVPL,Female,0,Yes,No,27,Yes,No,DSL,No,No,Yes,No,Yes,Yes,Month-to-month,No,Electronic check,73.83,1862.2
1822-YLUU,Male,0,Yes,No,37,Yes,Yes,DSL,Yes,No,No,No,No,No,Two year,Yes,Electronic check,68.77,2348.37
4273-HWCS,Female,1,No,No,1,No,No phone service,No,No internet service,No internet service,No internet service,No internet service,No internet service,No internet service,Two year,No,Electronic check,23.16,23.14
7750-WSCS,Male,0,Yes,Yes,1,Yes,Yes,No,No internet service,No internet service,No internet service,No internet service,No internet service,No internet service,Month-to-month,No,Mailed check,34.7,32.75
7734-LCLO,Male,1,No,Yes,37,Yes,No,Fiber optic,No,No,Yes,No,No,Yes,Month-to-month,Yes,Credit card (automatic),86.25,2933.93
6973-UZNW,Female,0,No,Yes,47,Yes,No,DSL,Yes,Yes,No,Yes,Yes,No,Month-to-month,No,Electronic check,71.33,3080.29
1255-VHRJ,Male,0,Yes,No,28,Yes,No,Fiber optic,No,No,Yes,No,No,No,Month-to-month,Yes,Electronic check,72.88,1867.67
7211-ZCOB,Male,0,No,No,1,No,No phone service,Fiber optic,No,No,Yes,Yes,Yes,Yes,Month-to-month,Yes,Bank transfer (automatic),91.37,95.61
9396-TFCA,Male,0,No,No,48,Yes,Yes,Fiber optic,Yes,No,No,Yes,Yes,Yes,One year,Yes,Mailed check,101.58,4686.83
3269-JLQZ,Female,0,Yes,No,11,Yes,Yes,DSL,No,Yes,No,No,Yes,No,One year,No,Mailed check,72.86,762.13
4914-DEAC,Male,0,No,No,38,No,No phone service,Fiber optic,No,No,No,Yes,Yes,Yes,Month-to-month,No,Bank transfer (automatic),91.93,3367.18
4424-OPDQ,Male,0,No,Yes,20,Yes,Yes,No,No internet service,No internet service,No internet service,No internet service,No internet service,No internet service,Month-to-month,Yes,Electronic check,37.18,765.6
7053-VJXU,Male,0,No,No,51,Yes,Yes,Fiber optic,Yes,Yes,No,Yes,Yes,No,Month-to-month,Yes,Electronic check,100.71,5030.44
4951-ICEJ,Male,0,No,Yes,25,Yes,No,Fiber optic,No,Yes,No,No,Yes,No,One year,No,Credit card (automatic),96.44,2242.22
2870-PMMF,Male,0,No,Yes,32,Yes,Yes,Fiber optic,No,Yes,No,No,No,Yes,Two year,Yes,Credit card (automatic),98.74,2762.59
9041-GYOF,Male,1,Yes,No,6,Yes,No,Fiber optic,Yes,No,Yes,Yes,No,Yes,Month-to-month,No,Bank transfer (automatic),109.62,655.73
1055-BDCV,Male,0,No,No,17,Yes,No,Fiber optic,No,No,No,No,No,No,One year,Yes,Electronic check,71.23,1181.28
4519-RCPZ,Female,1,No,No,8,Yes,Yes,DSL,No,Yes,No,No,Yes,Yes,Month-to-month,No,Mailed check,75.41,593.02
8588-XPPN,Female,1,No,No,2,Yes,Yes,DSL,No,Yes,No,Yes,Yes,No,Month-to-month,Yes,Electronic check,79.03,153.32
2198-DMID,Female,1,Yes,No,42,Yes,No,Fiber optic,No,No,No,Yes,Yes,Yes,Month-to-month,No,Electronic check,93.96,3839.5
5968-AHRC,Female,0,Yes,No,20,Yes,Yes,DSL,Yes,Yes,No,Yes,Yes,No,Month-to-month,No,Bank transfer (automatic),86.91,1696.03
5296-IOSY,Female,0,No,No,26,Yes,No,Fiber optic,No,Yes,Yes,Yes,No,Yes,Month-to-month,No,Electronic check,88.6,2173.72
4526-KTLS,Female,0,Yes,No,14,Yes,No,Fiber optic,Yes,Yes,No,No,No,Yes,Month-to-month,Yes,Electronic check,91.68,1160.17
2109-HASW,Female,0,No,No,45,Yes,Yes,Fiber optic,Yes,Yes,Yes,No,Yes,No,Month-to-month,Yes,Bank transfer (automatic),98.27,4408.49
9329-VTIG,Male,0,No,No,34,No,No phone service,Fiber optic,No,No,No,No,No,No,Month-to-month,Yes,Credit card (automatic),68.65,2371.75
8644-BANO,Male,0,No,No,13,Yes,No,Fiber optic,No,No,No,No,Yes,No,One year,Yes,Electronic check,82.05,1048.27
6428-JZXQ,Female,1,No,No,19,Yes,No,Fiber optic,No,Yes,Yes,No,No,Yes,Month-to-month,Yes,Mailed check,87.05,1530.43
8678-DPPY,Female,0,Yes,No,3,Yes,No,Fiber optic,Yes,No,Yes,No,Yes,Yes,One year,No,Bank transfer (automatic),106.03,304.48
5808-EAKJ,Female,0,No,No,7,Yes,Yes,DSL,Yes,No,Yes,Yes,Yes,No,Two year,Yes,Credit card (automatic),81.47,569.21
3210-UNMC,Male,0,Yes,Yes,2,Yes,Yes,DSL,No,Yes,Yes,No,Yes,Yes,Month-to-month,No,Electronic check,87.01,161.9
6516-NAED,Male,0,Yes,Yes,10,Yes,Yes,Fiber optic,Yes,Yes,No,No,Yes,Yes,Month-to-month,Yes,Mailed check,105.67,996.73
9153-ILXN,Male,0,Yes,No,39,No,No phone service,No,No internet service,No internet service,No internet service,No internet service,No internet service,No internet service,One year,Yes,Mailed check,22.17,792.35
5106-OVIZ,Female,0,Yes,No,22,Yes,Yes,No,No internet service,No internet service,No internet service,No internet service,No internet service,No internet service,Month-to-month,No,Mailed check,32.83,717.79
2051-GGFH,Male,0,Yes,No,23,Yes,No,Fiber optic,No,No,No,No,Yes,Yes,Two year,No,Credit card (automatic),87.84,1876.96
1921-POMY,Male,0,No,Yes,50,Yes,Yes,Fiber optic,No,No,Yes,No,Yes,No,Month-to-month,Yes,Electronic check,87.44,4103.54
5657-UYHO,Female,1,No,Yes,4,Yes,Yes,DSL,No,Yes,Yes,No,Yes,No,Month-to-month,Yes,Electronic check,76.62,292.88
2861-TFFV,Female,0,Yes,Yes,1,Yes,Yes,Fiber optic,No,No,Yes,No,Yes,Yes,One year,Yes,Bank transfer (automatic),104.66,98.42
1233-XMTQ,Female,1,No,No,2,Yes,No,No,No internet service,No internet service,No internet service,No internet service,No internet service,No internet service,Month-to-month,Yes,Credit card (automatic),31.19,60.28
2902-QRUD,Male,1,No,No,19,Yes,Yes,Fiber optic,No,No,Yes,No,Yes,No,One year,Yes,Electronic check,91.9,1600.3
2242-GRZO,Female,0,No,No,30,Yes,Yes,No,No internet service,No internet service,No internet service,No internet service,No internet service,No internet service,Month-to-month,No,Bank transfer (automatic),38.39,1146.71
2412-WWWJ,Female,0,No,Yes,18,Yes,No,Fiber optic,No,Yes,Yes,No,No,No,One year,No,Mailed check,89.07,1583.41
7185-FGGA,Male,1,Yes,No,6,No,No phone service,DSL,No,Yes,No,No,No,Yes,Month-to-month,Yes,Electronic check,61.55,370.63
1225-MGEN,Male,0,No,Yes,22,Yes,No,DSL,No,Yes,Yes,Yes,Yes,Yes,Month-to-month,Yes,Bank transfer (automatic),81.14,1657.68
6901-IDSS,Male,1,No,No,18,Yes,Yes,Fiber optic,No,No,No,No,Yes,No,One year,No,Credit card (automatic),87.05,1582.17
6412-ILSN,Female,0,No,No,27,Yes,Yes,Fiber optic,No,Yes,Yes,Yes,Yes,Yes,One year,Yes,Credit card (automatic),113.5,2949.54
1617-EOVS,Female,0,No,No,40,Yes,No,Fiber optic,Yes,Yes,No,Yes,Yes,No,Two year,No,Electronic check,99.86,3639.91
2205-TEYD,Female,0,Yes,No,37,Yes,No,DSL,No,No,No,No,Yes,Yes,Month-to-month,Yes,Mailed check,69.95,2347.41
4771-DJCB,Male,1,No,Yes,13,Yes,No,DSL,No,No,No,No,Yes,No,Month-to-month,Yes,Electronic check,61.47,765.7
2581-DJYY,Male,0,Yes,No,61,Yes,No,No,No internet service,No internet service,No internet service,No internet service,No internet service,No internet service,Month-to-month,Yes,Credit card (automatic),32.64,2011.84
1116-TMTE,Female,1,No,No,37,Yes,No,No,No internet service,No internet service,No internet service,No internet service,No internet service,No internet service,Month-to-month,Yes,Electronic check,30.2,1048.82
9402-YEIJ,Male,1,Yes,No,34,Yes,Yes,Fiber optic,No,No,No,No,Yes,No,Two year,Yes,Mailed check,90.57,3048.23
5077-GDMI,Male,0,No,No,15,Yes,Yes,No,No internet service,No internet service,No internet service,No internet service,No internet service,No internet service,Two year,No,Credit card (automatic),27.36,392.01
1810-PCGO,Male,0,No,Yes,8,Yes,Yes,No,No internet service,No internet service,No internet service,No internet service,No internet service,No internet service,Month-to-month,Yes,Electronic check,33.88,247.07
5951-TMZG,Male,0,No,Yes,4,Yes,No,Fiber optic,No,Yes,Yes,No,Yes,Yes,Month-to-month,No,Bank transfer (automatic),101.15,382.2
5692-IPGO,Male,0,No,No,60,Yes,No,DSL,No,No,Yes,Yes,Yes,No,One year,Yes,Credit card (automatic),64.22,3467.57
9804-HOVI,Male,0,Yes,No,39,No,No phone service,Fiber optic,No,No,No,No,Yes,No,Month-to-month,Yes,Electronic check,73.84,2547.72
2580-UGQM,Male,1,Yes,No,16,Yes,No,DSL,No,No,No,Yes,No,Yes,Month-to-month,No,Electronic check,62.78,1008.63
3253-QHLT,Male,1,Yes,No,5,Yes,No,DSL,No,No,No,Yes,Yes,Yes,Month-to-month,Yes,Electronic check,76.65,365.01
9272-AWHA,Female,0,No,No,12,Yes,Yes,Fiber optic,No,No,No,Yes,Yes,No,Month-to-month,No,Credit card (automatic),96.86,1232.08
6119-GZJU,Female,0,Yes,No,48,Yes,No,Fiber optic,No,No,No,No,Yes,No,Two year,Yes,Bank transfer (automatic),88.08,4260.48
2633-GZUZ,Female,1,No,No,22,Yes,Yes,DSL,No,Yes,Yes,No,Yes,No,Month-to-month,No,Credit card (automatic),75.54,1564.38
3110-XZIP,Female,1,No,No,24,Yes,Yes,Fiber optic,Yes,No,Yes,No,Yes,Yes,One year,No,Electronic check,101.17,2233.64
3421-BURS,Female,0,No,Yes,3,Yes,No,DSL,No,Yes,Yes,Yes,No,Yes,Two year,Yes,Electronic check,86.8,247.44
6620-FULW,Female,1,Yes,No,41,Yes,Yes,No,No internet service,No internet service,No internet service,No internet service,No internet service,No internet service,Month-to-month,No,Electronic check,31.59,1220.94
2873-JXCT,Female,0,No,No,32,Yes,No,DSL,No,No,No,Yes,Yes,Yes,Month-to-month,Yes,Credit card (automatic),74.8,2342.66
6350-KOGX,Male,0,Yes,No,37,No,No phone service,Fiber optic,No,Yes,No,No,No,Yes,One year,Yes,Mailed check,77.57,2716.17
6897-RKTH,Male,0,No,Yes,9,Yes,No,No,No internet service,No internet service,No internet service,No internet service,No internet service,No internet service,Month-to-month,Yes,Electronic check,29.67,259.93
9375-QPJG,Male,1,No,No,37,Yes,No,DSL,Yes,Yes,Yes,No,Yes,No,One year,No,Electronic check,81.62,3031.55
3848-MROL,Female,0,No,No,6,Yes,Yes,Fiber optic,No,Yes,No,No,Yes,Yes,Two year,Yes,Mailed check,96.86,549.6
2424-QACO,Female,0,Yes,Yes,2,Yes,Yes,Fiber optic,Yes,No,Yes,Yes,Yes,Yes,Month-to-month,No,Mailed check,104.96,206.3
4792-CMQS,Female,1,Yes,Yes,24,Yes,No,Fiber optic,No,Yes,No,Yes,No,No,Month-to-month,Yes,Electronic check,85.33,2007.48
8062-CJXC,Female,1,No,No,27,Yes,Yes,Fiber optic,Yes,Yes,No,No,Yes,Yes,Month-to-month,No,Electronic check,94.7,2395.01
9387-EUUB,Female,0,No,No,2,Yes,Yes,Fiber optic,Yes,No,No,No,Yes,Yes,Month-to-month,Yes,Electronic check,94.5,189.02
3747-FSLE,Female,0,No,Yes,52,Yes,No,Fiber optic,No,Yes,No,No,No,Yes,Month-to-month,Yes,Electronic check,92.59,3995.24
6253-GHZC,Male,0,No,Yes,28,Yes,Yes,Fiber optic,Yes,No,No,No,Yes,Yes,Month-to-month,No,Electronic check,105.62,2776.06
5080-DABD,Male,0,No,No,15,Yes,Yes,No,No internet service,No internet service,No internet service,No internet service,No internet service,No internet service,Two year,Yes,Electronic check,32.78,478.21
1484-AOJH,Female,0,No,Yes,33,Yes,Yes,Fiber optic,No,Yes,No,Yes,Yes,Yes,Month-to-month,No,Electronic check,110.9,3482.69
1161-URIA,Male,0,No,Yes,24,Yes,Yes,Fiber optic,Yes,No,No,No,No,Yes,Month-to-month,Yes,Electronic check,91.64,2067.65
8279-XJEJ,Female,0,Yes,No,12,No,No phone service,Fiber optic,No,Yes,Yes,No,Yes,Yes,Month-to-month,Yes,Electronic check,99.01,1130.32
2456-RCGV,Female,1,No,No,0,Yes,Yes,DSL,No,No,No,Yes,No,No,Month-to-month,No,Electronic check,64.53,
4727-QPWL,Male,0,Yes,Yes,3,Yes,Yes,No,No internet service,No internet service,No internet service,No internet service,No internet service,No internet service,Month-to-month,Yes,Mailed check,32.76,95.14
5919-UODB,Male,0,No,No,63,Yes,Yes,Fiber optic,No,No,Yes,No,No,No,Month-to-month,Yes,Bank transfer (automatic),88.16,5356.77
4445-DAVE,Male,0,No,No,31,Yes,Yes,DSL,No,Yes,Yes,No,Yes,Yes,Month-to-month,Yes,Bank transfer (automatic),82.56,2421.79
1849-OSAX,Male,0,Yes,No,8,Yes,No,DSL,No,Yes,No,No,No,No,Two year,Yes,Mailed check,62.3,481.36
7444-DMXY,Female,0,Yes,No,33,Yes,Yes,No,No internet service,No internet service,No internet service,No internet service,No internet service,No internet service,Two year,No,Credit card (automatic),38.39,1229.67
3166-RFGS,Female,1,Yes,No,20,Yes,Yes,Fiber optic,No,No,No,Yes,Yes,No,Month-to-month,No,Electronic check,92.75,1821.6
5060-FIUH,Female,0,Yes,No,31,Yes,Yes,DSL,No,No,No,No,No,No,Two year,Yes,Bank transfer (automatic),64.94,2022.43
3725-KDXF,Female,1,Yes,No,27,Yes,Yes,DSL,Yes,Yes,No,No,Yes,Yes,One year,Yes,Bank transfer (automatic),84.38,2222.4
7634-UQVO,Male,0,No,No,32,Yes,No,Fiber optic,No,Yes,Yes,No,Yes,No,Month-to-month,No,Electronic check,96.65,3029.55
8050-NXTG,Male,0,No,No,45,Yes,No,Fiber optic,No,No,No,No,Yes,Yes,One year,Yes,Credit card (automatic),93.74,4182.26
5090-YCIX,Female,0,No,No,25,Yes,No,Fiber optic,No,No,Yes,Yes,Yes,No,One year,No,Mailed check,87.38,2250.43
8283-LVWR,Female,0,No,Yes,38,Yes,No,Fiber optic,No,No,Yes,No,No,Yes,Month-to-month,No,Mailed check,87.07,3032.1
9316-JBHA,Female,0,Yes,No,24,Yes,No,Fiber optic,No,Yes,Yes,No,Yes,No,Month-to-month,Yes,Bank transfer (automatic),98.17,2167.25
1740-UCVU,Female,1,Yes,Yes,37,Yes,No,Fiber optic,No,Yes,Yes,No,No,Yes,Month-to-month,No,Mailed check,98.44,3379.8
4633-RYKU,Female,0,Yes,No,29,Yes,No,DSL,Yes,Yes,Yes,No,Yes,Yes,Month-to-month,Yes,Mailed check,74.01,1908.46
9590-NQKT,Male,0,No,No,50,No,No phone service,No,No internet service,No internet service,No internet service,No internet service,No internet service,No internet service,Month-to-month,Yes,Electronic check,18.0,892.54
8443-SMQZ,Female,1,Yes,Yes,40,Yes,No,DSL,No,Yes,Yes,No,Yes,Yes,Two year,Yes,Electronic check,82.26,3241.28
4990-LBOW,Female,0,Yes,Yes,34,Yes,No,DSL,Yes,No,Yes,No,No,Yes,Month-to-month,Yes,Electronic check,72.35,2356.77
3406-KSMF,Male,0,No,No,34,Yes,No,Fiber optic,Yes,Yes,Yes,No,Yes,No,Month-to-month,Yes,Credit card (automatic),97.52,3123.93
2164-GYVF,Female,0,No,No,47,Yes,Yes,Fiber optic,No,No,No,Yes,Yes,Yes,Month-to-month,Yes,Electronic check,99.96,4665.01
7847-GJHD,Female,0,No,No,6,Yes,No,Fiber optic,No,Yes,No,No,No,No,Two year,Yes,Mailed check,81.76,485.6
3130-GVRW,Female,0,Yes,No,15,Yes,No,Fiber optic,No,No,No,No,Yes,Yes,Month-to-month,No,Electronic check,90.64,1328.89
2349-XGDY,Female,0,No,No,57,Yes,Yes,Fiber optic,No,Yes,No,No,No,No,Month-to-month,Yes,Mailed check,93.77,5130.76
9266-PNON,Male,0,Yes,No,32,Yes,Yes,No,No internet service,No internet service,No internet service,No internet service,No internet service,No internet service,Month-to-month,No,Credit card (automatic),36.49,1102.97
7452-SGWG,Male,1,No,No,26,Yes,No,Fiber optic,No,No,Yes,No,Yes,No,One year,Yes,Credit card (automatic),87.38,2309.09
9838-VRWB,Female,0,Yes,No,14,Yes,No,DSL,No,No,Yes,No,Yes,No,Month-to-month,Yes,Electronic check,69.96,945.4
8779-THFN,Female,0,Yes,Yes,9,Yes,Yes,Fiber optic,No,No,No,Yes,Yes,No,Month-to-month,Yes,Electronic check,100.17,869.0
3972-ISCV,Male,0,No,No,36,No,No phone service,Fiber optic,No,Yes,No,No,No,No,Month-to-month,Yes,Credit card (automatic),73.31,2433.13
8952-PGTC,Female,0,No,No,5,Yes,No,DSL,No,No,No,No,Yes,No,Month-to-month,No,Electronic check,64.3,292.47
9893-CZDU,Male,0,Yes,No,8,Yes,No,Fiber optic,No,No,Yes,No,No,No,Month-to-month,Yes,Mailed check,81.91,618.72
6664-ZINM,Female,1,Yes,Yes,40,Yes,No,Fiber optic,Yes,No,No,No,Yes,Yes,Two year,Yes,Electronic check,90.55,3275.76
2072-HIHF,Female,0,No,No,34,Yes,Yes,DSL,Yes,Yes,No,No,Yes,No,Month-to-month,Yes,Electronic check,76.76,2282.09
1999-LKMX,Male,0,Yes,No,18,Yes,No,Fiber optic,No,No,Yes,No,No,Yes,Month-to-month,Yes,Bank transfer (automatic),88.4,1623.27
5224-EIXW,Male,0,Yes,No,29,Yes,Yes,Fiber optic,No,Yes,No,No,No,Yes,Two year,Yes,Electronic check,85.35,2510.1
8334-GNEK,Female,0,Yes,No,48,No,No phone service,DSL,Yes,Yes,No,No,No,Yes,Month-to-month,No,Electronic check,62.83,3007.95
8903-AQPR,Male,0,No,No,7,Yes,No,DSL,No,No,No,Yes,Yes,Yes,Month-to-month,Yes,Electronic check,77.79,544.31
8486-FSAO,Male,0,No,No,23,Yes,No,Fiber optic,No,No,Yes,No,Yes,No,One year,Yes,Credit card (automatic),88.42,1849.54
1164-YTOG,Female,0,No,No,4,Yes,Yes,DSL,No,Yes,Yes,No,No,Yes,Month-to-month,No,Electronic check,80.73,305.23
8697-BCAW,Female,0,No,No,25,Yes,No,DSL,No,Yes,No,Yes,Yes,Yes,One year,Yes,Credit card (automatic),78.69,1877.03
8088-KJTH,Female,1,No,No,8,Yes,No,Fiber optic,Yes,Yes,Yes,Yes,Yes,No,Month-to-month,No,Electronic check,105.9,807.15
7316-QFLG,Male,0,Yes,No,17,Yes,Yes,Fiber optic,No,Yes,No,Yes,Yes,No,One year,Yes,Electronic check,100.33,1638.28
4735-BSQF,Male,0,No,Yes,49,Yes,No,Fiber optic,Yes,Yes,No,No,No,No,Month-to-month,Yes,Mailed check,88.91,4106.79
1599-APIP,Female,0,No,No,52,Yes,Yes,Fiber optic,Yes,No,No,Yes,Yes,No,Month-to-month,Yes,Electronic check,97.31,4921.58
7341-XXJW,Female,0,No,No,9,Yes,Yes,No,No internet service,No internet service,No internet service,No internet service,No internet service,No internet service,Month-to-month,Yes,Credit card (automatic),39.62,324.45
8671-RACZ,Male,0,Yes,No,21,Yes,No,DSL,Yes,Yes,Yes,No,Yes,Yes,Month-to-month,Yes,Bank transfer (automatic),80.77,1547.23
7878-VARW,Male,0,Yes,No,21,Yes,No,DSL,No,Yes,No,No,Yes,No,Month-to-month,Yes,Electronic check,75.5,1524.14
8563-FUQT,Female,0,No,No,38,Yes,Yes,Fiber optic,Yes,Yes,Yes,Yes,Yes,No,Month-to-month,No,Bank transfer (automatic),103.34,3819.72
4853-EKCH,Male,0,Yes,No,38,Yes,No,DSL,No,Yes,Yes,No,Yes,Yes,Month-to-month,No,Electronic check,88.41,3371.78
7524-HNGM,Female,0,No,No,33,Yes,Yes,DSL,No,No,No,No,Yes,Yes,Month-to-month,No,Mailed check,70.78,2093.44
4389-YLLV,Female,1,Yes,No,37,Yes,Yes,Fiber optic,No,Yes,Yes,Yes,No,No,Month-to-month,Yes,Electronic check,95.98,3563.4
7561-YUFY,Male,0,Yes,No,32,No,No phone service,Fiber optic,Yes,Yes,No,No,Yes,Yes,Month-to-month,No,Electronic check,92.23,2863.59
5893-MWYI,Male,0,Yes,No,56,Yes,Yes,No,No internet service,No internet service,No internet service,No internet service,No internet service,No internet service,Two year,Yes,Electronic check,32.4,1781.65
8984-GHET,Male,0,Yes,No,30,Yes,No,Fiber optic,Yes,No,Yes,No,Yes,Yes,Month-to-month,Yes,Electronic check,99.39,3068.25
9597-NPZZ,Male,1,Yes,No,28,Yes,No,Fiber optic,No,No,No,No,No,Yes,Month-to-month,No,Bank transfer (automatic),84.72,2188.59
1236-JVOC,Male,0,No,No,9,Yes,No,Fiber optic,No,Yes,Yes,No,No,Yes,One year,Yes,Electronic check,92.56,736.33
2580-UGSI,Female,0,Yes,No,42,Yes,Yes,Fiber optic,No,Yes,No,No,No,Yes,One year,No,Electronic check,101.99,4214.59
4907-VNYP,Female,0,No,No,17,Yes,No,DSL,No,Yes,No,Yes,No,Yes,Month-to-month,Yes,Electronic check,73.34,1149.33
9980-KYVK,Male,1,No,Yes,17,Yes,Yes,Fiber optic,No,No,No,No,No,No,Month-to-month,Yes,Electronic check,79.36,1297.61
9637-DEZG,Male,0,No,No,13,Yes,Yes,Fiber optic,No,No,No,Yes,No,Yes,One year,Yes,Mailed check,93.38,1264.8
2244-QVBZ,Male,0,Yes,Yes,17,Yes,Yes,Fiber optic,No,No,Yes,Yes,No,No,One year,Yes,Bank transfer (automatic),84.39,1514.58
9329-PCZS,Male,0,No,No,9,Yes,Yes,Fiber optic,No,No,No,Yes,No,No,Month-to-month,Yes,Bank transfer (automatic),93.29,774.07
9768-KDZG,Male,0,Yes,Yes,46,Yes,No,No,No internet service,No internet service,No internet service,No internet service,No internet service,No internet service,Month-to-month,Yes,Electronic check,34.0,1557.43
2085-ODWU,Male,0,No,No,51,Yes,Yes,Fiber optic,No,Yes,Yes,Yes,Yes,No,Month-to-month,Yes,Electronic check,96.32,4707.11
4435-UYLP,Male,0,No,No,29,Yes,Yes,Fiber optic,Yes,No,No,Yes,Yes,No,Month-to-month,Yes,Mailed check,97.83,2965.75
5937-TMXV,Female,0,No,No,26,Yes,Yes,DSL,No,No,Yes,Yes,No,Yes,One year,Yes,Mailed check,74.1,1744.96
1210-LIWV,Male,0,No,No,19,Yes,No,DSL,No,No,Yes,Yes,Yes,No,One year,No,Credit card (automatic),68.44,1264.55
8842-ZXHC,Male,0,No,No,42,Yes,No,Fiber optic,Yes,No,Yes,No,Yes,Yes,One year,Yes,Bank transfer (automatic),103.66,4351.01
2200-ZDAZ,Male,0,No,No,41,Yes,Yes,No,No internet service,No internet service,No internet service,No internet service,No internet service,No internet service,Month-to-month,No,Electronic check,34.17,1410.37
9554-POJG,Male,0,Yes,No,32,Yes,No,Fiber optic,Yes,No,No,No,Yes,Yes,Two year,No,Electronic check,96.72,3226.36
8960-VPIX,Male,0,Yes,No,37,Yes,No,Fiber optic,No,No,No,No,Yes,No,Two year,Yes,Mailed check,89.37,3283.11
9663-SPPE,Male,1,No,No,44,Yes,Yes,No,No internet service,No internet service,No internet service,No internet service,No internet service,No internet service,One year,Yes,Mailed check,32.93,1387.03
4213-DHEE,Male,0,Yes,No,7,Yes,Yes,DSL,No,No,No,No,No,No,One year,Yes,Bank transfer (automatic),62.77,407.29
5061-IDNM,Female,0,Yes,No,26,Yes,Yes,Fiber optic,No,No,No,No,Yes,No,Month-to-month,Yes,Electronic check,82.78,1989.39
3649-PFQJ,Male,0,Yes,Yes,35,Yes,No,Fiber optic,Yes,No,No,No,Yes,Yes,Month-to-month,No,Electronic check,90.94,3100.78
2474-ZMJV,Female,0,Yes,No,12,Yes,No,DSL,No,Yes,Yes,No,Yes,Yes,One year,No,Mailed check,73.37,877.98
7731-SKNM,Female,0,Yes,No,2,Yes,No,No,No internet service,No internet service,No internet service,No internet service,No internet service,No internet service,Month-to-month,Yes,Credit card (automatic),34.74,61.56
1337-BIQD,Female,0,Yes,No,19,Yes,Yes,DSL,No,Yes,No,No,Yes,Yes,Month-to-month,No,Electronic check,83.33,1491.06
6680-STGM,Male,0,Yes,Yes,56,Yes,Yes,Fiber optic,No,No,No,Yes,Yes,No,Month-to-month,No,Electronic check,101.91,5501.07
8490-GUJZ,Female,1,Yes,No,2,Yes,Yes,Fiber optic,No,Yes,No,Yes,Yes,Yes,Two year,Yes,Credit card (automatic),105.39,202.21
5987-UOCV,Male,0,No,Yes,2,Yes,No,Fiber optic,No,No,No,Yes,Yes,Yes,Two year,Yes,Electronic check,97.77,181.75
5508-FVQJ,Male,0,No,No,17,Yes,Yes,DSL,No,No,Yes,No,No,Yes,Month-to-month,No,Electronic check,72.16,1146.19
1431-ZISM,Female,1,Yes,Yes,37,Yes,Yes,Fiber optic,Yes,Yes,No,No,No,No,Month-to-month,Yes,Electronic check,93.08,3182.12
9360-NPMX,Female,0,No,No,57,Yes,No,Fiber optic,No,No,No,No,Yes,No,Month-to-month,Yes,Bank transfer (automatic),87.03,4835.16
8129-SHPN,Male,0,Yes,No,27,Yes,No,Fiber optic,No,Yes,No,No,Yes,Yes,One year,No,Bank transfer (automatic),91.97,2460.06
9356-PERI,Female,1,No,No,55,No,No phone service,Fiber optic,No,No,No,Yes,Yes,Yes,Month-to-month,Yes,Credit card (automatic),83.14,4359.56
1051-HUII,Male,0,No,Yes,11,No,No phone service,Fiber optic,Yes,Yes,Yes,No,Yes,No,Two year,Yes,Electronic check,91.6,917.84
5740-DSWC,Male,0,Yes,No,27,Yes,Yes,Fiber optic,Yes,No,No,No,Yes,Yes,Month-to-month,No,Bank transfer (automatic),109.16,2904.57
4848-OSVP,Male,0,No,Yes,49,Yes,Yes,Fiber optic,No,Yes,Yes,No,No,Yes,Month-to-month,No,Bank transfer (automatic),99.84,4621.98
9359-LQBF,Female,0,Yes,Yes,30,Yes,No,Fiber optic,Yes,No,No,Yes,No,Yes,One year,Yes,Electronic check,89.78,2543.16
9176-WYIA,Female,0,Yes,No,9,No,No phone service,DSL,No,Yes,No,No,Yes,Yes,Two year,Yes,Credit card (automatic),67.24,609.1
7473-RUGY,Female,0,No,Yes,51,Yes,Yes,DSL,No,No,No,Yes,Yes,No,Month-to-month,No,Mailed check,68.96,3028.92
9211-DBJH,Male,0,No,No,11,Yes,No,DSL,No,No,Yes,No,No,Yes,Month-to-month,Yes,Mailed check,68.77,756.47
2546-JNTP,Female,0,No,No,22,Yes,No,DSL,Yes,No,Yes,No,No,No,Month-to-month,No,Electronic check,57.21,1184.21
1616-KLYJ,Female,0,Yes,No,15,Yes,No,DSL,Yes,Yes,Yes,No,Yes,Yes,Month-to-month,No,Mailed check,84.78,1332.62
4776-GDFZ,Male,0,No,No,18,Yes,No,Fiber optic,No,No,Yes,No,No,Yes,Month-to-month,No,Mailed check,86.3,1400.86
6182-FLZR,Male,0,No,No,41,Yes,Yes,DSL,Yes,Yes,No,No,Yes,Yes,Month-to-month,Yes,Electronic check,82.27,3207.54
8639-NKMH,Male,0,Yes,No,44,Yes,No,No,No internet service,No internet service,No internet service,No internet service,No internet service,No internet service,Month-to-month,Yes,Electronic check,36.31,1491.92
2296-QICX,Female,0,Yes,No,4,Yes,No,DSL,No,No,Yes,Yes,Yes,Yes,Month-to-month,No,Mailed check,79.12,321.1
4183-RTIJ,Male,0,Yes,Yes,32,Yes,Yes,Fiber optic,No,Yes,Yes,Yes,No,No,One year,No,Electronic check,94.53,2950.89
5958-KRDE,Male,0,Yes,Yes,6,Yes,No,DSL,Yes,No,Yes,No,No,No,One year,No,Bank transfer (automatic),67.59,381.22
1289-JHTB,Female,0,No,Yes,2,Yes,Yes,Fiber optic,No,No,Yes,No,No,No,Month-to-month,Yes,Electronic check,87.13,162.72
1711-DQRX,Female,0,No,No,53,Yes,No,No,No internet service,No internet service,No internet service,No internet service,No internet service,No internet service,Month-to-month,No,Bank transfer (automatic),25.6,1425.38
5867-JOUO,Male,0,Yes,No,18,Yes,Yes,Fiber optic,No,Yes,No,No,Yes,Yes,Month-to-month,Yes,Mailed check,98.61,1640.49
6696-PDTG,Female,0,Yes,Yes,10,Yes,No,Fiber optic,Yes,No,No,Yes,Yes,No,Month-to-month,No,Bank transfer (automatic),97.92,923.58
8158-ALPO,Female,0,No,No,10,Yes,Yes,DSL,No,No,No,No,Yes,Yes,Month-to-month,Yes,Mailed check,77.71,746.31
6286-QULH,Male,0,Yes,Yes,7,Yes,Yes,Fiber optic,Yes,No,No,No,No,No,Month-to-month,Yes,Bank transfer (automatic),86.99,550.19
2589-SFWJ,Female,1,No,No,18,Yes,No,Fiber optic,No,No,Yes,No,No,Yes,Month-to-month,Yes,Bank transfer (automatic),92.1,1492.49
1525-EBLX,Female,0,Yes,No,1,No,No phone service,DSL,No,Yes,No,Yes,Yes,Yes,Month-to-month,Yes,Electronic check,68.01,59.49
8805-UPOF,Male,0,No,No,32,Yes,No,Fiber optic,No,No,Yes,Yes,Yes,No,Month-to-month,Yes,Electronic check,90.85,2826.95
2864-GRXH,Male,1,No,Yes,44,Yes,No,Fiber optic,No,No,Yes,No,Yes,No,Month-to-month,Yes,Mailed check,89.9,3675.66
3657-JKWA,Female,0,Yes,No,35,Yes,No,DSL,No,No,No,No,Yes,Yes,Month-to-month,Yes,Bank transfer (automatic),73.3,2413.97
5816-HSXM,Male,0,No,Yes,19,Yes,No,DSL,No,Yes,No,No,No,No,Month-to-month,Yes,Electronic check,62.05,1187.05
8489-PDFX,Male,0,No,Yes,9,Yes,No,Fiber optic,No,No,Yes,No,Yes,Yes,Two year,No,Credit card (automatic),96.54,833.47
5692-XKPJ,Male,0,No,No,57,Yes,Yes,Fiber optic,No,No,No,No,No,Yes,Month-to-month,Yes,Mailed check,88.24,4830.76
9307-HLIT,Female,0,No,No,16,Yes,No,Fiber optic,No,Yes,Yes,No,No,No,One year,No,Credit card (automatic),86.76,1408.91
7888-GRND,Female,0,No,No,3,Yes,Yes,Fiber optic,No,No,No,Yes,No,No,Month-to-month,Yes,Bank transfer (automatic),94.07,272.8
5408-JWKI,Male,0,No,Yes,3,Yes,Yes,No,No internet service,No internet service,No internet service,No internet service,No internet service,No internet service,Month-to-month,Yes,Bank transfer (automatic),29.04,83.73
8204-CMSJ,Female,0,No,No,30,Yes,No,Fiber optic,Yes,No,Yes,No,Yes,Yes,Month-to-month,Yes,Bank transfer (automatic),107.16,3293.13
4141-LRHP,Female,0,Yes,No,8,No,No phone service,No,No internet service,No internet service,No internet service,No internet service,No internet service,No internet service,Month-to-month,Yes,Electronic check,19.35,146.24
9020-GBRS,Male,0,No,No,21,Yes,Yes,Fiber optic,No,No,Yes,No,No,Yes,Month-to-month,Yes,Mailed check,93.81,1879.86
5371-NKUE,Female,0,No,No,42,Yes,No,DSL,No,No,Yes,No,No,Yes,One year,Yes,Bank transfer (automatic),67.83,2918.92
7922-AUPQ,Male,0,Yes,Yes,20,Yes,No,DSL,No,Yes,Yes,No,Yes,No,Month-to-month,Yes,Electronic check,76.19,1462.05
1849-MERP,Male,0,Yes,No,28,Yes,No,Fiber optic,Yes,Yes,No,Yes,No,No,One year,Yes,Credit card (automatic),93.86,2546.99
6057-DFUK,Male,0,No,No,36,No,No phone service,No,No internet service,No internet service,No internet service,No internet service,No internet service,No internet service,Month-to-month,Yes,Bank transfer (automatic),23.8,828.44
4685-LJNZ,Female,1,No,Yes,65,Yes,Yes,DSL,No,No,No,No,Yes,Yes,One year,No,Bank transfer (automatic),77.76,4965.47
4213-FAZM,Male,0,Yes,No,25,Yes,No,No,No internet service,No internet service,No internet service,No internet service,No internet service,No internet service,Month-to-month,Yes,Electronic check,23.49,545.51
6475-KHWU,Male,0,No,No,42,Yes,Yes,Fiber optic,Yes,Yes,No,Yes,Yes,No,One year,Yes,Electronic check,105.68,4077.76
6389-MUXD,Male,0,No,No,17,Yes,Yes,DSL,Yes,No,Yes,Yes,Yes,No,Month-to-month,Yes,Credit card (automatic),80.4,1273.08
6959-UFBQ,Male,0,No,No,59,Yes,No,Fiber optic,No,No,No,Yes,Yes,Yes,Month-to-month,Yes,Credit card (automatic),88.24,4782.83
3398-MQAH,Female,1,Yes,No,9,Yes,No,DSL,Yes,Yes,Yes,No,Yes,No,One year,Yes,Credit card (automatic),68.58,564.04
8914-PXXY,Male,0,Yes,No,30,Yes,No,Fiber optic,Yes,No,No,No,No,No,One year,Yes,Electronic check,86.72,2629.56
5157-WSYZ,Male,0,No,No,41,Yes,Yes,Fiber optic,No,Yes,Yes,Yes,Yes,No,Month-to-month,Yes,Electronic check,94.15,3708.17
2400-SJGH,Male,0,No,No,30,Yes,Yes,Fiber optic,No,Yes,No,No,No,Yes,Month-to-month,No,Mailed check,98.09,2836.9
5294-VYTR,Female,0,Yes,No,47,Yes,No,Fiber optic,Yes,Yes,Yes,No,No,No,Month-to-month,Yes,Mailed check,90.95,4156.73
5108-LUVS,Male,0,Yes,No,20,Yes,Yes,DSL,Yes,No,No,Yes,Yes,No,Month-to-month,No,Electronic check,74.35,1426.4
2316-QVWW,Female,0,Yes,No,30,Yes,Yes,No,No internet service,No internet service,No internet service,No internet service,No internet service,No internet service,Month-to-month,Yes,Bank transfer (automatic),36.56,1013.22
3936-IXYC,Male,0,No,Yes,44,Yes,No,DSL,No,No,No,No,Yes,Yes,Month-to-month,Yes,Bank transfer (automatic),70.49,2985.8
6423-VJTL,Male,0,Yes,No,53,Yes,No,Fiber optic,No,No,No,No,Yes,Yes,Month-to-month,Yes,Credit card (automatic),87.81,4574.51
5463-SMRP,Male,0,No,No,47,Yes,No,Fiber optic,Yes,No,No,Yes,No,No,Month-to-month,Yes,Electronic check,83.71,3717.33
3264-YTTM,Male,1,Yes,No,5,Yes,No,DSL,No,No,Yes,Yes,Yes,Yes,Month-to-month,No,Electronic check,77.26,381.71
6381-HFCE,Female,0,Yes,No,19,Yes,No,DSL,Yes,Yes,No,Yes,Yes,No,Month-to-month,Yes,Mailed check,74.2,1372.58
9018-PKGL,Female,1,No,No,23,Yes,No,DSL,No,No,Yes,No,Yes,Yes,One year,Yes,Electronic check,75.22,1687.7
4970-RDRW,Male,0,Yes,No,56,Yes,Yes,Fiber optic,No,Yes,No,Yes,Yes,Yes,Month-to-month,No,Mailed check,114.82,5937.32
1225-CDQU,Female,0,No,Yes,26,Yes,Yes,Fiber optic,Yes,Yes,Yes,No,Yes,Yes,Month-to-month,Yes,Bank transfer (automatic),109.45,2608.4
3779-BMGY,Female,0,Yes,Yes,15,Yes,No,Fiber optic,No,No,No,No,Yes,Yes,Month-to-month,Yes,Mailed check,91.85,1381.26
4602-LVAQ,Male,0,Yes,No,25,Yes,No,No,No internet service,No internet service,No internet service,No internet service,No internet service,No internet service,Month-to-month,Yes,Electronic check,32.06,706.19
4328-MIXZ,Male,0,Yes,No,48,Yes,No,No,No internet service,No internet service,No internet service,No internet service,No internet service,No internet service,Month-to-month,No,Electronic check,29.6,1330.69
6506-SOPI,Female,0,Yes,Yes,53,Yes,No,Fiber optic,No,No,No,No,No,No,Month-to-month,No,Electronic check,78.41,3802.94
8848-GBYL,Female,0,Yes,No,26,Yes,No,No,No internet service,No internet service,No internet service,No internet service,No internet service,No internet service,Two year,Yes,Bank transfer (automatic),30.56,725.89
2555-ONTN,Male,0,Yes,Yes,5,Yes,No,DSL,Yes,No,No,No,No,Yes,Two year,Yes,Electronic check,71.6,327.54
3871-SQPZ,Male,0,No,No,26,Yes,Yes,DSL,No,No,No,No,No,No,Two year,Yes,Electronic check,58.72,1626.65
3074-GFLG,Female,0,No,No,17,Yes,Yes,Fiber optic,No,Yes,Yes,Yes,No,No,One year,Yes,Mailed check,97.67,1548.87
7978-MNGL,Female,0,Yes,No,34,Yes,Yes,Fiber optic,Yes,No,Yes,Yes,Yes,No,Two year,No,Electronic check,110.07,3549.6
7872-LJNT,Male,0,No,No,2,No,No phone service,Fiber optic,No,Yes,No,No,No,No,Month-to-month,No,Electronic check,73.77,155.05
3698-OUGI,Male,0,No,No,3,Yes,No,Fiber optic,No,Yes,No,Yes,No,Yes,Month-to-month,Yes,Electronic check,98.5,300.23
2560-OBFW,Male,0,Yes,Yes,63,Yes,Yes,Fiber optic,Yes,Yes,Yes,No,Yes,Yes,Month-to-month,No,Bank transfer (automatic),112.5,6326.21
5944-UWLN,Female,0,Yes,No,32,Yes,No,DSL,No,No,No,No,No,Yes,Month-to-month,Yes,Mailed check,65.27,1986.91
7277-ATZB,Male,0,No,Yes,35,Yes,No,Fiber optic,No,No,No,Yes,Yes,Yes,Month-to-month,Yes,Electronic check,92.2,3268.59
6234-UALV,Male,0,No,No,11,Yes,Yes,Fiber optic,No,No,No,No,Yes,No,Month-to-month,No,Electronic check,88.44,942.11
5279-LNSP,Male,0,No,No,18,No,No phone service,Fiber optic,No,No,No,No,Yes,No,Two year,No,Electronic check,73.93,1255.27
6913-DSJH,Female,0,No,No,28,No,No phone service,DSL,No,Yes,Yes,No,No,No,Month-to-month,Yes,Electronic check,57.07,1510.08
8612-KWMH,Female,0,Yes,No,15,Yes,No,DSL,No,No,No,No,No,No,Two year,Yes,Mailed check,52.02,751.96
6200-TOGY,Male,0,No,No,52,Yes,No,Fiber optic,No,Yes,Yes,Yes,Yes,Yes,Two year,Yes,Credit card (automatic),108.62,5544.71
5821-CLEB,Male,0,No,No,33,Yes,No,Fiber optic,No,Yes,Yes,No,Yes,No,Month-to-month,Yes,Credit card (automatic),97.74,3123.44
9586-UWIQ,Male,0,No,Yes,23,Yes,Yes,No,No internet service,No internet service,No internet service,No internet service,No internet service,No internet service,Month-to-month,Yes,Mailed check,39.21,890.78
1245-ECQT,Female,0,Yes,Yes,45,Yes,Yes,Fiber optic,No,No,No,No,No,Yes,Month-to-month,No,Credit card (automatic),97.56,3942.91
2234-JXRU,Female,1,Yes,No,10,Yes,Yes,DSL,No,No,Yes,No,No,No,One year,Yes,Credit card (automatic),67.89,674.78
4560-GVDF,Female,0,Yes,No,43,Yes,Yes,No,No internet service,No internet service,No internet service,No internet service,No internet service,No internet service,Two year,No,Credit card (automatic),34.18,1357.49
1178-OOZP,Male,0,No,No,34,Yes,No,DSL,No,No,Yes,Yes,Yes,Yes,Month-to-month,Yes,Electronic check,79.7,2546.81
4177-NZMR,Male,0,No,No,6,Yes,Yes,No,No internet service,No internet service,No internet service,No internet service,No internet service,No internet service,Month-to-month,Yes,Bank transfer (automatic),38.89,239.95
3881-BZBN,Male,0,No,No,7,Yes,Yes,Fiber optic,Yes,No,Yes,No,Yes,Yes,Month-to-month,No,Electronic check,103.56,671.02
7313-CQMS,Female,0,No,No,40,Yes,Yes,Fiber optic,Yes,Yes,No,Yes,Yes,Yes,Month-to-month,No,Bank transfer (automatic),106.66,4158.66
9672-CQSP,Female,0,No,Yes,66,Yes,No,DSL,No,No,Yes,No,Yes,Yes,Month-to-month,Yes,Credit card (automatic),75.35,4889.44
8317-IBHC,Female,1,No,No,42,Yes,Yes,Fiber optic,No,No,Yes,No,No,Yes,Two year,Yes,Credit card (automatic),95.48,4026.45
3174-GIEI,Male,0,No,No,65,No,No phone service,Fiber optic,No,Yes,Yes,No,No,Yes,Two year,Yes,Mailed check,86.65,5447.58
3873-WZQQ,Male,1,Yes,No,53,Yes,No,DSL,No,Yes,No,No,Yes,Yes,Month-to-month,Yes,Bank transfer (automatic),64.87,3237.51
9669-YJLK,Male,0,No,No,16,Yes,No,DSL,Yes,Yes,No,No,No,No,Month-to-month,No,Electronic check,65.97,1121.43
8926-MWDL,Male,0,No,No,49,Yes,No,No,No internet service,No internet service,No internet service,No internet service,No internet service,No internet service,Month-to-month,Yes,Credit card (automatic),32.86,1694.65
9738-XTLL,Female,0,No,No,31,Yes,Yes,Fiber optic,Yes,No,Yes,No,No,No,Two year,Yes,Credit card (automatic),94.88,2784.53
6436-PNES,Female,0,No,No,24,Yes,No,DSL,Yes,No,Yes,Yes,No,Yes,Month-to-month,No,Bank transfer (automatic),82.87,1912.17
3712-XIFU,Female,1,No,No,58,Yes,No,DSL,Yes,No,Yes,Yes,Yes,No,Two year,Yes,Credit card (automatic),72.28,3864.94
3810-YOFR,Female,0,No,No,38,No,No phone service,Fiber optic,No,No,No,Yes,No,Yes,Month-to-month,Yes,Electronic check,82.9,2979.32
4220-FEEL,Female,0,No,Yes,37,Yes,Yes,No,No internet service,No internet service,No internet service,No internet service,No internet service,No internet service,Month-to-month,No,Electronic check,32.72,1153.73
5234-HTQJ,Male,0,Yes,No,40,Yes,Yes,Fiber optic,Yes,No,No,No,No,Yes,Month-to-month,Yes,Bank transfer (automatic),97.36,3903.36
4569-CJAE,Male,0,No,Yes,14,Yes,Yes,Fiber optic,No,No,No,Yes,Yes,No,Month-to-month,No,Mailed check,95.58,1318.46
7620-GNYR,Female,0,Yes,No,18,Yes,Yes,DSL,Yes,No,Yes,No,Yes,Yes,Month-to-month,Yes,Electronic check,83.75,1421.64
7079-UZES,Female,0,Yes,No,42,Yes,Yes,Fiber optic,No,No,No,Yes,Yes,Yes,One year,Yes,Electronic check,100.61,4098.44
4205-YZGA,Male,1,No,No,26,Yes,Yes,Fiber optic,No,No,No,No,Yes,Yes,Month-to-month,Yes,Electronic check,95.12,2415.67
9940-IUTI,Female,0,No,Yes,22,Yes,No,No,No internet service,No internet service,No internet service,No internet service,No internet service,No internet service,Month-to-month,No,Credit card (automatic),32.28,661.94
9906-PJXW,Male,0,No,No,9,Yes,Yes,DSL,Yes,Yes,Yes,No,Yes,Yes,Month-to-month,Yes,Credit card (automatic),88.16,760.67
6042-NUXO,Female,0,No,No,12,Yes,No,Fiber optic,No,No,No,No,Yes,No,Month-to-month,Yes,Electronic check,83.55,927.77
4509-PDLR,Female,0,No,No,52,Yes,Yes,Fiber optic,No,No,Yes,No,Yes,Yes,One year,No,Electronic check,98.66,4974.33
6186-XHYJ,Female,1,No,No,7,No,No phone service,DSL,Yes,No,No,Yes,No,No,One year,Yes,Mailed check,49.81,353.46
8270-RCNQ,Female,1,No,No,13,Yes,No,DSL,No,No,No,No,Yes,Yes,Month-to-month,No,Electronic check,65.74,822.06
5651-BBUJ,Male,0,Yes,Yes,51,Yes,Yes,Fiber optic,Yes,Yes,No,No,No,Yes,Month-to-month,No,Electronic check,101.98,4896.29
8889-ZCGB,Male,0,No,Yes,40,Yes,No,Fiber optic,No,No,No,No,Yes,No,One year,Yes,Credit card (automatic),82.7,3073.27
3884-DNVB,Female,0,Yes,Yes,11,Yes,No,Fiber optic,No,Yes,Yes,No,No,No,Two year,No,Credit card (automatic),94.11,973.23
6045-ADVD,Female,0,Yes,No,38,Yes,Yes,Fiber optic,No,No,Yes,No,Yes,Yes,Month-to-month,Yes,Electronic check,99.24,3761.2
9473-YNYK,Female,0,No,No,43,Yes,No,Fiber optic,No,Yes,Yes,No,Yes,Yes,Month-to-month,No,Electronic check,102.03,4007.81
7255-DUUU,Female,0,Yes,No,43,Yes,No,Fiber optic,No,No,No,Yes,No,Yes,Month-to-month,No,Electronic check,93.86,3765.02
4446-MSQY,Male,0,No,No,24,Yes,Yes,Fiber optic,Yes,Yes,No,No,Yes,No,One year,No,Electronic check,101.77,2293.65
2307-IRGP,Male,0,Yes,No,11,Yes,No,Fiber optic,No,Yes,No,No,No,No,One year,No,Electronic check,83.34,862.82
2844-HNCC,Male,0,Yes,No,33,Yes,No,DSL,No,No,Yes,No,No,Yes,Month-to-month,Yes,Mailed check,56.47,1671.28
8485-GVAJ,Female,0,No,No,2,Yes,No,No,No internet service,No internet service,No internet service,No internet service,No internet service,No internet service,One year,No,Mailed check,32.36,65.09
6597-EPPJ,Male,0,Yes,No,27,Yes,Yes,No,No internet service,No internet service,No internet service,No internet service,No internet service,No internet service,Month-to-month,Yes,Electronic check,41.49,1016.13
1699-AVOM,Female,0,Yes,No,24,Yes,Yes,Fiber optic,No,Yes,Yes,No,Yes,No,Month-to-month,Yes,Bank transfer (automatic),90.5,2323.76
8251-BLRH,Male,0,Yes,Yes,14,Yes,Yes,DSL,No,Yes,Yes,No,Yes,Yes,Month-to-month,Yes,Electronic check,79.57,1057.02
9200-UYIA,Male,1,Yes,No,22,Yes,No,DSL,No,Yes,No,No,Yes,Yes,Two year,No,Electronic check,71.8,1426.74
5279-PAQJ,Female,1,No,No,44,Yes,Yes,Fiber optic,No,No,No,No,Yes,Yes,Month-to-month,Yes,Electronic check,93.97,3782.37
6294-SBDI,Female,0,Yes,Yes,11,Yes,Yes,Fiber optic,No,No,No,No,Yes,Yes,Month-to-month,Yes,Mailed check,97.79,1031.98
7088-YYPU,Female,0,Yes,No,42,No,No phone service,DSL,Yes,Yes,No,No,No,Yes,One year,Yes,Bank transfer (automatic),62.35,2512.33
2596-IZRQ,Male,0,Yes,No,60,Yes,No,Fiber optic,Yes,No,No,No,Yes,No,Month-to-month,Yes,Electronic check,93.85,5082.7
1017-BZPQ,Female,1,Yes,Yes,13,Yes,Yes,No,No internet service,No internet service,No internet service,No internet service,No internet service,No internet service,Month-to-month,No,Electronic check,42.13,520.06
1106-MTBL,Female,0,Yes,No,24,Yes,Yes,Fiber optic,No,Yes,No,No,Yes,No,Two year,Yes,Credit card (automatic),95.5,2081.85
1216-OKZT,Male,1,No,No,6,Yes,No,Fiber optic,Yes,No,No,No,No,Yes,Month-to-month,No,Electronic check,86.01,466.76
2311-EPVF,Male,0,Yes,Yes,22,Yes,Yes,DSL,Yes,No,Yes,No,Yes,No,Month-to-month,No,Mailed check,83.83,1845.33
4501-BIPF,Female,0,Yes,No,15,Yes,Yes,DSL,No,No,No,No,Yes,Yes,One year,Yes,Electronic check,70.69,1061.42
6967-SLCE,Female,1,No,Yes,53,No,No phone service,Fiber optic,Yes,No,No,Yes,Yes,Yes,Month-to-month,Yes,Electronic check,94.88,4940.69
1076-RDKT,Female,1,Yes,Yes,19,Yes,Yes,DSL,No,No,Yes,No,No,No,Month-to-month,Yes,Mailed check,68.93,1231.77
4823-ERCN,Female,1,Yes,No,27,Yes,Yes,Fiber optic,Yes,Yes,Yes,Yes,Yes,Yes,Two year,No,Bank transfer (automatic),114.67,2855.83
6275-MJJZ,Female,0,No,Yes,1,Yes,Yes,Fiber optic,No,No,Yes,No,No,Yes,Month-to-month,No,Electronic check,88.95,81.99
7828-FSMU,Male,0,No,No,55,Yes,Yes,Fiber optic,No,Yes,No,No,Yes,Yes,Month-to-month,Yes,Electronic check,101.12,5182.0
9041-HYDT,Male,0,Yes,No,32,Yes,Yes,Fiber optic,No,Yes,Yes,No,Yes,Yes,Month-to-month,Yes,Electronic check,109.17,3231.18
4586-ZBMS,Male,1,No,No,10,Yes,Yes,No,No internet service,No internet service,No internet service,No internet service,No internet service,No internet service,Two year,No,Bank transfer (automatic),34.48,325.58
8030-YLNC,Female,0,No,No,2,Yes,Yes,No,No internet service,No internet service,No internet service,No internet service,No internet service,No internet service,Month-to-month,No,Mailed check,31.97,61.5
9839-FOYU,Female,0,Yes,Yes,2,Yes,Yes,No,No internet service,No internet service,No internet service,No internet service,No internet service,No internet service,One year,Yes,Mailed check,38.01,71.01
6860-GXLU,Male,0,No,Yes,13,Yes,Yes,DSL,No,Yes,No,No,No,No,Month-to-month,Yes,Bank transfer (automatic),63.67,768.12
7118-VGFB,Male,0,No,Yes,10,Yes,Yes,Fiber optic,No,No,No,No,Yes,No,Month-to-month,Yes,Credit card (automatic),83.59,809.55
9914-DOVV,Male,0,Yes,Yes,2,Yes,Yes,Fiber optic,Yes,No,No,No,No,Yes,Month-to-month,Yes,Electronic check,91.73,183.24
6918-RTWF,Male,1,Yes,No,44,Yes,Yes,Fiber optic,No,No,Yes,Yes,Yes,No,Month-to-month,Yes,Credit card (automatic),92.99,4055.44
3130-DVTG,Female,0,Yes,No,36,Yes,No,Fiber optic,No,No,Yes,No,No,Yes,Month-to-month,Yes,Electronic check,93.16,3176.42
5212-IVRG,Female,0,No,No,7,Yes,Yes,Fiber optic,Yes,Yes,No,No,No,Yes,Month-to-month,Yes,Mailed check,93.53,586.61
9492-NPKI,Male,0,No,No,24,Yes,No,Fiber optic,Yes,Yes,No,No,No,No,Month-to-month,Yes,Electronic check,87.53,2121.23
2292-CHSN,Male,1,Yes,No,13,Yes,Yes,No,No internet service,No internet service,No internet service,No internet service,No internet service,No internet service,Month-to-month,Yes,Electronic check,33.38,414.36
2149-ELPX,Female,0,Yes,Yes,48,Yes,No,Fiber optic,Yes,No,Yes,Yes,Yes,Yes,Month-to-month,Yes,Electronic check,107.13,4709.54
8903-ASCN,Female,1,No,Yes,7,Yes,No,Fiber optic,No,Yes,Yes,No,Yes,Yes,Month-to-month,No,Electronic check,100.96,705.05
9647-LQPF,Male,0,Yes,No,20,Yes,No,Fiber optic,No,No,No,Yes,Yes,Yes,One year,No,Electronic check,97.92,1868.08
1337-DVFK,Female,0,No,Yes,6,Yes,No,Fiber optic,Yes,No,No,No,Yes,No,Month-to-month,Yes,Electronic check,84.67,495.48
7456-CMSO,Male,0,No,No,38,Yes,Yes,Fiber optic,No,No,No,No,No,Yes,Month-to-month,Yes,Bank transfer (automatic),86.75,3371.55
9746-GJIT,Male,0,No,No,17,Yes,No,Fiber optic,Yes,Yes,Yes,No,No,No,Month-to-month,Yes,Mailed check,98.46,1439.28
9531-TYKX,Female,0,No,No,63,Yes,Yes,Fiber optic,No,No,No,Yes,Yes,Yes,Month-to-month,Yes,Credit card (automatic),102.23,6045.06
9122-AOOI,Female,1,Yes,No,71,Yes,Yes,DSL,No,No,Yes,No,Yes,No,Month-to-month,Yes,Electronic check,66.87,4275.05
3179-JUJB,Female,1,Yes,No,16,Yes,No,Fiber optic,No,Yes,Yes,Yes,Yes,No,Month-to-month,Yes,Electronic check,92.42,1497.47
3696-EAOY,Female,0,Yes,No,60,Yes,No,Fiber optic,No,Yes,No,Yes,Yes,No,One year,Yes,Electronic check,84.95,5111.85
4506-PPHM,Male,0,Yes,Yes,47,Yes,Yes,No,No internet service,No internet service,No internet service,No internet service,No internet service,No internet service,Month-to-month,Yes,Electronic check,26.47,1226.31
9958-ZBTZ,Female,1,No,No,46,Yes,No,DSL,No,Yes,No,No,No,Yes,One year,Yes,Mailed check,64.89,2791.36
4705-FYTB,Male,0,Yes,No,7,Yes,No,Fiber optic,Yes,Yes,No,Yes,Yes,Yes,Month-to-month,Yes,Bank transfer (automatic),103.07,699.85
1902-MJMF,Male,0,Yes,No,50,Yes,No,Fiber optic,Yes,No,No,Yes,Yes,No,Month-to-month,No,Credit card (automatic),96.17,4632.75
4600-CGTU,Female,0,No,No,47,Yes,No,Fiber optic,No,Yes,Yes,Yes,Yes,Yes,Month-to-month,Yes,Electronic check,98.62,4532.28
7276-XQPT,Female,0,Yes,Yes,50,Yes,Yes,Fiber optic,No,No,No,No,Yes,No,One year,No,Electronic check,86.16,4429.55
2363-CRWJ,Female,0,Yes,No,38,Yes,Yes,DSL,Yes,Yes,No,No,Yes,No,Two year,No,Mailed check,71.32,2742.91
8304-PAMM,Female,0,Yes,No,34,Yes,No,Fiber optic,No,Yes,No,No,Yes,Yes,Month-to-month,Yes,Bank transfer (automatic),93.67,3159.38
5858-VXSZ,Female,0,No,No,0,Yes,Yes,No,No internet service,No internet service,No internet service,No internet service,No internet service,No internet service,One year,Yes,Mailed check,36.46,
1509-DREI,Female,0,Yes,No,26,Yes,Yes,DSL,No,Yes,No,No,Yes,No,Month-to-month,Yes,Electronic check,73.49,1959.59
1448-XILV,Male,0,No,Yes,36,Yes,No,No,No internet service,No internet service,No internet service,No internet service,No internet service,No internet service,Month-to-month,Yes,Credit card (automatic),28.02,940.97
4715-WKHX,Female,0,No,Yes,22,Yes,No,Fiber optic,No,No,No,No,Yes,Yes,Two year,Yes,Electronic check,89.69,1749.88
4451-GOBI,Male,0,Yes,No,57,Yes,Yes,Fiber optic,No,Yes,No,No,Yes,Yes,Month-to-month,Yes,Electronic check,100.37,5657.4
4344-KIJN,Male,1,No,Yes,33,No,No phone service,No,No internet service,No internet service,No internet service,No internet service,No internet service,No internet service,Month-to-month,Yes,Credit card (automatic),19.06,586.68
1492-ZAZO,Male,0,Yes,Yes,19,Yes,No,Fiber optic,No,No,No,No,Yes,No,One year,Yes,Bank transfer (automatic),80.55,1517.21
4421-USWU,Male,0,Yes,Yes,4,Yes,No,Fiber optic,No,No,Yes,Yes,No,Yes,Two year,No,Electronic check,96.02,356.31
6596-ZQAS,Female,1,Yes,Yes,19,No,No phone service,No,No internet service,No internet service,No internet service,No internet service,No internet service,No internet service,Two year,No,Mailed check,23.64,402.95
3270-FSRR,Female,0,No,Yes,15,Yes,Yes,Fiber optic,Yes,No,Yes,No,Yes,Yes,One year,No,Electronic check,109.28,1580.76
2790-UHHD,Male,0,Yes,No,23,Yes,No,Fiber optic,Yes,Yes,No,No,Yes,Yes,One year,Yes,Credit card (automatic),108.45,2431.87
2415-TTFF,Female,0,No,No,43,Yes,No,No,No internet service,No internet service,No internet service,No internet service,No internet service,No internet service,Month-to-month,Yes,Electronic check,35.44,1362.98
8026-OEKB,Female,0,No,Yes,29,Yes,No,Fiber optic,No,Yes,No,No,No,Yes,Two year,No,Credit card (automatic),90.61,2530.76
5998-TILT,Female,0,Yes,No,9,Yes,No,DSL,No,Yes,Yes,Yes,Yes,Yes,One year,No,Electronic check,88.58,723.13
6516-WVTS,Female,0,No,No,5,Yes,Yes,DSL,No,Yes,Yes,No,No,No,Month-to-month,Yes,Bank transfer (automatic),73.73,354.96
5476-JCCK,Male,0,Yes,No,10,No,No phone service,Fiber optic,No,Yes,No,Yes,Yes,Yes,Month-to-month,Yes,Credit card (automatic),99.87,1038.77
7188-ABGU,Female,0,No,Yes,16,Yes,Yes,Fiber optic,No,No,No,No,Yes,Yes,Month-to-month,Yes,Mailed check,100.16,1629.67
7043-WKFB,Female,0,Yes,No,12,Yes,No,No,No internet service,No internet service,No internet service,No internet service,No internet service,No internet service,Two year,No,Electronic check,23.39,291.78
1927-IQVH,Female,0,No,No,35,Yes,No,Fiber optic,No,Yes,No,No,Yes,Yes,Month-to-month,No,Electronic check,95.97,3223.64
5937-UQAN,Female,0,Yes,No,9,Yes,No,Fiber optic,No,No,Yes,No,Yes,Yes,Month-to-month,No,Electronic check,95.58,815.84
5689-BOPV,Female,1,No,No,42,Yes,No,Fiber optic,No,Yes,Yes,Yes,No,Yes,One year,Yes,Electronic check,96.75,3882.8
1740-NYAH,Female,0,No,No,44,No,No phone service,Fiber optic,No,Yes,Yes,No,No,No,One year,Yes,Bank transfer (automatic),85.19,3544.44
1346-IJSF,Male,0,No,No,34,Yes,No,DSL,No,No,No,No,Yes,No,Month-to-month,Yes,Mailed check,64.48,2226.24
9977-VIMW,Female,0,Yes,No,13,Yes,Yes,Fiber optic,No,No,Yes,No,Yes,Yes,One year,Yes,Bank transfer (automatic),99.86,1284.0
8222-SAIK,Male,1,Yes,No,4,Yes,No,Fiber optic,No,No,Yes,No,No,Yes,One year,Yes,Electronic check,88.61,350.26
3843-RGRO,Female,0,No,Yes,15,Yes,No,Fiber optic,No,Yes,No,Yes,Yes,Yes,Month-to-month,Yes,Mailed check,101.03,1434.36
3232-JKSD,Male,0,Yes,No,24,Yes,No,Fiber optic,Yes,No,Yes,Yes,No,Yes,Month-to-month,Yes,Bank transfer (automatic),94.32,2217.41
9326-WNBB,Female,0,No,No,21,No,No phone service,DSL,No,No,No,Yes,Yes,No,Two year,No,Electronic check,62.73,1264.33
9886-GXMM,Female,0,Yes,No,0,Yes,Yes,DSL,No,No,Yes,No,No,No,One year,Yes,Electronic check,63.57,
2705-NZSU,Female,0,Yes,No,42,Yes,Yes,Fiber optic,No,No,No,No,Yes,Yes,Month-to-month,No,Mailed check,88.72,3688.64
1272-HYVC,Female,0,No,Yes,2,Yes,Yes,DSL,No,No,No,Yes,Yes,Yes,Month-to-month,Yes,Mailed check,76.1,142.94
9182-CSLM,Female,0,Yes,No,26,Yes,No,No,No internet service,No internet service,No internet service,No internet service,No internet service,No internet service,Month-to-month,No,Electronic check,36.3,848.23
9280-QFJU,Female,0,Yes,No,51,Yes,Yes,Fiber optic,Yes,Yes,No,No,No,Yes,Two year,Yes,Electronic check,99.81,5262.33
7210-NCYZ,Female,0,No,Yes,22,Yes,Yes,Fiber optic,No,No,No,No,Yes,Yes,One year,Yes,Bank transfer (automatic),97.44,2034.15
3696-YNDU,Female,1,No,No,26,Yes,Yes,No,No internet service,No internet service,No internet service,No internet service,No internet service,No internet service,Two year,Yes,Electronic check,38.07,964.6
8845-OOAE,Female,0,Yes,No,26,Yes,No,Fiber optic,No,Yes,No,No,Yes,No,Two year,Yes,Electronic check,87.37,2200.97
7829-REPT,Male,1,No,Yes,5,Yes,No,Fiber optic,Yes,Yes,No,Yes,Yes,Yes,Month-to-month,No,Bank transfer (automatic),102.53,486.53
7708-LVYS,Female,0,No,No,32,Yes,No,DSL,No,Yes,Yes,No,No,Yes,Two year,Yes,Electronic check,69.65,2136.71
2804-XWUJ,Female,0,No,No,10,Yes,Yes,Fiber optic,No,No,No,Yes,No,No,Month-to-month,Yes,Mailed check,91.98,832.76
8368-DTIA,Female,1,Yes,Yes,23,Yes,Yes,No,No internet service,No internet service,No internet service,No internet service,No internet service,No internet service,Month-to-month,Yes,Bank transfer (automatic),36.53,815.64
7506-ECGY,Female,0,No,No,34,Yes,Yes,DSL,Yes,No,Yes,No,Yes,Yes,Month-to-month,Yes,Mailed check,77.03,2582.86
3791-XHCZ,Male,0,Yes,No,3,Yes,No,Fiber optic,No,No,No,Yes,Yes,No,Month-to-month,Yes,Credit card (automatic),94.11,279.07
1472-LLGN,Female,0,No,No,40,No,No phone service,Fiber optic,Yes,Yes,Yes,Yes,Yes,Yes,Month-to-month,No,Mailed check,101.29,3913.91
1041-UXUN,Male,0,No,No,15,Yes,No,Fiber optic,No,Yes,No,No,Yes,No,Month-to-month,Yes,Electronic check,83.51,1128.63
2776-WDYX,Female,0,No,No,10,Yes,Yes,Fiber optic,No,No,Yes,Yes,No,Yes,One year,Yes,Electronic check,97.7,931.38
4992-HAOF,Male,1,Yes,Yes,15,Yes,Yes,DSL,Yes,Yes,Yes,No,Yes,Yes,One year,No,Credit card (automatic),86.87,1287.05
3025-XBQB,Female,0,Yes,Yes,11,Yes,No,No,No internet service,No internet service,No internet service,No internet service,No internet service,No internet service,Month-to-month,Yes,Electronic check,35.45,349.96
4402-IEJM,Female,1,Yes,No,13,Yes,No,Fiber optic,No,Yes,No,Yes,Yes,No,One year,No,Electronic check,96.49,1235.1
6654-MTPL,Male,1,Yes,Yes,23,Yes,No,Fiber optic,No,No,Yes,No,Yes,Yes,Month-to-month,Yes,Credit card (automatic),94.92,2374.26
6866-ENLV,Female,0,Yes,Yes,15,Yes,Yes,Fiber optic,No,No,Yes,No,No,Yes,Month-to-month,Yes,Bank transfer (automatic),100.34,1461.48
3611-JGBH,Female,0,No,No,27,Yes,Yes,DSL,No,Yes,No,No,Yes,Yes,Month-to-month,Yes,Electronic check,80.25,2049.33
5391-XAEG,Female,0,Yes,No,1,Yes,No,DSL,No,No,Yes,No,Yes,No,Two year,No,Mailed check,59.59,58.44
8510-UVDY,Male,0,No,No,30,Yes,Yes,DSL,Yes,Yes,Yes,No,Yes,No,Month-to-month,Yes,Mailed check,85.79,2429.98
5036-LHPC,Male,1,No,No,24,Yes,Yes,Fiber optic,No,No,No,Yes,No,Yes,Month-to-month,Yes,Electronic check,91.74,2124.57
7330-AIEI,Male,0,No,No,23,Yes,No,DSL,Yes,Yes,No,Yes,Yes,Yes,Two year,Yes,Electronic check,83.22,1863.27
8055-UPZF,Female,0,No,Yes,35,Yes,Yes,Fiber optic,Yes,Yes,No,No,No,Yes,Month-to-month,No,Electronic check,92.29,2819.84
2880-DNUX,Male,1,Yes,No,47,Yes,No,Fiber optic,No,Yes,No,No,No,No,Month-to-month,No,Credit card (automatic),81.55,3563.75
5502-JULF,Female,0,Yes,No,8,Yes,No,DSL,No,No,Yes,No,No,No,Month-to-month,No,Bank transfer (automatic),58.23,445.83
6414-JGBE,Male,0,Yes,No,44,Yes,No,Fiber optic,Yes,No,Yes,No,Yes,Yes,Month-to-month,Yes,Bank transfer (automatic),99.76,4230.05
7935-FUGK,Male,0,Yes,No,29,No,No phone service,DSL,Yes,No,No,Yes,No,Yes,Month-to-month,No,Electronic check,65.84,1750.4
6549-LHJM,Male,1,Yes,No,14,Yes,Yes,DSL,No,No,No,No,Yes,Yes,Month-to-month,Yes,Mailed check,75.53,1000.84
9380-BNXL,Female,0,Yes,No,55,Yes,No,Fiber optic,Yes,No,No,Yes,No,Yes,One year,Yes,Electronic check,87.77,4590.43
3918-YUMC,Male,0,No,Yes,11,Yes,No,Fiber optic,No,No,No,No,No,Yes,Month-to-month,Yes,Electronic check,78.89,806.25
4651-CQKO,Male,0,No,Yes,22,Yes,Yes,Fiber optic,Yes,No,Yes,No,No,No,One year,Yes,Electronic check,93.66,1934.55
9158-PNKL,Female,0,No,Yes,55,Yes,No,DSL,Yes,Yes,No,No,No,No,Month-to-month,Yes,Electronic check,62.92,3420.94
1839-KPCV,Male,1,No,No,32,Yes,No,DSL,No,No,No,No,No,Yes,Month-to-month,Yes,Bank transfer (automatic),58.95,1767.24
2914-VDAI,Female,0,No,No,24,Yes,Yes,Fiber optic,No,No,No,Yes,No,Yes,Month-to-month,No,Bank transfer (automatic),95.48,2244.67
2898-ZWDU,Male,0,No,No,25,Yes,No,Fiber optic,Yes,No,Yes,No,Yes,No,One year,Yes,Mailed check,92.67,2189.18
8223-DKKA,Female,0,No,No,10,No,No phone service,No,No internet service,No internet service,No internet service,No internet service,No internet service,No internet service,One year,Yes,Mailed check,26.68,244.12
8576-SQJH,Female,0,Yes,No,53,Yes,Yes,Fiber optic,No,Yes,Yes,No,Yes,Yes,Month-to-month,Yes,Electronic check,95.39,4774.4
9090-HUGX,Female,0,Yes,No,21,Yes,Yes,Fiber optic,No,No,Yes,No,Yes,No,Month-to-month,Yes,Electronic check,97.6,2013.63
8617-ZNMZ,Female,0,No,No,36,Yes,Yes,Fiber optic,No,Yes,No,No,Yes,No,One year,Yes,Bank transfer (automatic),93.57,3118.29
9083-DPIF,Male,0,Yes,No,39,Yes,Yes,Fiber optic,No,Yes,No,No,Yes,Yes,Month-to-month,No,Mailed check,99.19,3699.41
4116-ITSQ,Female,0,No,No,9,Yes,Yes,No,No internet service,No internet service,No internet service,No internet service,No internet service,No internet service,Month-to-month,Yes,Credit card (automatic),38.04,335.3
8998-GGOZ,Male,0,No,No,43,Yes,Yes,Fiber optic,Yes,Yes,No,No,Yes,Yes,Month-to-month,Yes,Electronic check,102.9,4341.3
1485-RQYJ,Female,0,Yes,No,4,Yes,Yes,DSL,No,Yes,No,Yes,No,No,One year,No,Credit card (automatic),70.38,263.37
1242-WRLT,Male,0,No,No,7,Yes,No,No,No internet service,No internet service,No internet service,No internet service,No internet service,No internet service,Month-to-month,Yes,Credit card (automatic),25.97,169.94
3516-YZWA,Female,0,No,No,28,No,No phone service,Fiber optic,No,Yes,No,No,Yes,No,Month-to-month,No,Electronic check,80.19,2270.2
9636-VJGD,Female,0,Yes,No,29,Yes,No,Fiber optic,No,Yes,Yes,Yes,Yes,No,Month-to-month,No,Bank transfer (automatic),100.37,2750.41
7483-RZUG,Male,1,Yes,No,9,No,No phone service,DSL,Yes,Yes,No,No,Yes,Yes,Month-to-month,Yes,Mailed check,68.36,624.87
7189-AVCW,Male,1,No,No,64,Yes,Yes,DSL,No,Yes,No,No,Yes,Yes,Month-to-month,Yes,Credit card (automatic),75.68,4909.77
1625-DYJV,Female,0,Yes,No,63,Yes,No,Fiber optic,No,Yes,No,No,No,No,Two year,Yes,Mailed check,84.13,5394.09
9454-KFRZ,Female,0,Yes,Yes,57,No,No phone service,Fiber optic,No,Yes,No,No,Yes,Yes,Month-to-month,No,Electronic check,87.11,4462.7
3039-YZFO,Male,0,No,No,9,Yes,No,Fiber optic,No,No,No,No,Yes,Yes,Month-to-month,No,Credit card (automatic),87.82,754.97
9481-UORA,Male,0,No,No,3,Yes,Yes,Fiber optic,No,No,No,Yes,Yes,Yes,One year,No,Credit card (automatic),99.07,297.64
2390-DINC,Male,0,Yes,Yes,46,Yes,No,DSL,No,Yes,Yes,No,Yes,No,Month-to-month,No,Electronic check,70.11,2963.57
1029-YKIP,Male,0,Yes,No,6,Yes,Yes,Fiber optic,Yes,No,No,No,No,Yes,Month-to-month,No,Electronic check,96.68,574.78
6660-DAFQ,Female,0,Yes,No,6,Yes,Yes,Fiber optic,No,No,No,Yes,Yes,No,Month-to-month,No,Bank transfer (automatic),94.76,527.06
5016-ZMGJ,Male,0,Yes,No,32,Yes,Yes,DSL,No,No,No,Yes,Yes,No,Month-to-month,Yes,Electronic check,72.82,2183.8
8340-WORA,Male,1,No,No,29,Yes,Yes,Fiber optic,Yes,No,Yes,No,No,Yes,Two year,Yes,Electronic check,105.91,2894.98
7832-OISU,Male,0,Yes,No,61,Yes,No,Fiber optic,Yes,No,No,No,Yes,No,Month-to-month,Yes,Mailed check,91.48,5258.57
7372-YRFP,Male,0,No,No,6,Yes,No,Fiber optic,Yes,Yes,No,No,No,Yes,One year,Yes,Electronic check,93.82,541.2
1888-AMME,Male,0,No,No,3,Yes,No,No,No internet service,No internet service,No internet service,No internet service,No internet service,No internet service,Two year,Yes,Bank transfer (automatic),30.22,89.22
7491-QPCR,Female,0,No,Yes,45,Yes,Yes,Fiber optic,Yes,No,Yes,Yes,No,No,One year,No,Electronic check,89.91,3636.94
3660-DQVR,Male,1,No,No,8,Yes,No,Fiber optic,Yes,No,No,Yes,No,No,Month-to-month,No,Credit card (automatic),90.2,731.19
8704-PEQC,Female,0,No,No,50,Yes,No,Fiber optic,Yes,Yes,No,No,No,Yes,Month-to-month,Yes,Credit card (automatic),93.9,4429.53
3353-SMBD,Male,0,No,Yes,12,Yes,Yes,DSL,No,Yes,No,No,No,No,One year,Yes,Electronic check,63.64,690.16
7755-DITM,Male,0,No,No,22,Yes,Yes,DSL,Yes,Yes,No,No,Yes,Yes,One year,Yes,Electronic check,82.72,1724.8
1331-BZIQ,Male,0,No,No,35,Yes,No,Fiber optic,No,No,Yes,No,No,No,Month-to-month,Yes,Bank transfer (automatic),79.95,2816.24
1771-XCUK,Male,0,No,No,57,Yes,No,Fiber optic,No,No,Yes,No,Yes,Yes,Month-to-month,Yes,Credit card (automatic),92.18,5411.02
7633-AMZT,Male,0,No,Yes,5,Yes,Yes,No,No internet service,No internet service,No internet service,No internet service,No internet service,No internet service,Month-to-month,Yes,Credit card (automatic),38.69,176.09
2374-DLYU,Female,0,Yes,Yes,44,Yes,No,No,No internet service,No internet service,No internet service,No internet service,No internet service,No internet service,Month-to-month,Yes,Credit card (automatic),35.3,1486.76
6388-OVGX,Male,0,Yes,Yes,56,Yes,Yes,Fiber optic,No,Yes,No,No,Yes,No,Month-to-month,Yes,Credit card (automatic),82.6,4355.63
3072-DEBI,Female,0,No,No,14,Yes,No,Fiber optic,No,Yes,No,Yes,Yes,No,Month-to-month,Yes,Bank transfer (automatic),90.87,1279.91
9474-MLBD,Male,0,No,Yes,52,Yes,No,Fiber optic,Yes,No,No,No,Yes,Yes,Two year,No,Electronic check,94.54,4889.33
7380-USOO,Female,0,No,Yes,53,Yes,No,Fiber optic,No,Yes,Yes,No,Yes,No,Two year,Yes,Bank transfer (automatic),95.57,4778.14
2912-MEZE,Male,0,No,No,17,Yes,Yes,Fiber optic,No,Yes,Yes,No,No,Yes,Month-to-month,Yes,Bank transfer (automatic),93.58,1522.39
3596-CKWR,Male,0,Yes,Yes,1,No,No phone service,No,No internet service,No internet service,No internet service,No internet service,No internet service,No internet service,Month-to-month,Yes,Electronic check,21.41,19.93
1660-BPOC,Male,0,No,No,46,Yes,No,Fiber optic,No,Yes,Yes,No,No,Yes,Month-to-month,Yes,Mailed check,93.61,4139.7
2963-YZIM,Female,0,No,Yes,58,Yes,No,Fiber optic,Yes,No,No,Yes,Yes,Yes,Month-to-month,Yes,Credit card (automatic),103.89,5657.86
2553-OHAL,Male,0,No,No,29,Yes,Yes,Fiber optic,Yes,No,Yes,No,Yes,Yes,Month-to-month,No,Bank transfer (automatic),106.78,2969.8
5685-YZJU,Male,0,Yes,Yes,15,Yes,Yes,Fiber optic,Yes,No,No,No,Yes,Yes,One year,No,Electronic check,103.41,1511.78
6515-XYYC,Female,1,No,No,17,Yes,Yes,Fiber optic,No,No,Yes,Yes,No,Yes,Month-to-month,No,Bank transfer (automatic),99.24,1612.14
4081-LPLW,Female,0,No,No,21,Yes,Yes,DSL,No,No,No,No,No,Yes,Month-to-month,No,Bank transfer (automatic),74.24,1553.7
8855-QMOI,Female,0,Yes,No,36,Yes,No,No,No internet service,No internet service,No internet service,No internet service,No internet service,No internet service,Month-to-month,Yes,Mailed check,34.38,1208.43
1741-EUNY,Male,0,No,No,51,Yes,No,Fiber optic,No,No,No,No,Yes,Yes,Month-to-month,Yes,Mailed check,87.41,3806.44
4383-LXEC,Female,0,No,Yes,52,Yes,Yes,Fiber optic,No,Yes,Yes,No,Yes,Yes,Month-to-month,Yes,Credit card (automatic),108.07,5415.07
2423-OJHS,Female,0,Yes,No,23,Yes,Yes,DSL,Yes,No,No,No,No,Yes,Month-to-month,Yes,Mailed check,71.31,1689.55
1277-JOUT,Female,0,Yes,No,42,Yes,Yes,No,No internet service,No internet service,No internet service,No internet service,No internet service,No internet service,Month-to-month,Yes,Bank transfer (automatic),39.78,1628.85
7511-RBYY,Male,0,Yes,Yes,25,Yes,Yes,Fiber optic,Yes,No,No,No,Yes,No,Month-to-month,Yes,Mailed check,95.45,2237.8
8759-GSMD,Male,0,No,No,39,Yes,No,Fiber optic,Yes,No,Yes,No,Yes,Yes,Month-to-month,Yes,Bank transfer (automatic),96.98,3743.44
5363-VFGM,Male,0,Yes,No,18,Yes,Yes,Fiber optic,No,No,Yes,No,No,No,Month-to-month,Yes,Bank transfer (automatic),85.33,1386.28
7382-YGGB,Male,0,No,Yes,26,Yes,Yes,Fiber optic,No,No,Yes,No,Yes,No,One year,Yes,Bank transfer (automatic),92.27,2369.97
4066-DRMD,Female,0,Yes,No,18,Yes,Yes,Fiber optic,No,Yes,No,No,No,No,Month-to-month,Yes,Electronic check,83.47,1413.22
3098-TEMN,Male,1,No,No,57,Yes,Yes,DSL,No,No,Yes,Yes,Yes,Yes,Two year,No,Electronic check,86.07,4959.83
3661-FSDV,Male,1,No,No,49,Yes,No,Fiber optic,No,No,Yes,Yes,No,Yes,One year,Yes,Credit card (automatic),95.39,4450.21
9175-KULP,Female,0,No,No,50,Yes,Yes,Fiber optic,No,No,No,Yes,Yes,Yes,Month-to-month,No,Credit card (automatic),97.78,4704.6
5708-QSBO,Female,0,Yes,No,37,Yes,Yes,Fiber optic,No,No,Yes,Yes,No,Yes,Month-to-month,Yes,Electronic check,93.26,3561.59
7158-PSUL,Female,0,Yes,No,18,Yes,Yes,DSL,No,No,No,No,No,Yes,Month-to-month,No,Credit card (automatic),74.37,1255.01
2116-NKNC,Male,0,Yes,No,11,Yes,Yes,Fiber optic,No,Yes,Yes,Yes,Yes,Yes,Month-to-month,No,Electronic check,113.08,1200.13
1996-MEGH,Female,0,Yes,No,33,Yes,Yes,No,No internet service,No internet service,No internet service,No internet service,No internet service,No internet service,One year,No,Mailed check,38.7,1226.0
9436-LZSK,Female,0,Yes,No,17,Yes,No,Fiber optic,No,No,No,Yes,No,Yes,Month-to-month,Yes,Credit card (automatic),94.39,1501.18
6720-SIGZ,Male,0,Yes,Yes,31,Yes,Yes,Fiber optic,No,Yes,No,No,Yes,No,Month-to-month,No,Bank transfer (automatic),99.99,2966.22
3111-RTVJ,Male,1,Yes,No,32,Yes,No,Fiber optic,No,Yes,Yes,No,Yes,Yes,Month-to-month,Yes,Bank transfer (automatic),96.39,2887.85
5366-PXOW,Male,0,No,Yes,33,Yes,No,Fiber optic,No,No,Yes,Yes,Yes,No,One year,No,Credit card (automatic),95.32,3228.77
7874-ZKPZ,Female,0,No,No,21,Yes,Yes,Fiber optic,No,Yes,Yes,No,Yes,Yes,Month-to-month,No,Electronic check,111.76,2230.33
7790-PSBZ,Male,0,No,No,30,Yes,Yes,Fiber optic,Yes,No,No,No,Yes,No,Two year,Yes,Bank transfer (automatic),95.09,2777.79
1605-PKBV,Male,1,No,No,45,Yes,No,DSL,Yes,Yes,No,No,No,No,Month-to-month,No,Electronic check,60.14,2565.4
6358-OMBC,Female,0,Yes,No,29,Yes,Yes,DSL,No,Yes,Yes,No,No,Yes,One year,No,Credit card (automatic),84.72,2479.04
2117-JVHV,Female,1,Yes,No,6,No,No phone service,DSL,No,Yes,No,Yes,Yes,Yes,Month-to-month,Yes,Bank transfer (automatic),76.39,473.11
8707-ITSC,Female,1,Yes,Yes,42,Yes,No,Fiber optic,Yes,No,No,Yes,No,Yes,Month-to-month,Yes,Credit card (automatic),93.47,3517.18
9778-VIMO,Female,0,Yes,No,4,Yes,No,DSL,Yes,Yes,No,Yes,Yes,Yes,Month-to-month,Yes,Electronic check,83.85,325.83
3937-HWLQ,Female,0,Yes,Yes,24,Yes,Yes,Fiber optic,Yes,No,No,No,No,No,One year,Yes,Bank transfer (automatic),89.37,2146.6
9655-KQYW,Male,0,No,No,4,Yes,Yes,Fiber optic,No,No,No,No,Yes,No,Month-to-month,Yes,Mailed check,84.3,312.52
5511-UCGQ,Female,0,No,Yes,34,No,No phone service,Fiber optic,No,No,No,No,No,Yes,Month-to-month,Yes,Electronic check,79.01,2590.01
9810-EMWM,Male,0,Yes,No,38,Yes,No,Fiber optic,No,Yes,No,Yes,Yes,No,Month-to-month,Yes,Credit card (automatic),89.53,3395.36
4565-MLQQ,Male,0,Yes,No,65,Yes,No,Fiber optic,No,No,No,Yes,Yes,No,Month-to-month,Yes,Electronic check,84.81,5040.82
3381-MAML,Female,0,No,Yes,39,Yes,Yes,No,No internet service,No internet service,No internet service,No internet service,No internet service,No internet service,Month-to-month,No,Mailed check,32.09,1186.66
2137-QHXZ,Female,0,No,No,41,Yes,No,No,No internet service,No internet service,No internet service,No internet service,No internet service,No internet service,Month-to-month,Yes,Credit card (automatic),27.79,1068.75
3569-QUIL,Male,0,Yes,Yes,25,Yes,No,Fiber optic,No,No,Yes,Yes,No,Yes,Month-to-month,Yes,Credit card (automatic),98.53,2350.22
1972-TPUU,Male,0,No,No,12,Yes,Yes,DSL,No,No,Yes,No,Yes,Yes,One year,No,Electronic check,83.63,976.71
9424-OEAW,Female,0,No,No,32,No,No phone service,Fiber optic,Yes,Yes,Yes,No,Yes,No,One year,Yes,Credit card (automatic),92.5,2682.59
8614-JXDM,Male,0,Yes,Yes,51,Yes,Yes,Fiber optic,No,No,Yes,Yes,Yes,Yes,Month-to-month,Yes,Bank transfer (automatic),106.25,4911.28
5960-YJLK,Female,0,No,No,55,Yes,Yes,Fiber optic,No,Yes,No,Yes,Yes,Yes,Month-to-month,Yes,Credit card (automatic),107.21,6135.64
7725-ZHUJ,Male,0,Yes,No,42,Yes,Yes,Fiber optic,Yes,Yes,No,Yes,No,No,Month-to-month,Yes,Credit card (automatic),102.15,4129.01
7175-TTHF,Female,0,No,No,26,Yes,Yes,DSL,Yes,Yes,Yes,Yes,No,Yes,Month-to-month,Yes,Electronic check,86.11,2056.05
8087-JPUM,Male,1,No,Yes,46,Yes,No,Fiber optic,Yes,No,No,No,No,No,Month-to-month,No,Bank transfer (automatic),84.9,3379.76
2193-GDSH,Male,0,Yes,Yes,37,Yes,Yes,Fiber optic,Yes,No,Yes,No,Yes,No,Month-to-month,Yes,Bank transfer (automatic),97.85,3586.01
3808-UWYX,Female,0,No,No,69,Yes,No,DSL,No,No,Yes,No,Yes,No,One year,No,Bank transfer (automatic),65.35,4408.09
7258-OYPJ,Male,0,No,No,18,Yes,No,Fiber optic,No,No,No,No,Yes,Yes,One year,No,Electronic check,88.67,1607.92
6184-DEFL,Female,0,No,No,51,Yes,Yes,Fiber optic,No,No,Yes,No,Yes,Yes,Month-to-month,Yes,Electronic check,102.26,5142.75
7778-UOSM,Male,0,No,No,44,Yes,No,DSL,No,Yes,No,No,Yes,Yes,Month-to-month,No,Electronic check,76.49,3382.08
7537-JSDM,Male,1,No,Yes,3,Yes,Yes,Fiber optic,No,No,Yes,No,Yes,Yes,Month-to-month,Yes,Bank transfer (automatic),102.51,289.13
5436-EXIE,Male,0,No,Yes,3,Yes,No,Fiber optic,No,No,No,No,Yes,No,Two year,No,Credit card (automatic),82.73,242.35
8244-DJIC,Male,0,No,No,52,Yes,No,DSL,No,No,Yes,No,Yes,No,Month-to-month,No,Credit card (automatic),70.15,3491.37
5705-HQZV,Male,0,No,No,27,No,No phone service,DSL,Yes,No,No,Yes,Yes,Yes,Month-to-month,Yes,Electronic check,68.94,1947.6
8362-JUQE,Male,0,No,Yes,1,Yes,No,Fiber optic,No,No,No,Yes,No,No,Month-to-month,Yes,Electronic check,78.81,71.54
3841-TBXS,Female,0,Yes,No,53,Yes,Yes,DSL,No,No,Yes,No,Yes,Yes,Month-to-month,No,Credit card (automatic),77.91,4042.04
8608-IAFM,Male,0,Yes,Yes,17,Yes,Yes,Fiber optic,Yes,No,No,Yes,Yes,No,Month-to-month,No,Mailed check,101.51,1730.35
6836-LZIG,Female,0,Yes,No,11,Yes,Yes,Fiber optic,No,No,No,No,Yes,No,Month-to-month,Yes,Credit card (automatic),86.81,932.67
2218-QJLJ,Female,1,Yes,No,10,Yes,No,Fiber optic,Yes,No,No,No,No,Yes,Month-to-month,No,Mailed check,86.99,859.35
3106-KMNP,Female,0,No,No,28,Yes,No,DSL,Yes,Yes,No,No,Yes,No,Month-to-month,Yes,Electronic check,81.19,2000.83
4623-UQHB,Male,1,Yes,Yes,21,Yes,No,No,No internet service,No internet service,No internet service,No internet service,No internet service,No internet service,Month-to-month,Yes,Electronic check,28.13,552.35
1088-EYKP,Female,0,No,Yes,51,Yes,No,DSL,No,Yes,No,No,Yes,Yes,Two year,No,Electronic check,75.97,3652.2
9510-IUSL,Male,0,No,No,19,Yes,No,DSL,No,No,Yes,No,No,No,One year,No,Credit card (automatic),57.57,1081.04
8290-RKHH,Male,0,No,No,8,Yes,Yes,Fiber optic,No,Yes,No,No,Yes,Yes,Month-to-month,No,Electronic check,101.62,821.47
2436-TLJE,Female,0,Yes,No,51,Yes,Yes,Fiber optic,No,No,No,Yes,No,Yes,One year,Yes,Electronic check,94.06,4485.38
2048-NXTU,Male,1,Yes,No,7,Yes,Yes,DSL,No,Yes,Yes,Yes,No,Yes,One year,No,Mailed check,85.11,534.01
6279-NOBE,Female,0,No,Yes,27,Yes,No,Fiber optic,Yes,No,Yes,Yes,No,Yes,Two year,Yes,Bank transfer (automatic),89.59,2298.06
4323-QYZF,Male,0,Yes,Yes,22,Yes,Yes,DSL,No,No,No,No,Yes,Yes,Month-to-month,No,Credit card (automatic),74.77,1581.34
7378-PYWR,Female,1,No,Yes,34,Yes,No,Fiber optic,Yes,Yes,Yes,Yes,Yes,No,Month-to-month,No,Credit card (automatic),103.91,3196.58
2996-KMKS,Female,0,Yes,Yes,35,Yes,Yes,Fiber optic,No,No,No,No,No,Yes,Month-to-month,No,Bank transfer (automatic),98.45,3473.0
1268-ALHP,Male,0,No,No,15,Yes,Yes,DSL,No,Yes,Yes,No,Yes,No,Month-to-month,No,Mailed check,72.42,1026.05
8084-BSDE,Male,0,Yes,No,44,Yes,Yes,DSL,Yes,No,No,Yes,Yes,Yes,Month-to-month,Yes,Electronic check,78.69,3358.21
3881-HXWE,Male,0,No,No,3,Yes,Yes,DSL,No,No,No,No,No,Yes,One year,Yes,Electronic check,67.76,203.96
8087-BMOE,Female,1,Yes,No,18,Yes,Yes,Fiber optic,No,Yes,Yes,No,No,No,Month-to-month,Yes,Electronic check,88.7,1491.06
9145-IMJE,Female,0,No,No,28,Yes,No,DSL,No,No,Yes,Yes,No,Yes,Month-to-month,Yes,Electronic check,73.26,1952.53
8499-RMOK,Male,0,No,No,41,Yes,No,No,No internet service,No internet service,No internet service,No internet service,No internet service,No internet service,Month-to-month,No,Electronic check,35.9,1377.08
3300-TOWN,Male,0,No,Yes,41,No,No phone service,Fiber optic,Yes,No,Yes,Yes,Yes,Yes,Month-to-month,Yes,Bank transfer (automatic),96.82,3694.54
1078-DOUV,Male,0,Yes,No,3,Yes,Yes,No,No internet service,No internet service,No internet service,No internet service,No internet service,No internet service,Month-to-month,Yes,Credit card (automatic),40.32,115.88
4434-MLHK,Male,0,No,Yes,11,Yes,Yes,Fiber optic,No,Yes,No,Yes,Yes,No,Month-to-month,Yes,Electronic check,96.29,974.15
2103-IGRE,Female,0,No,No,12,Yes,No,DSL,No,No,No,No,Yes,No,Two year,Yes,Electronic check,68.62,781.38
3933-KBGY,Male,0,No,No,33,Yes,Yes,DSL,No,Yes,Yes,No,Yes,Yes,One year,Yes,Bank transfer (automatic),86.41,2630.89
5959-XHPS,Male,0,Yes,No,45,Yes,No,Fiber optic,Yes,Yes,No,Yes,Yes,Yes,Month-to-month,No,Credit card (automatic),103.53,4599.17
3919-PYSW,Female,0,No,No,14,Yes,No,Fiber optic,No,Yes,No,No,Yes,Yes,Month-to-month,No,Credit card (automatic),98.47,1240.65
1080-TCLB,Female,0,No,Yes,42,Yes,No,Fiber optic,Yes,No,No,No,No,Yes,Month-to-month,Yes,Credit card (automatic),90.04,3531.89
7841-PWZC,Male,1,Yes,No,23,Yes,Yes,Fiber optic,Yes,No,Yes,No,Yes,Yes,Month-to-month,No,Electronic check,106.69,2457.32
9413-HALO,Male,0,No,No,53,Yes,Yes,No,No internet service,No internet service,No internet service,No internet service,No internet service,No internet service,Month-to-month,Yes,Electronic check,34.97,1606.05
3627-GFLO,Male,0,Yes,No,26,Yes,Yes,Fiber optic,No,Yes,Yes,Yes,Yes,No,Month-to-month,Yes,Electronic check,105.36,2515.87
7066-FZVW,Male,0,Yes,No,49,Yes,No,No,No internet service,No internet service,No internet service,No internet service,No internet service,No internet service,Two year,Yes,Bank transfer (automatic),33.53,1642.34
6518-CCTB,Male,0,Yes,No,63,Yes,Yes,Fiber optic,No,No,Yes,No,Yes,No,Month-to-month,Yes,Credit card (automatic),84.65,5349.14
7182-DEYG,Male,0,No,Yes,33,Yes,Yes,Fiber optic,Yes,No,No,No,Yes,Yes,One year,No,Bank transfer (automatic),103.94,3374.84
1819-AACN,Female,0,No,No,55,Yes,No,DSL,No,No,No,Yes,Yes,No,Month-to-month,Yes,Electronic check,69.12,3697.86
2884-EZPQ,Female,0,Yes,No,7,Yes,Yes,DSL,Yes,Yes,No,No,Yes,No,Two year,Yes,Electronic check,79.48,545.63
9663-ABCY,Female,0,Yes,No,51,Yes,Yes,Fiber optic,No,Yes,Yes,Yes,No,Yes,Month-to-month,Yes,Credit card (automatic),103.07,5215.56
1401-SYBP,Female,0,No,Yes,21,Yes,No,DSL,Yes,Yes,No,No,No,No,Two year,No,Electronic check,64.02,1359.55
3700-BWIZ,Female,0,No,No,14,Yes,No,Fiber optic,No,No,No,Yes,No,Yes,Month-to-month,No,Electronic check,92.23,1197.9
9509-PAMQ,Male,0,No,Yes,4,Yes,Yes,DSL,No,No,No,Yes,Yes,Yes,Month-to-month,Yes,Mailed check,79.17,312.24
3795-MKGZ,Male,0,Yes,Yes,5,Yes,No,Fiber optic,Yes,Yes,No,No,Yes,Yes,Month-to-month,Yes,Bank transfer (automatic),103.6,496.16
3066-FTRF,Female,0,No,Yes,7,Yes,No,DSL,No,No,No,No,Yes,No,Month-to-month,Yes,Electronic check,62.59,425.9
2954-MYAG,Male,0,Yes,No,15,Yes,Yes,Fiber optic,No,No,No,Yes,Yes,No,Month-to-month,No,Mailed check,93.16,1356.91
3424-PDCR,Male,1,No,No,26,Yes,Yes,DSL,Yes,No,Yes,No,Yes,No,Month-to-month,Yes,Bank transfer (automatic),74.54,1928.07
5920-YWIZ,Male,0,Yes,No,26,Yes,No,Fiber optic,No,Yes,No,No,Yes,Yes,Month-to-month,Yes,Electronic check,94.76,2373.34
4471-FHBI,Male,0,No,No,22,Yes,No,DSL,Yes,No,No,No,Yes,Yes,One year,Yes,Electronic check,68.53,1353.73
8864-JIMJ,Male,0,No,Yes,16,Yes,Yes,DSL,No,Yes,No,No,No,Yes,Month-to-month,Yes,Mailed check,75.65,1167.4
4547-OCGN,Male,0,No,Yes,35,Yes,Yes,DSL,No,No,Yes,No,Yes,No,Month-to-month,Yes,Mailed check,68.4,2327.3
1208-QBZJ,Female,0,Yes,No,15,Yes,Yes,Fiber optic,Yes,No,Yes,No,Yes,No,One year,No,Credit card (automatic),102.49,1385.59
3399-RUWT,Male,1,No,No,28,Yes,Yes,Fiber optic,Yes,No,Yes,No,Yes,Yes,Month-to-month,No,Bank transfer (automatic),106.24,2764.79
3256-KWEO,Male,1,No,Yes,36,Yes,No,Fiber optic,No,Yes,No,No,Yes,No,Two year,Yes,Electronic check,86.66,2842.64
4512-JPBJ,Female,1,No,No,15,Yes,No,Fiber optic,Yes,No,Yes,Yes,No,Yes,One year,Yes,Bank transfer (automatic),95.41,1300.74
5414-LBGH,Male,0,Yes,No,48,Yes,No,No,No internet service,No internet service,No internet service,No internet service,No internet service,No internet service,Month-to-month,Yes,Bank transfer (automatic),26.19,1249.21
4707-QFPS,Female,0,No,No,15,Yes,No,No,No internet service,No internet service,No internet service,No internet service,No internet service,No internet service,Month-to-month,Yes,Mailed check,30.6,438.85
8718-LLFZ,Female,0,Yes,Yes,38,Yes,No,Fiber optic,No,No,No,No,Yes,Yes,Month-to-month,No,Electronic check,93.42,3017.64
6418-JGOD,Female,0,No,No,55,Yes,Yes,No,No internet service,No internet service,No internet service,No internet service,No internet service,No internet service,Month-to-month,Yes,Bank transfer (automatic),35.45,1924.19
6337-BLGX,Female,0,No,No,8,Yes,Yes,Fiber optic,No,Yes,Yes,No,No,No,Month-to-month,Yes,Bank transfer (automatic),94.24,755.55
5536-PJBU,Female,0,No,No,7,No,No phone service,DSL,No,Yes,Yes,No,Yes,No,Month-to-month,No,Electronic check,58.18,395.26
2673-NKLI,Male,0,No,No,52,No,No phone service,Fiber optic,Yes,Yes,No,No,Yes,Yes,One year,Yes,Credit card (automatic),97.11,5173.97
8867-LAHB,Male,1,Yes,No,46,Yes,Yes,Fiber optic,No,No,Yes,No,No,No,One year,Yes,Mailed check,85.33,3685.46
7473-IFCF,Male,0,Yes,Yes,42,Yes,Yes,Fiber optic,Yes,Yes,No,Yes,No,No,Month-to-month,Yes,Electronic check,96.64,3963.12
3898-OQEQ,Female,0,No,Yes,23,Yes,No,Fiber optic,No,Yes,No,Yes,No,No,Month-to-month,Yes,Electronic check,84.94,1848.54
9226-QXMC,Female,0,Yes,Yes,53,No,No phone service,Fiber optic,No,No,Yes,No,No,No,Month-to-month,Yes,Credit card (automatic),75.17,3685.08
2458-FPKB,Female,0,Yes,No,31,Yes,Yes,Fiber optic,No,Yes,Yes,Yes,Yes,Yes,One year,Yes,Electronic check,116.68,3803.77
4603-UDNZ,Male,0,Yes,No,22,Yes,Yes,DSL,Yes,No,No,No,No,Yes,Month-to-month,Yes,Electronic check,77.55,1585.39
4413-WROD,Male,0,Yes,No,26,Yes,No,Fiber optic,No,Yes,Yes,No,Yes,Yes,Month-to-month,Yes,Electronic check,100.59,2491.62
1131-HJCH,Male,0,No,Yes,8,Yes,No,Fiber optic,No,No,Yes,No,Yes,No,One year,Yes,Credit card (automatic),88.91,715.75
9380-ODUM,Male,0,No,No,15,Yes,Yes,Fiber optic,Yes,No,Yes,No,No,Yes,One year,Yes,Bank transfer (automatic),98.3,1447.6
6746-VEEC,Female,0,Yes,Yes,22,Yes,Yes,Fiber optic,Yes,Yes,Yes,Yes,No,Yes,Month-to-month,No,Electronic check,104.12,2112.84
2236-IRRJ,Female,0,No,No,43,Yes,No,Fiber optic,No,No,Yes,No,No,No,Month-to-month,Yes,Electronic check,85.63,3564.94
6314-IXHN,Female,1,Yes,No,8,No,No phone service,Fiber optic,Yes,Yes,No,Yes,Yes,Yes,Month-to-month,Yes,Electronic check,86.82,605.87
5203-SFKH,Male,0,No,No,15,Yes,No,DSL,No,No,No,Yes,Yes,No,One year,Yes,Bank transfer (automatic),72.06,958.4
9010-TZQV,Female,0,No,No,44,No,No phone service,No,No internet service,No internet service,No internet service,No internet service,No internet service,No internet service,Month-to-month,Yes,Electronic check,23.02,907.38
8845-JPVZ,Male,1,No,No,1,Yes,Yes,Fiber optic,Yes,Yes,Yes,No,Yes,Yes,Month-to-month,No,Credit card (automatic),118.67,113.46
5455-ESAX,Female,1,No,No,14,Yes,Yes,Fiber optic,Yes,Yes,Yes,Yes,No,No,Month-to-month,No,Bank transfer (automatic),102.56,1430.85
8398-XMET,Male,0,Yes,No,32,Yes,Yes,Fiber optic,No,Yes,No,No,No,No,Month-to-month,Yes,Bank transfer (automatic),86.5,2817.6
5908-RZTV,Female,0,No,Yes,2,Yes,No,Fiber optic,No,Yes,Yes,No,Yes,Yes,Month-to-month,Yes,Bank transfer (automatic),100.0,184.64
6779-RKZB,Male,0,Yes,Yes,32,Yes,Yes,Fiber optic,Yes,No,Yes,Yes,Yes,Yes,One year,No,Mailed check,108.16,3218.29
1913-HBHK,Female,0,No,No,40,Yes,No,DSL,No,Yes,No,Yes,Yes,Yes,Month-to-month,Yes,Mailed check,77.67,3063.41
2792-TWCN,Female,0,Yes,No,15,No,No phone service,DSL,No,Yes,No,No,Yes,Yes,Month-to-month,No,Mailed check,68.92,999.7
4467-RSVA,Female,1,No,No,45,Yes,Yes,Fiber optic,Yes,No,No,No,Yes,No,Month-to-month,Yes,Bank transfer (automatic),92.91,4261.1
1380-VMRP,Female,1,No,No,51,Yes,No,Fiber optic,No,Yes,No,No,Yes,Yes,Month-to-month,No,Electronic check,102.02,5077.89
6999-NNHT,Female,0,No,No,30,No,No phone service,Fiber optic,Yes,Yes,No,No,Yes,Yes,Month-to-month,No,Electronic check,91.48,2530.7
5192-WRSF,Male,1,No,Yes,13,Yes,No,Fiber optic,Yes,No,No,No,Yes,No,Month-to-month,No,Credit card (automatic),97.9,1280.52
4085-DUFH,Male,0,Yes,No,4,Yes,Yes,Fiber optic,No,No,Yes,No,Yes,No,Month-to-month,Yes,Credit card (automatic),92.47,350.08
6482-SXKL,Female,0,Yes,No,41,Yes,Yes,DSL,No,Yes,Yes,No,Yes,Yes,Month-to-month,Yes,Mailed check,83.89,3428.27
9858-HMFN,Male,0,Yes,No,15,Yes,No,DSL,No,No,No,Yes,No,No,Month-to-month,Yes,Electronic check,61.65,910.5
5777-IDCH,Male,0,Yes,No,15,Yes,No,DSL,Yes,No,Yes,No,Yes,No,Month-to-month,Yes,Mailed check,64.68,902.24
3750-RZYZ,Female,0,Yes,No,42,Yes,Yes,Fiber optic,No,Yes,Yes,No,Yes,Yes,Month-to-month,Yes,Electronic check,104.46,4542.41
9544-BGLI,Male,0,No,No,26,Yes,Yes,DSL,No,No,No,No,Yes,Yes,Month-to-month,Yes,Electronic check,69.57,1634.76
6687-BFMK,Female,0,No,No,11,Yes,No,Fiber optic,Yes,Yes,No,No,Yes,Yes,One year,No,Electronic check,100.73,1101.55
4107-GAIY,Female,0,No,No,41,Yes,No,DSL,Yes,Yes,No,No,No,Yes,Month-to-month,Yes,Electronic check,71.55,2644.28
2996-TMBU,Female,0,No,Yes,12,Yes,No,DSL,No,Yes,No,Yes,Yes,Yes,One year,No,Bank transfer (automatic),81.88,951.02
7823-KBWE,Male,0,No,No,28,Yes,No,Fiber optic,No,Yes,No,No,Yes,Yes,One year,Yes,Credit card (automatic),101.31,2749.47
9369-FJFY,Female,0,No,Yes,10,Yes,No,Fiber optic,No,Yes,No,Yes,No,Yes,Two year,Yes,Electronic check,99.98,965.26
7341-SSRF,Female,0,Yes,No,45,Yes,Yes,DSL,No,Yes,Yes,Yes,Yes,Yes,Month-to-month,Yes,Mailed check,88.27,4010.71
8971-SSCS,Male,0,Yes,Yes,12,Yes,No,Fiber optic,No,Yes,No,No,Yes,No,Two year,No,Electronic check,93.39,1111.08
7384-BUGZ,Female,0,Yes,No,52,Yes,No,No,No internet service,No internet service,No internet service,No internet service,No internet service,No internet service,One year,No,Mailed check,33.23,1623.29
5590-AVUB,Female,1,No,Yes,44,Yes,No,Fiber optic,No,No,No,Yes,Yes,Yes,Month-to-month,Yes,Electronic check,101.34,4150.39
7503-JVOR,Female,0,No,No,59,Yes,No,DSL,No,No,No,No,Yes,Yes,Two year,Yes,Electronic check,67.06,4057.66
9017-RHDE,Male,0,Yes,No,34,Yes,Yes,Fiber optic,No,Yes,Yes,No,Yes,No,Month-to-month,No,Electronic check,105.57,3468.43
3246-AWNU,Male,0,No,No,14,Yes,Yes,Fiber optic,No,Yes,Yes,Yes,Yes,Yes,One year,Yes,Electronic check,107.08,1391.06
9787-OIYY,Male,1,No,No,38,Yes,No,Fiber optic,No,No,Yes,No,No,Yes,Month-to-month,Yes,Bank transfer (automatic),89.41,3271.05
5893-HIYT,Male,0,No,No,32,Yes,Yes,Fiber optic,Yes,No,Yes,No,No,No,Month-to-month,No,Electronic check,95.37,2993.08
1770-AKWB,Female,0,No,No,12,Yes,No,Fiber optic,Yes,Yes,No,No,No,Yes,Two year,Yes,Electronic check,101.58,1116.44
1971-GWVO,Female,0,Yes,No,53,Yes,No,DSL,No,No,No,No,Yes,Yes,Month-to-month,No,Electronic check,70.02,3680.75
9788-KQKB,Male,0,No,Yes,29,Yes,No,No,No internet service,No internet service,No internet service,No internet service,No internet service,No internet service,Month-to-month,Yes,Electronic check,27.69,758.31
5798-SFNF,Male,1,No,No,47,Yes,Yes,Fiber optic,No,No,Yes,No,Yes,No,Two year,No,Bank transfer (automatic),91.72,3980.65
2946-GYJC,Male,0,No,Yes,0,Yes,No,DSL,No,Yes,No,Yes,Yes,No,Month-to-month,Yes,Electronic check,70.41,
9755-IPWH,Female,0,No,Yes,52,Yes,No,Fiber optic,No,No,No,Yes,No,Yes,Two year,Yes,Electronic check,95.88,4322.97
2098-LOOX,Male,0,No,No,30,Yes,Yes,Fiber optic,No,No,No,No,Yes,Yes,Two year,Yes,Credit card (automatic),93.93,2772.13
1208-RTYU,Female,0,Yes,Yes,18,No,No phone service,No,No internet service,No internet service,No internet service,No internet service,No internet service,No internet service,Month-to-month,No,Bank transfer (automatic),18.0,297.11
6283-VUBF,Male,0,Yes,No,2,Yes,Yes,Fiber optic,Yes,No,No,No,Yes,Yes,Month-to-month,Yes,Mailed check,99.09,183.13
3423-JEVW,Female,0,Yes,No,43,Yes,Yes,No,No internet service,No internet service,No internet service,No internet service,No internet service,No internet service,Month-to-month,Yes,Electronic check,35.49,1431.13
7039-PYXJ,Male,0,No,Yes,42,Yes,No,Fiber optic,No,Yes,No,No,No,Yes,Month-to-month,No,Electronic check,86.69,3515.79
1791-LQUE,Female,0,Yes,No,31,Yes,Yes,Fiber optic,No,No,No,No,No,Yes,Month-to-month,Yes,Electronic check,92.68,2787.36
7537-KEMU,Female,0,No,No,12,Yes,No,DSL,No,No,Yes,Yes,No,No,Two year,Yes,Mailed check,64.71,759.11
7042-MOWY,Male,0,Yes,No,19,Yes,No,DSL,Yes,Yes,No,No,Yes,No,Month-to-month,No,Bank transfer (automatic),69.74,1279.11
3440-QONP,Female,0,No,No,60,Yes,Yes,Fiber optic,Yes,No,No,No,No,Yes,Month-to-month,Yes,Electronic check,95.36,5022.69
4843-MGEZ,Female,0,Yes,No,20,Yes,Yes,No,No internet service,No internet service,No internet service,No internet service,No internet service,No internet service,Month-to-month,Yes,Electronic check,34.53,663.31
5364-GTKX,Female,0,No,Yes,16,Yes,Yes,Fiber optic,No,Yes,Yes,Yes,Yes,Yes,Month-to-month,Yes,Bank transfer (automatic),109.82,1714.23
9713-DOXW,Male,0,Yes,No,51,Yes,No,DSL,No,Yes,No,No,No,Yes,Two year,Yes,Mailed check,68.9,3474.83
9541-XPLZ,Female,0,No,Yes,41,Yes,Yes,Fiber optic,No,No,No,Yes,No,No,Month-to-month,Yes,Credit card (automatic),87.39,3506.34
2505-VMFY,Male,1,No,No,24,Yes,No,Fiber optic,Yes,No,Yes,No,Yes,No,Month-to-month,Yes,Electronic check,100.56,2301.86
4253-EGNI,Female,0,No,No,11,Yes,Yes,No,No internet service,No internet service,No internet service,No internet service,No internet service,No internet service,Month-to-month,No,Bank transfer (automatic),38.17,409.61
8460-JTRK,Male,0,No,No,6,Yes,No,DSL,Yes,No,Yes,No,Yes,Yes,Month-to-month,Yes,Electronic check,78.43,448.6
7033-RWLU,Female,0,No,No,27,Yes,No,Fiber optic,No,Yes,No,Yes,No,Yes,Month-to-month,No,Electronic check,87.92,2268.01
1337-PIZO,Male,0,Yes,No,44,Yes,Yes,Fiber optic,No,No,Yes,Yes,Yes,No,One year,Yes,Bank transfer (automatic),102.84,4271.09
6705-CPXH,Female,0,Yes,Yes,21,Yes,No,DSL,Yes,Yes,No,No,No,No,Month-to-month,No,Bank transfer (automatic),63.45,1273.57
9178-DNHB,Female,0,Yes,No,39,Yes,No,Fiber optic,No,No,No,No,Yes,Yes,Month-to-month,No,Electronic check,89.47,3383.41
4069-DEGG,Male,0,No,No,1,Yes,Yes,Fiber optic,No,No,No,No,Yes,Yes,One year,Yes,Electronic check,90.69,87.96
8481-OKDS,Female,1,Yes,No,20,Yes,Yes,DSL,No,Yes,No,Yes,No,Yes,Month-to-month,No,Credit card (automatic),79.37,1634.23
9101-NSRA,Female,0,Yes,No,17,Yes,No,DSL,Yes,No,Yes,No,No,No,Month-to-month,No,Mailed check,60.64,932.93
4528-IADQ,Female,0,No,No,15,No,No phone service,Fiber optic,Yes,Yes,Yes,No,Yes,Yes,Two year,Yes,Electronic check,103.43,1527.35
6830-JLBZ,Male,0,No,Yes,11,Yes,Yes,Fiber optic,No,No,No,No,Yes,Yes,One year,Yes,Electronic check,92.93,1039.61
6939-OBRN,Female,0,No,No,30,Yes,Yes,Fiber optic,Yes,No,No,Yes,Yes,No,Month-to-month,Yes,Electronic check,98.38,2848.5
8676-UKXK,Male,1,No,Yes,23,Yes,Yes,DSL,Yes,Yes,No,Yes,No,No,One year,Yes,Mailed check,79.35,1742.89
7058-MDQU,Male,0,No,Yes,10,Yes,No,DSL,No,No,Yes,Yes,Yes,Yes,Month-to-month,Yes,Electronic check,84.38,823.27
4728-IVWE,Male,0,Yes,No,37,Yes,Yes,Fiber optic,No,Yes,No,No,No,No,One year,Yes,Credit card (automatic),92.69,3302.33
7457-LQAY,Male,0,Yes,No,48,Yes,No,DSL,No,Yes,Yes,Yes,Yes,Yes,Month-to-month,No,Credit card (automatic),84.9,3718.91
5031-DDIT,Female,0,Yes,Yes,28,Yes,No,Fiber optic,No,Yes,No,No,No,Yes,Two year,No,Credit card (automatic),84.83,2230.43
2397-LUVX,Female,1,No,No,7,Yes,No,DSL,Yes,No,Yes,Yes,No,No,One year,No,Bank transfer (automatic),62.88,422.35
2084-DNWB,Male,0,Yes,No,24,Yes,No,DSL,No,No,Yes,No,No,Yes,Two year,Yes,Electronic check,63.9,1441.5
9845-BUOS,Male,0,Yes,No,14,Yes,No,Fiber optic,No,No,No,No,No,Yes,Month-to-month,No,Bank transfer (automatic),83.96,1092.81
5879-GWBO,Male,0,No,No,61,Yes,Yes,Fiber optic,No,No,Yes,No,Yes,Yes,Month-to-month,Yes,Credit card (automatic),98.45,6386.76
5244-UUBQ,Male,0,Yes,No,17,Yes,No,DSL,No,Yes,Yes,Yes,Yes,No,One year,Yes,Bank transfer (automatic),79.34,1308.55
3802-MDGQ,Female,0,Yes,No,11,Yes,No,Fiber optic,Yes,Yes,No,No,Yes,Yes,Two year,Yes,Electronic check,96.02,1062.23
3910-DLCW,Female,0,Yes,No,19,Yes,No,DSL,No,Yes,Yes,Yes,No,No,Month-to-month,Yes,Bank transfer (automatic),73.35,1417.64
1536-VNFT,Female,1,Yes,No,14,Yes,No,Fiber optic,Yes,Yes,Yes,Yes,Yes,No,Month-to-month,Yes,Electronic check,104.68,1373.63
9313-SKEB,Female,0,Yes,No,28,Yes,Yes,Fiber optic,Yes,No,Yes,No,No,Yes,Month-to-month,Yes,Mailed check,100.51,2742.53
7854-VCPW,Male,0,No,No,5,Yes,No,DSL,No,No,No,Yes,No,Yes,Month-to-month,Yes,Electronic check,64.34,337.55
4445-OUDN,Female,0,No,No,26,Yes,Yes,Fiber optic,No,Yes,No,No,No,Yes,Month-to-month,Yes,Electronic check,92.74,2372.0
1744-KSUU,Male,0,No,No,56,Yes,No,Fiber optic,No,Yes,No,No,No,Yes,Month-to-month,No,Bank transfer (automatic),90.22,4783.93
9695-IMKC,Male,0,No,No,55,Yes,Yes,Fiber optic,No,Yes,Yes,No,No,No,Month-to-month,No,Electronic check,92.19,4664.55
8597-BRXI,Female,0,No,No,37,No,No phone service,Fiber optic,Yes,No,Yes,No,Yes,Yes,Month-to-month,Yes,Electronic check,96.19,3335.81
6990-YRCS,Male,0,Yes,Yes,19,Yes,Yes,Fiber optic,No,Yes,No,No,No,No,One year,Yes,Electronic check,89.49,1505.04
2345-JTEK,Female,1,Yes,No,35,Yes,No,Fiber optic,Yes,No,Yes,No,No,Yes,Month-to-month,Yes,Mailed check,95.9,3162.41
7365-FEHN,Male,0,Yes,No,51,Yes,No,Fiber optic,No,No,No,Yes,No,Yes,One year,No,Electronic check,93.38,4536.9
1993-WAMA,Female,0,No,No,4,Yes,Yes,DSL,Yes,No,No,No,Yes,Yes,Month-to-month,No,Electronic check,73.29,264.54
1919-TWVT,Male,0,No,No,30,Yes,No,Fiber optic,No,No,Yes,Yes,No,Yes,Two year,Yes,Credit card (automatic),91.23,2708.34
6339-FOGY,Male,1,No,No,8,Yes,Yes,Fiber optic,Yes,No,Yes,No,Yes,No,Month-to-month,Yes,Credit card (automatic),97.57,773.47
5994-LALM,Male,0,No,No,40,Yes,No,Fiber optic,Yes,Yes,No,Yes,Yes,No,Month-to-month,No,Electronic check,98.44,3775.85
9995-BEQG,Male,0,Yes,Yes,26,No,No phone service,Fiber optic,Yes,No,No,No,Yes,Yes,Month-to-month,Yes,Mailed check,88.65,2399.32
8832-FKWW,Female,0,No,No,12,Yes,Yes,Fiber optic,No,No,No,No,Yes,Yes,One year,Yes,Mailed check,101.55,1223.67
5670-IUMO,Female,0,No,No,21,Yes,Yes,DSL,No,Yes,No,Yes,No,Yes,Month-to-month,No,Bank transfer (automatic),80.0,1640.01
1734-CAOQ,Male,0,No,No,2,Yes,No,DSL,No,No,No,Yes,No,No,Month-to-month,Yes,Electronic check,59.95,115.22
2855-OPCG,Male,0,Yes,No,17,Yes,No,Fiber optic,No,No,Yes,Yes,Yes,Yes,Month-to-month,No,Electronic check,102.09,1519.7
2131-CYFA,Female,0,Yes,Yes,45,Yes,Yes,No,No internet service,No internet service,No internet service,No internet service,No internet service,No internet service,Month-to-month,Yes,Mailed check,38.01,1513.28
9371-NTIE,Male,0,No,No,32,Yes,No,Fiber optic,No,No,Yes,Yes,No,No,Month-to-month,Yes,Mailed check,79.05,2217.56
3281-ZPXU,Female,0,Yes,No,21,Yes,Yes,Fiber optic,No,No,No,No,Yes,Yes,One year,No,Bank transfer (automatic),105.38,2003.42
3736-LBGC,Male,1,No,No,42,Yes,Yes,Fiber optic,No,Yes,Yes,Yes,No,No,One year,Yes,Electronic check,95.19,3779.52
6523-KVBM,Female,0,No,Yes,16,Yes,Yes,DSL,No,No,Yes,No,Yes,Yes,One year,No,Electronic check,71.64,1142.34
9945-MODO,Male,1,No,No,24,Yes,No,DSL,No,Yes,Yes,No,No,Yes,One year,No,Bank transfer (automatic),79.22,1847.91
1529-FXJB,Male,0,Yes,No,25,Yes,Yes,Fiber optic,No,No,No,No,No,No,Month-to-month,Yes,Bank transfer (automatic),86.3,2149.97
4760-KIUV,Female,1,No,No,14,Yes,Yes,Fiber optic,No,No,Yes,No,Yes,Yes,One year,Yes,Credit card (automatic),98.65,1270.85
2950-RVXE,Male,1,No,No,35,Yes,Yes,Fiber optic,No,No,Yes,No,Yes,No,One year,Yes,Mailed check,88.0,2971.99
3929-CRQM,Male,0,Yes,Yes,58,Yes,No,Fiber optic,No,Yes,Yes,No,No,Yes,Month-to-month,Yes,Mailed check,97.4,5678.38
3438-XSEW,Female,1,Yes,No,62,Yes,Yes,Fiber optic,Yes,No,Yes,No,Yes,No,Month-to-month,No,Bank transfer (automatic),103.52,6186.83
9387-PZPY,Male,0,No,No,48,Yes,Yes,Fiber optic,No,No,Yes,Yes,Yes,No,One year,Yes,Bank transfer (automatic),101.61,5051.46
5472-NIQO,Male,0,Yes,No,15,Yes,Yes,Fiber optic,Yes,No,Yes,No,No,No,Month-to-month,Yes,Electronic check,85.26,1224.54
5289-LEQW,Female,0,Yes,No,34,Yes,Yes,No,No internet service,No internet service,No internet service,No internet service,No internet service,No internet service,One year,Yes,Electronic check,36.65,1164.2
9600-XJOL,Female,0,No,No,37,Yes,Yes,Fiber optic,Yes,No,Yes,No,Yes,No,Month-to-month,Yes,Bank transfer (automatic),94.14,3150.51
8822-BEQV,Male,0,No,No,13,Yes,Yes,Fiber optic,No,Yes,No,No,Yes,No,One year,Yes,Credit card (automatic),95.03,1176.66
5974-UMZA,Female,1,No,No,21,Yes,No,Fiber optic,No,Yes,No,No,No,Yes,Month-to-month,Yes,Electronic check,86.28,1795.52
8944-BFWF,Female,0,No,No,40,Yes,No,DSL,No,No,Yes,Yes,Yes,Yes,Month-to-month,Yes,Mailed check,78.02,2853.96
3398-RBEH,Male,0,Yes,No,9,Yes,No,Fiber optic,No,Yes,Yes,Yes,No,Yes,Month-to-month,No,Electronic check,95.06,879.46
7463-XJVU,Female,1,No,No,8,Yes,Yes,DSL,Yes,Yes,No,No,No,No,Month-to-month,No,Electronic check,67.58,524.4
3249-KSNA,Female,0,Yes,No,10,Yes,No,Fiber optic,Yes,No,Yes,No,No,Yes,Month-to-month,Yes,Electronic check,87.73,857.76
2495-INIM,Female,0,Yes,No,10,Yes,No,DSL,No,No,Yes,No,Yes,No,Month-to-month,Yes,Mailed check,63.05,631.75
9309-TNLH,Male,0,Yes,No,29,Yes,Yes,Fiber optic,No,No,Yes,No,No,No,Month-to-month,Yes,Credit card (automatic),89.32,2498.87
8420-AYVT,Male,1,No,Yes,31,Yes,No,DSL,No,No,No,No,Yes,No,Month-to-month,No,Electronic check,59.49,1881.79
4359-TUWR,Female,1,No,No,27,Yes,No,DSL,Yes,No,No,No,Yes,Yes,Two year,Yes,Credit card (automatic),75.98,1872.61
3202-BXCG,Female,0,Yes,Yes,34,Yes,No,Fiber optic,Yes,Yes,Yes,Yes,No,No,One year,Yes,Electronic check,100.22,3372.01
3496-TCQR,Male,0,No,No,27,Yes,No,DSL,Yes,No,No,No,No,Yes,Month-to-month,No,Credit card (automatic),68.92,1751.99
4028-EYSH,Female,1,No,No,18,Yes,Yes,Fiber optic,No,No,No,No,No,No,Month-to-month,No,Electronic check,86.96,1488.09
6819-ZOEU,Male,0,No,No,34,No,No phone service,Fiber optic,No,No,No,Yes,Yes,Yes,Month-to-month,Yes,Electronic check,90.08,3013.87
5721-LPUO,Male,0,No,No,24,Yes,No,Fiber optic,No,No,No,Yes,Yes,Yes,One year,Yes,Electronic check,94.88,2106.71
6397-NZES,Female,0,No,No,35,Yes,No,Fiber optic,No,No,No,No,Yes,Yes,Two year,Yes,Credit card (automatic),86.36,2951.61
2195-MIDW,Female,1,Yes,Yes,14,No,No phone service,Fiber optic,Yes,No,No,No,No,Yes,Month-to-month,Yes,Bank transfer (automatic),78.75,1081.65
9399-KZLB,Female,0,No,Yes,33,Yes,Yes,DSL,Yes,Yes,No,No,Yes,Yes,Month-to-month,Yes,Electronic check,87.52,2928.78
4711-QXIV,Male,0,No,No,16,Yes,Yes,Fiber optic,No,Yes,No,No,No,No,Two year,No,Mailed check,88.86,1483.35
9288-EMTQ,Female,0,Yes,Yes,8,Yes,Yes,Fiber optic,No,Yes,No,No,Yes,No,One year,No,Mailed check,95.75,698.33
7719-HZZY,Female,0,No,Yes,29,Yes,No,Fiber optic,No,Yes,No,No,Yes,No,Two year,No,Mailed check,91.58,2434.79
9270-AKJR,Male,0,No,No,37,Yes,Yes,No,No internet service,No internet service,No internet service,No internet service,No internet service,No internet service,One year,Yes,Bank transfer (automatic),36.87,1324.37
7661-KIAZ,Male,0,Yes,No,21,Yes,Yes,Fiber optic,Yes,No,No,No,Yes,Yes,Month-to-month,Yes,Electronic check,100.78,2117.6
1467-GLNQ,Female,1,No,No,3,Yes,No,No,No internet service,No internet service,No internet service,No internet service,No internet service,No internet service,Month-to-month,Yes,Electronic check,30.46,93.34
5778-WYKD,Male,0,Yes,No,34,Yes,No,Fiber optic,No,No,No,No,Yes,Yes,Two year,Yes,Credit card (automatic),89.74,2926.0
5700-UXZT,Male,1,No,Yes,5,Yes,Yes,Fiber optic,No,No,Yes,Yes,Yes,No,Month-to-month,Yes,Electronic check,88.06,463.99
6801-NLJS,Female,0,No,No,2,Yes,Yes,Fiber optic,No,No,Yes,Yes,No,Yes,Month-to-month,No,Bank transfer (automatic),99.0,197.06
5748-WDYO,Female,0,Yes,No,48,No,No phone service,Fiber optic,Yes,No,No,No,No,Yes,Month-to-month,Yes,Credit card (automatic),81.71,3681.87
2396-EBLS,Male,0,Yes,No,13,Yes,No,Fiber optic,No,No,No,Yes,Yes,Yes,One year,No,Mailed check,88.01,1080.37
8008-BFST,Female,0,Yes,Yes,5,Yes,No,Fiber optic,No,No,Yes,No,No,No,Month-to-month,Yes,Electronic check,77.14,369.44
7522-RRPC,Male,0,No,No,13,Yes,No,DSL,Yes,No,No,Yes,Yes,Yes,Month-to-month,Yes,Bank transfer (automatic),82.62,1014.35
8318-WZJE,Male,0,No,No,61,Yes,No,No,No internet service,No internet service,No internet service,No internet service,No internet service,No internet service,Month-to-month,No,Bank transfer (automatic),34.1,2088.84
3967-ENRZ,Male,0,No,No,9,Yes,No,Fiber optic,No,No,Yes,Yes,No,No,Month-to-month,Yes,Bank transfer (automatic),84.15,755.38
9972-WXGF,Male,0,No,No,7,Yes,Yes,Fiber optic,Yes,Yes,No,No,Yes,No,Two year,Yes,Electronic check,93.03,608.99
3882-WCAX,Female,0,Yes,No,25,Yes,Yes,Fiber optic,No,Yes,No,Yes,Yes,Yes,One year,Yes,Mailed check,102.2,2420.48
1443-XUXX,Male,0,Yes,Yes,41,Yes,No,No,No internet service,No internet service,No internet service,No internet service,No internet service,No internet service,Month-to-month,Yes,Electronic check,28.67,1141.25
2248-WOPS,Female,0,Yes,No,34,No,No phone service,Fiber optic,Yes,No,No,No,Yes,No,Two year,Yes,Credit card (automatic),78.49,2640.76
4898-PLVR,Male,0,No,No,48,Yes,No,Fiber optic,No,No,No,Yes,No,Yes,One year,No,Mailed check,87.37,4151.75
2563-VJXV,Female,0,Yes,Yes,38,Yes,Yes,Fiber optic,No,Yes,Yes,No,No,Yes,Month-to-month,Yes,Mailed check,94.32,3568.38
3962-MIEH,Male,0,No,No,28,Yes,No,Fiber optic,No,Yes,Yes,No,Yes,No,Two year,Yes,Electronic check,100.52,2652.13
8292-IXAX,Male,1,No,No,28,Yes,No,Fiber optic,No,Yes,Yes,No,No,Yes,Month-to-month,Yes,Bank transfer (automatic),84.85,2218.27
9722-NZUC,Male,0,No,No,13,Yes,Yes,DSL,Yes,Yes,Yes,No,Yes,No,One year,No,Mailed check,74.67,941.55
8197-NHQP,Male,0,Yes,No,2,Yes,No,Fiber optic,Yes,No,Yes,No,Yes,No,One year,Yes,Bank transfer (automatic),91.11,180.12
5449-ELMU,Male,0,Yes,No,11,Yes,No,Fiber optic,Yes,Yes,No,No,Yes,Yes,Month-to-month,Yes,Mailed check,107.38,1210.81
5799-IKXI,Female,1,Yes,No,22,Yes,No,Fiber optic,Yes,No,Yes,No,Yes,Yes,Month-to-month,Yes,Electronic check,100.53,2248.25
9454-AOBZ,Female,0,Yes,No,31,Yes,No,Fiber optic,Yes,No,Yes,No,No,Yes,Month-to-month,Yes,Electronic check,97.41,2983.53
1430-BNQZ,Male,1,No,Yes,37,Yes,Yes,Fiber optic,No,No,Yes,No,Yes,Yes,One year,Yes,Bank transfer (automatic),102.57,3700.08
1323-EPVY,Female,0,Yes,No,8,Yes,No,Fiber optic,No,No,No,No,Yes,Yes,Month-to-month,Yes,Credit card (automatic),94.52,704.37
2826-EPKG,Female,0,No,No,21,Yes,Yes,No,No internet service,No internet service,No internet service,No internet service,No internet service,No internet service,One year,Yes,Electronic check,37.09,715.16
1329-RZIH,Female,0,Yes,Yes,6,Yes,Yes,No,No internet service,No internet service,No internet service,No internet service,No internet service,No internet service,Month-to-month,Yes,Mailed check,39.0,225.19
6207-EBWT,Male,0,Yes,No,57,Yes,No,DSL,Yes,No,No,No,Yes,No,Two year,Yes,Mailed check,60.07,3392.15
5635-MSSZ,Male,0,No,Yes,46,Yes,Yes,No,No internet service,No internet service,No internet service,No internet service,No internet service,No internet service,Month-to-month,Yes,Mailed check,39.33,1756.32
7171-XPHI,Female,0,No,Yes,43,Yes,Yes,Fiber optic,No,Yes,Yes,Yes,No,Yes,Month-to-month,Yes,Electronic check,100.99,4107.37
4038-XAIL,Female,0,Yes,No,50,Yes,No,Fiber optic,No,No,No,No,Yes,Yes,Month-to-month,No,Electronic check,96.31,4754.73
3684-XIOT,Female,1,Yes,No,34,Yes,Yes,Fiber optic,No,No,No,Yes,Yes,No,Month-to-month,No,Electronic check,92.32,2906.31
3340-KTKN,Female,0,Yes,No,68,Yes,No,Fiber optic,Yes,Yes,Yes,No,No,Yes,Month-to-month,No,Electronic check,98.89,6224.93
2305-JWNR,Male,0,Yes,No,49,Yes,No,Fiber optic,No,No,Yes,Yes,Yes,Yes,Two year,No,Electronic check,99.92,4599.3
5129-VALZ,Female,1,No,No,8,Yes,No,Fiber optic,No,Yes,Yes,No,No,Yes,Month-to-month,Yes,Credit card (automatic),82.96,657.91
8106-TTON,Female,0,No,Yes,17,Yes,No,DSL,No,Yes,Yes,Yes,No,No,Two year,No,Credit card (automatic),59.48,1055.91
5215-ZCHB,Male,0,No,No,52,Yes,No,DSL,No,No,No,Yes,Yes,Yes,Month-to-month,Yes,Credit card (automatic),77.61,3958.61
7097-GVZZ,Male,1,No,Yes,14,Yes,No,Fiber optic,No,No,No,No,Yes,No,Month-to-month,No,Electronic check,83.49,1013.08
1920-MELC,Female,1,Yes,Yes,24,No,No phone service,Fiber optic,No,Yes,No,No,No,Yes,Month-to-month,No,Mailed check,83.62,1800.42
1852-KIJN,Male,1,No,No,33,Yes,Yes,DSL,No,Yes,Yes,Yes,Yes,Yes,One year,No,Bank transfer (automatic),81.85,2607.51
8426-CNGY,Female,0,Yes,Yes,64,Yes,Yes,Fiber optic,No,Yes,No,Yes,No,Yes,Month-to-month,Yes,Mailed check,103.05,6127.29
7931-RPFQ,Female,0,Yes,No,28,Yes,Yes,DSL,No,No,Yes,Yes,No,No,One year,Yes,Mailed check,69.65,1826.7
2243-BLIW,Female,0,No,No,44,Yes,No,No,No internet service,No internet service,No internet service,No internet service,No internet service,No internet service,Month-to-month,Yes,Electronic check,31.83,1315.03
3078-MTRM,Female,0,No,No,26,Yes,No,DSL,No,No,Yes,No,Yes,Yes,Month-to-month,Yes,Electronic check,77.43,1853.39
2962-JYZG,Male,0,Yes,No,40,Yes,Yes,No,No internet service,No internet service,No internet service,No internet service,No internet service,No internet service,Month-to-month,Yes,Electronic check,28.23,1152.32
2939-ONSQ,Male,0,Yes,No,4,No,No phone service,Fiber optic,Yes,Yes,Yes,Yes,No,Yes,One year,Yes,Electronic check,95.96,371.18
5925-BOXU,Female,1,No,No,26,Yes,No,Fiber optic,Yes,No,No,No,No,No,Two year,No,Credit card (automatic),81.88,2016.88
2604-YIMB,Female,0,Yes,No,5,Yes,No,DSL,No,No,No,No,Yes,Yes,Month-to-month,Yes,Electronic check,73.99,353.01
1942-BTPH,Male,1,No,No,25,No,No phone service,DSL,Yes,No,No,Yes,Yes,No,Month-to-month,Yes,Credit card (automatic),59.43,1437.77
2202-CNHB,Female,1,No,Yes,52,Yes,Yes,Fiber optic,No,No,Yes,No,No,No,Month-to-month,Yes,Bank transfer (automatic),85.18,4227.41
8484-KLBB,Male,0,Yes,No,52,Yes,No,Fiber optic,No,No,Yes,No,Yes,No,One year,Yes,Bank transfer (automatic),90.08,4364.51
8696-WOTV,Female,0,Yes,No,13,Yes,No,DSL,No,Yes,Yes,No,Yes,Yes,Month-to-month,Yes,Electronic check,70.27,907.02
2474-TCZF,Female,0,Yes,No,55,Yes,No,Fiber optic,No,Yes,Yes,No,Yes,Yes,Month-to-month,No,Mailed check,104.19,5575.8
4092-EPYN,Male,0,No,No,14,Yes,No,DSL,No,Yes,Yes,No,Yes,No,Month-to-month,No,Credit card (automatic),76.26,987.17
7896-BIDX,Female,0,Yes,No,17,Yes,Yes,Fiber optic,Yes,No,Yes,Yes,No,Yes,Month-to-month,Yes,Credit card (automatic),102.81,1689.87
8875-MYET,Male,1,No,No,6,Yes,Yes,Fiber optic,No,No,Yes,No,Yes,No,Month-to-month,Yes,Electronic check,91.78,512.08
5650-BNST,Female,0,Yes,No,27,Yes,No,Fiber optic,Yes,Yes,Yes,No,No,Yes,Month-to-month,No,Electronic check,96.83,2481.22
5528-QPNF,Male,1,Yes,No,27,Yes,Yes,Fiber optic,No,No,No,No,Yes,No,Month-to-month,Yes,Electronic check,89.0,2276.13
5266-YKTS,Female,0,Yes,No,43,Yes,No,Fiber optic,Yes,No,No,Yes,No,Yes,Month-to-month,Yes,Mailed check,90.04,3795.82
5954-ZEUI,Male,1,No,No,45,Yes,No,Fiber optic,Yes,Yes,No,Yes,Yes,Yes,Month-to-month,Yes,Mailed check,102.27,4259.67
3607-LRBY,Female,0,No,No,13,No,No phone service,DSL,Yes,No,No,No,Yes,No,One year,Yes,Credit card (automatic),59.12,770.14
7629-RZCA,Male,0,No,No,24,Yes,No,Fiber optic,Yes,Yes,Yes,Yes,Yes,No,Month-to-month,Yes,Bank transfer (automatic),97.37,2206.67
1976-BLFQ,Male,1,Yes,No,0,Yes,Yes,Fiber optic,Yes,Yes,No,No,Yes,No,Month-to-month,Yes,Credit card (automatic),94.6,
2320-QNZA,Female,0,No,No,51,Yes,Yes,Fiber optic,Yes,No,Yes,No,Yes,Yes,One year,Yes,Mailed check,104.77,4373.99
3426-PVVJ,Male,0,No,No,25,Yes,No,DSL,Yes,No,Yes,No,No,Yes,Month-to-month,Yes,Bank transfer (automatic),71.19,1725.13
3384-TOIF,Male,0,No,Yes,32,Yes,No,Fiber optic,No,Yes,Yes,No,Yes,Yes,Month-to-month,Yes,Bank transfer (automatic),100.61,3041.24
7744-FOZL,Female,0,Yes,No,35,Yes,No,DSL,Yes,No,Yes,No,Yes,No,Month-to-month,Yes,Credit card (automatic),72.68,2534.74
8820-DKWU,Female,1,No,No,26,Yes,Yes,DSL,Yes,Yes,No,No,Yes,No,Month-to-month,Yes,Mailed check,77.91,1882.54
9228-KWHJ,Female,0,Yes,No,50,Yes,Yes,Fiber optic,No,No,Yes,No,Yes,Yes,Month-to-month,No,Electronic check,98.14,4534.17
5419-FOYF,Female,0,No,No,23,Yes,Yes,Fiber optic,No,Yes,Yes,No,No,Yes,Two year,Yes,Electronic check,100.11,1995.78
1453-BCGD,Female,0,Yes,No,53,Yes,No,DSL,Yes,Yes,No,No,No,No,Month-to-month,No,Electronic check,64.93,3215.07
1800-HFSN,Female,0,Yes,No,40,Yes,No,Fiber optic,No,No,No,No,No,Yes,Two year,No,Electronic check,87.03,3292.94
9212-QCLQ,Female,0,No,No,22,Yes,Yes,Fiber optic,No,Yes,No,No,Yes,No,Month-to-month,No,Mailed check,91.07,2047.9
3638-AIYQ,Female,1,No,No,53,Yes,No,Fiber optic,No,Yes,Yes,Yes,No,No,Month-to-month,Yes,Electronic check,91.37,4752.3
7744-WYAO,Female,1,Yes,No,63,Yes,No,DSL,No,No,No,No,No,Yes,Month-to-month,Yes,Mailed check,60.3,3532.05
6329-SGAO,Male,0,Yes,No,16,Yes,Yes,DSL,No,No,No,Yes,Yes,Yes,Month-to-month,No,Mailed check,78.72,1324.46
8896-XBIT,Female,0,No,Yes,20,Yes,No,Fiber optic,No,Yes,Yes,Yes,Yes,Yes,Month-to-month,No,Bank transfer (automatic),98.0,1781.4
4079-XIBX,Male,0,No,Yes,26,Yes,Yes,No,No internet service,No internet service,No internet service,No internet service,No internet service,No internet service,Month-to-month,Yes,Electronic check,37.42,844.07
1572-ECIP,Male,0,No,Yes,14,Yes,Yes,Fiber optic,No,Yes,Yes,Yes,No,Yes,Two year,No,Mailed check,100.23,1449.43
3722-IGQW,Male,0,No,No,20,Yes,Yes,DSL,Yes,Yes,Yes,No,No,Yes,Month-to-month,Yes,Electronic check,77.53,1576.36
7663-FQUQ,Male,1,Yes,No,33,Yes,No,Fiber optic,Yes,No,No,No,No,Yes,One year,Yes,Electronic check,88.78,2803.84
6420-FYUJ,Male,1,No,No,40,Yes,No,Fiber optic,Yes,No,No,No,Yes,Yes,Month-to-month,Yes,Credit card (automatic),93.46,3902.33
7713-QRSB,Female,1,Yes,No,32,Yes,No,No,No internet service,No internet service,No internet service,No internet service,No internet service,No internet service,Month-to-month,No,Electronic check,26.8,784.54
5862-REGZ,Female,0,Yes,Yes,37,Yes,No,DSL,Yes,No,No,No,Yes,Yes,Month-to-month,No,Mailed check,73.43,2647.6
7822-UUMU,Male,0,Yes,No,6,Yes,No,DSL,Yes,Yes,No,No,No,No,Month-to-month,No,Mailed check,64.91,381.37
2114-ARHH,Male,0,No,No,11,Yes,No,Fiber optic,No,No,No,Yes,No,No,One year,Yes,Credit card (automatic),81.07,820.39
3818-OOEC,Female,1,Yes,Yes,30,Yes,No,Fiber optic,No,No,Yes,No,Yes,Yes,Month-to-month,Yes,Electronic check,90.75,2301.04
9691-IWZT,Female,0,No,No,42,No,No phone service,DSL,Yes,Yes,Yes,Yes,No,Yes,One year,Yes,Electronic check,75.56,2905.24
3074-BTQZ,Female,0,No,No,25,Yes,No,Fiber optic,No,Yes,No,No,Yes,No,One year,Yes,Electronic check,88.76,1985.62
4990-USWS,Female,0,No,Yes,52,Yes,No,Fiber optic,Yes,Yes,Yes,No,No,Yes,One year,Yes,Mailed check,99.2,4996.48
8293-JQXG,Male,1,No,Yes,4,Yes,Yes,No,No internet service,No internet service,No internet service,No internet service,No internet service,No internet service,Month-to-month,No,Credit card (automatic),33.87,132.1
2508-JSCR,Female,0,No,No,49,Yes,No,DSL,No,Yes,No,Yes,No,Yes,One year,Yes,Electronic check,72.58,3446.23
1261-EGBV,Male,0,Yes,No,56,Yes,No,Fiber optic,No,No,Yes,No,Yes,Yes,Month-to-month,No,Mailed check,100.41,5049.94
9893-QKYN,Female,0,Yes,No,33,Yes,Yes,No,No internet service,No internet service,No internet service,No internet service,No internet service,No internet service,Month-to-month,No,Electronic check,39.53,1183.28
1268-XDES,Male,0,Yes,No,10,Yes,Yes,Fiber optic,No,No,Yes,No,No,Yes,Month-to-month,Yes,Electronic check,95.31,932.05
4070-RYKR,Male,1,No,No,43,Yes,No,DSL,No,No,Yes,No,Yes,No,One year,Yes,Electronic check,65.42,2660.85
3347-PLLF,Male,0,Yes,No,50,No,No phone service,Fiber optic,No,No,No,No,No,Yes,Month-to-month,No,Credit card (automatic),75.14,3445.24
5808-PFNI,Female,0,No,No,21,Yes,No,Fiber optic,No,No,No,Yes,No,Yes,Month-to-month,Yes,Electronic check,87.27,1824.79
2127-VJZM,Female,0,Yes,Yes,40,Yes,No,Fiber optic,No,No,Yes,No,No,Yes,One year,Yes,Electronic check,86.16,3355.01
4690-ZSSL,Male,0,No,No,57,Yes,Yes,No,No internet service,No internet service,No internet service,No internet service,No internet service,No internet service,Month-to-month,Yes,Electronic check,35.39,1958.6
7117-DYYW,Male,0,Yes,No,43,Yes,Yes,Fiber optic,No,Yes,No,No,No,Yes,Month-to-month,Yes,Bank transfer (automatic),91.65,3661.61
9332-KMXS,Male,0,Yes,No,37,Yes,Yes,Fiber optic,No,No,No,Yes,Yes,Yes,Month-to-month,Yes,Bank transfer (automatic),95.67,3339.86
7151-YPEU,Female,1,No,No,18,Yes,Yes,Fiber optic,No,Yes,No,No,No,No,Month-to-month,No,Credit card (automatic),88.34,1529.2
8279-RTPB,Male,0,Yes,No,25,Yes,Yes,Fiber optic,No,Yes,No,Yes,No,No,Month-to-month,Yes,Mailed check,100.63,2325.9
2004-RORO,Female,0,Yes,Yes,36,Yes,Yes,Fiber optic,No,No,Yes,No,No,No,Month-to-month,No,Credit card (automatic),91.22,2988.65
4759-ZRWP,Male,1,Yes,Yes,17,Yes,Yes,DSL,Yes,No,No,No,Yes,No,Month-to-month,No,Credit card (automatic),69.96,1199.25
5164-MKON,Male,0,Yes,No,45,Yes,Yes,DSL,Yes,No,No,No,Yes,Yes,Month-to-month,Yes,Electronic check,84.49,3790.57
9791-DFZN,Male,0,Yes,No,8,Yes,No,DSL,No,Yes,No,No,Yes,Yes,Month-to-month,No,Bank transfer (automatic),70.81,546.69
2953-NCPA,Male,1,Yes,Yes,63,Yes,No,Fiber optic,No,Yes,No,No,Yes,Yes,One year,Yes,Credit card (automatic),91.2,5747.08
2278-SRNK,Female,1,No,No,3,Yes,No,Fiber optic,Yes,No,No,No,Yes,No,Month-to-month,Yes,Electronic check,92.31,265.22
5598-EIYV,Male,0,No,No,23,Yes,No,Fiber optic,Yes,No,Yes,No,No,Yes,One year,Yes,Electronic check,86.53,1927.06
7051-QDWG,Female,1,No,No,37,Yes,No,No,No internet service,No internet service,No internet service,No internet service,No internet service,No internet service,Month-to-month,Yes,Bank transfer (automatic),29.96,1055.45
7334-BIPX,Male,0,No,Yes,15,Yes,No,DSL,Yes,No,Yes,No,No,Yes,Month-to-month,Yes,Bank transfer (automatic),72.53,1072.34
2091-JQCH,Male,0,No,No,20,Yes,Yes,Fiber optic,Yes,No,No,No,Yes,Yes,Two year,No,Electronic check,101.29,1922.5
2909-NOVQ,Female,0,No,Yes,22,Yes,No,DSL,No,No,No,No,No,Yes,Month-to-month,Yes,Electronic check,65.29,1359.64
4045-TNEW,Female,0,Yes,No,16,Yes,Yes,No,No internet service,No internet service,No internet service,No internet service,No internet service,No internet service,Month-to-month,Yes,Credit card (automatic),37.06,529.48
5371-JTNO,Female,0,Yes,No,30,Yes,No,Fiber optic,No,Yes,No,Yes,No,No,Two year,Yes,Bank transfer (automatic),91.65,2700.21
5238-KWKQ,Female,1,Yes,Yes,12,Yes,Yes,DSL,No,No,Yes,No,No,Yes,Month-to-month,No,Bank transfer (automatic),70.3,763.62
4315-NMGI,Female,0,No,No,2,Yes,Yes,DSL,Yes,No,Yes,Yes,No,Yes,Month-to-month,Yes,Credit card (automatic),78.87,151.05
7261-HAPC,Female,0,No,No,40,Yes,Yes,DSL,No,No,Yes,Yes,Yes,Yes,Month-to-month,Yes,Electronic check,80.06,3287.04
1451-RLEU,Female,0,No,No,6,Yes,Yes,Fiber optic,No,No,Yes,No,No,No,Month-to-month,No,Electronic check,82.41,486.77
1486-EWSC,Male,0,No,No,40,Yes,Yes,DSL,Yes,Yes,No,No,No,Yes,Month-to-month,No,Electronic check,77.42,2869.45
8000-HIIN,Male,0,No,Yes,60,Yes,Yes,Fiber optic,No,Yes,Yes,Yes,Yes,Yes,Month-to-month,Yes,Mailed check,113.02,6598.93
2976-NDJS,Female,0,No,Yes,9,Yes,Yes,Fiber optic,No,Yes,No,Yes,No,No,One year,Yes,Mailed check,92.88,826.37
7708-TKWQ,Female,0,No,Yes,10,Yes,No,DSL,Yes,Yes,Yes,Yes,Yes,Yes,Month-to-month,Yes,Electronic check,84.92,812.1
9662-ICBZ,Male,0,Yes,No,29,Yes,No,Fiber optic,No,Yes,Yes,No,No,No,Two year,Yes,Electronic check,84.0,2291.19
2241-XXHT,Male,0,No,Yes,17,Yes,Yes,Fiber optic,Yes,No,Yes,No,Yes,No,Month-to-month,Yes,Electronic check,99.48,1550.39
3167-DWZJ,Male,0,No,No,0,Yes,No,DSL,No,Yes,No,No,Yes,No,Month-to-month,No,Electronic check,63.12,
8386-JHOO,Female,0,No,No,36,Yes,No,Fiber optic,Yes,Yes,No,No,Yes,Yes,Two year,Yes,Mailed check,102.2,3526.01
2093-BHEL,Female,0,No,No,54,Yes,No,Fiber optic,Yes,No,No,No,No,Yes,One year,No,Electronic check,86.3,4459.17
3193-LVZV,Female,1,No,No,18,Yes,No,Fiber optic,No,Yes,No,No,Yes,No,Month-to-month,Yes,Electronic check,90.2,1510.64
2386-UIQH,Female,0,Yes,No,33,Yes,No,Fiber optic,No,No,Yes,Yes,Yes,Yes,Month-to-month,No,Electronic check,104.17,3309.56
2046-LDKF,Female,0,No,No,4,Yes,No,Fiber optic,No,No,No,No,No,Yes,Two year,No,Electronic check,85.38,304.61
9369-FHOY,Male,0,No,Yes,25,Yes,Yes,Fiber optic,No,No,Yes,Yes,No,Yes,One year,No,Electronic check,100.23,2307.5
7424-WPES,Male,0,No,No,0,Yes,No,DSL,No,Yes,Yes,No,No,No,Month-to-month,Yes,Credit card (automatic),72.33,
8745-GNQT,Female,0,No,Yes,9,Yes,No,Fiber optic,Yes,No,No,No,No,Yes,Two year,Yes,Mailed check,87.99,745.47
3453-CKQM,Male,0,No,No,34,Yes,No,Fiber optic,Yes,No,No,Yes,Yes,Yes,Month-to-month,No,Bank transfer (automatic),101.76,3381.85
5523-EDVZ,Male,1,Yes,No,36,Yes,No,Fiber optic,Yes,Yes,No,No,Yes,Yes,Month-to-month,Yes,Mailed check,101.31,3335.72
9444-TBQV,Male,0,No,No,36,Yes,Yes,Fiber optic,No,No,No,Yes,Yes,No,Month-to-month,Yes,Electronic check,101.66,3490.49
4795-JCEP,Male,0,Yes,No,9,Yes,No,Fiber optic,No,Yes,Yes,No,No,No,Month-to-month,No,Electronic check,84.05,725.18
9088-BYQP,Male,0,No,No,1,Yes,Yes,Fiber optic,No,Yes,Yes,No,No,Yes,Month-to-month,Yes,Credit card (automatic),93.97,92.48
7566-BSSM,Female,1,Yes,No,5,No,No phone service,Fiber optic,No,Yes,No,No,No,Yes,Month-to-month,Yes,Electronic check,79.98,386.29
9178-RNDJ,Male,0,No,Yes,8,Yes,Yes,DSL,No,No,No,No,No,No,Month-to-month,No,Electronic check,59.56,460.24
7514-TSON,Male,0,Yes,Yes,8,Yes,No,Fiber optic,No,Yes,No,No,Yes,Yes,Month-to-month,Yes,Bank transfer (automatic),96.96,763.06
9832-UUTM,Female,0,Yes,Yes,35,Yes,Yes,Fiber optic,Yes,Yes,Yes,No,Yes,Yes,Month-to-month,Yes,Electronic check,117.8,4142.46
7332-LCLT,Female,1,Yes,No,19,Yes,No,Fiber optic,No,No,Yes,Yes,Yes,No,One year,Yes,Credit card (automatic),89.93,1717.81
3310-ZGNV,Female,0,Yes,No,51,Yes,Yes,Fiber optic,Yes,No,No,Yes,No,Yes,Month-to-month,No,Electronic check,96.51,4863.9
9672-YREF,Female,0,No,No,17,Yes,No,Fiber optic,Yes,Yes,Yes,No,Yes,Yes,Month-to-month,Yes,Credit card (automatic),98.24,1564.57
8767-CXPC,Male,0,No,No,21,Yes,No,DSL,No,Yes,Yes,Yes,No,Yes,One year,No,Bank transfer (automatic),77.76,1580.42
9066-MWSB,Male,0,Yes,No,23,Yes,Yes,DSL,No,No,Yes,No,Yes,Yes,Month-to-month,Yes,Mailed check,80.92,1826.7
4450-AAHF,Female,0,Yes,No,28,No,No phone service,Fiber optic,No,No,No,No,No,Yes,Two year,No,Electronic check,77.65,2110.16
9554-SGUV,Male,0,Yes,No,24,Yes,Yes,Fiber optic,No,No,Yes,No,Yes,Yes,Month-to-month,Yes,Credit card (automatic),103.5,2555.73
7769-VYLW,Male,0,Yes,No,23,Yes,Yes,Fiber optic,No,Yes,No,Yes,No,No,One year,Yes,Bank transfer (automatic),89.87,1935.4
7536-JJLE,Female,0,No,Yes,10,Yes,No,DSL,No,No,Yes,Yes,Yes,No,Month-to-month,Yes,Mailed check,71.17,621.94
9987-MEQG,Female,0,No,No,22,Yes,Yes,No,No internet service,No internet service,No internet service,No internet service,No internet service,No internet service,Month-to-month,Yes,Mailed check,37.64,771.7
3187-NNCE,Female,1,No,No,14,Yes,Yes,DSL,No,No,No,No,No,Yes,Month-to-month,Yes,Mailed check,76.33,978.76
7903-XSIF,Male,0,Yes,No,5,Yes,Yes,DSL,No,Yes,Yes,Yes,Yes,No,One year,Yes,Mailed check,77.66,376.16
4456-QSDA,Female,0,Yes,Yes,17,Yes,No,Fiber optic,No,No,Yes,No,Yes,Yes,Month-to-month,No,Mailed check,97.28,1572.68
9274-YHWH,Female,0,No,No,30,Yes,No,DSL,No,No,No,No,Yes,No,Two year,Yes,Electronic check,61.1,1810.37
9354-UUMR,Female,0,No,No,48,Yes,No,DSL,Yes,No,No,Yes,Yes,Yes,Month-to-month,No,Mailed check,84.16,3739.11
6426-ZFIG,Female,1,No,No,17,Yes,No,DSL,No,Yes,No,Yes,Yes,Yes,One year,No,Electronic check,74.65,1124.44
1328-EKWA,Male,1,Yes,Yes,38,Yes,No,Fiber optic,Yes,Yes,No,No,Yes,No,Month-to-month,Yes,Electronic check,96.67,3536.92
2594-ORSD,Female,1,No,No,28,Yes,Yes,Fiber optic,No,Yes,Yes,Yes,No,Yes,Month-to-month,No,Bank transfer (automatic),99.77,2629.04
6873-SYYW,Female,0,No,No,13,Yes,No,No,No internet service,No internet service,No internet service,No internet service,No internet service,No internet service,Month-to-month,No,Electronic check,31.87,376.11
7762-RNHB,Male,1,No,Yes,6,Yes,Yes,Fiber optic,No,No,Yes,No,Yes,Yes,Two year,Yes,Credit card (automatic),104.01,617.28
6660-VKBG,Female,0,No,No,42,Yes,No,DSL,Yes,No,No,No,Yes,Yes,Month-to-month,Yes,Electronic check,73.16,3158.38
6165-OJLE,Female,0,No,Yes,40,Yes,Yes,Fiber optic,No,Yes,No,Yes,No,Yes,Two year,No,Mailed check,101.14,4033.39
2773-MSLE,Female,0,No,No,42,Yes,Yes,Fiber optic,No,No,Yes,Yes,Yes,Yes,One year,Yes,Bank transfer (automatic),98.61,4003.08
7435-HCWI,Male,0,No,No,31,Yes,Yes,DSL,Yes,Yes,Yes,No,Yes,Yes,One year,No,Electronic check,94.91,2897.96
1636-HPAN,Male,0,Yes,No,27,Yes,Yes,Fiber optic,Yes,Yes,No,No,No,No,Month-to-month,Yes,Credit card (automatic),91.55,2389.97
2646-YPVA,Male,0,No,No,51,Yes,Yes,Fiber optic,No,No,No,Yes,Yes,Yes,One year,Yes,Credit card (automatic),104.08,5227.48
8680-JGXW,Female,0,Yes,Yes,30,Yes,No,Fiber optic,No,Yes,No,No,No,No,Month-to-month,Yes,Electronic check,79.52,2319.45
3177-EDBD,Female,0,No,No,40,Yes,Yes,No,No internet service,No internet service,No internet service,No internet service,No internet service,No internet service,Month-to-month,No,Electronic check,29.91,1146.98
7240-UAKN,Female,0,No,No,20,Yes,Yes,Fiber optic,No,No,Yes,No,No,Yes,Month-to-month,Yes,Credit card (automatic),98.84,1952.84
5794-NGGO,Male,0,No,Yes,28,Yes,No,Fiber optic,No,Yes,Yes,No,Yes,Yes,Month-to-month,Yes,Mailed check,96.01,2607.64
9860-MZTS,Male,0,No,No,21,Yes,Yes,DSL,No,Yes,No,Yes,Yes,Yes,Two year,Yes,Electronic check,82.3,1552.92
9223-QTAY,Female,0,No,No,14,Yes,No,Fiber optic,Yes,No,No,No,Yes,Yes,Month-to-month,Yes,Bank transfer (automatic),101.05,1419.5
6262-ZYYQ,Female,0,Yes,No,36,No,No phone service,Fiber optic,Yes,Yes,Yes,No,No,Yes,Month-to-month,Yes,Electronic check,94.81,3125.54
1834-FRVF,Male,1,Yes,No,4,Yes,Yes,Fiber optic,Yes,Yes,No,Yes,Yes,No,Month-to-month,Yes,Bank transfer (automatic),105.83,403.75
7214-NSNQ,Male,1,No,Yes,15,Yes,Yes,DSL,No,No,Yes,Yes,No,Yes,Month-to-month,Yes,Credit card (automatic),83.14,1205.63
5082-PPEW,Female,0,No,No,29,Yes,Yes,DSL,No,No,No,No,No,No,One year,Yes,Electronic check,57.45,1642.91
9361-NVNM,Male,1,No,No,46,Yes,No,Fiber optic,No,Yes,Yes,No,No,Yes,Month-to-month,No,Bank transfer (automatic),94.98,4325.13
9045-OMSC,Female,0,Yes,No,31,Yes,No,DSL,No,Yes,Yes,No,No,Yes,Two year,Yes,Electronic check,70.53,1971.7
6972-FMJW,Male,0,Yes,No,35,Yes,No,Fiber optic,Yes,No,No,Yes,Yes,No,Month-to-month,No,Mailed check,87.89,2942.49
8780-URTQ,Male,0,No,No,51,Yes,Yes,DSL,Yes,Yes,Yes,Yes,No,No,One year,No,Mailed check,78.15,3775.57
5197-XRNF,Female,0,Yes,No,27,Yes,No,DSL,No,Yes,No,No,No,Yes,Month-to-month,No,Electronic check,68.62,1813.98
9780-WKEZ,Female,0,No,No,53,Yes,No,DSL,Yes,Yes,No,No,Yes,No,Month-to-month,Yes,Electronic check,69.3,3706.83
9959-LXIP,Male,0,No,No,25,Yes,Yes,Fiber optic,Yes,No,No,No,Yes,No,Month-to-month,Yes,Electronic check,100.66,2303.19
3866-FXWW,Male,0,Yes,Yes,27,Yes,Yes,Fiber optic,Yes,Yes,No,No,Yes,Yes,One year,Yes,Electronic check,111.02,2927.69
3296-BNUM,Female,0,No,No,19,Yes,No,DSL,No,No,Yes,No,No,No,Month-to-month,No,Credit card (automatic),51.49,964.82
3954-RHSW,Male,0,No,Yes,23,Yes,No,Fiber optic,No,No,No,Yes,Yes,Yes,Month-to-month,Yes,Credit card (automatic),97.81,2203.32
5470-TFDY,Female,0,Yes,Yes,24,Yes,No,Fiber optic,Yes,No,Yes,No,No,Yes,Two year,Yes,Electronic check,94.11,2107.12
9479-WZEE,Male,0,No,No,12,Yes,No,DSL,No,Yes,Yes,No,Yes,Yes,Month-to-month,Yes,Bank transfer (automatic),77.51,881.12
9252-SEOI,Male,0,No,Yes,17,No,No phone service,Fiber optic,No,No,Yes,Yes,Yes,Yes,Month-to-month,No,Credit card (automatic),86.91,1343.57
3649-THOF,Male,0,No,No,43,Yes,Yes,Fiber optic,No,No,No,No,Yes,Yes,Month-to-month,Yes,Credit card (automatic),95.07,3904.07
1946-RNNF,Male,1,Yes,No,35,Yes,No,Fiber optic,Yes,Yes,Yes,Yes,No,No,Month-to-month,No,Electronic check,92.39,3086.81
3335-ROBH,Female,0,No,Yes,1,Yes,Yes,DSL,Yes,Yes,No,Yes,Yes,No,Month-to-month,Yes,Electronic check,78.81,74.18
1091-SERP,Male,0,Yes,No,10,Yes,Yes,No,No internet service,No internet service,No internet service,No internet service,No internet service,No internet service,One year,Yes,Credit card (automatic),34.7,328.22
4742-HYPH,Male,1,No,No,2,No,No phone service,Fiber optic,Yes,Yes,Yes,Yes,Yes,Yes,Month-to-month,Yes,Mailed check,107.04,202.71
2577-MTMZ,Male,0,Yes,Yes,7,Yes,Yes,DSL,Yes,Yes,Yes,Yes,No,No,Month-to-month,No,Bank transfer (automatic),75.19,530.81
7873-QBAS,Female,0,No,Yes,28,Yes,Yes,Fiber optic,No,Yes,No,No,No,No,Month-to-month,Yes,Mailed check,85.1,2228.79
1008-UGEB,Male,0,Yes,Yes,52,Yes,Yes,DSL,No,Yes,No,Yes,Yes,Yes,Month-to-month,Yes,Bank transfer (automatic),86.36,4603.48
5410-FDRY,Male,1,No,Yes,1,Yes,No,Fiber optic,No,Yes,No,Yes,Yes,Yes,Month-to-month,Yes,Credit card (automatic),102.34,96.22
3180-YRTV,Female,0,Yes,No,37,Yes,Yes,Fiber optic,No,Yes,No,Yes,No,Yes,Month-to-month,Yes,Electronic check,99.75,3562.44
6540-DBVL,Female,0,Yes,No,43,Yes,No,DSL,No,Yes,No,No,Yes,Yes,Two year,Yes,Credit card (automatic),69.35,3072.4
8358-FUQT,Female,0,Yes,No,9,Yes,Yes,DSL,No,No,No,No,Yes,No,Two year,Yes,Electronic check,71.41,625.33
9355-CFRA,Female,0,No,Yes,13,Yes,No,DSL,Yes,No,Yes,No,Yes,Yes,Month-to-month,Yes,Mailed check,76.68,1006.15
7823-DTDG,Female,0,No,No,40,Yes,No,Fiber optic,No,No,No,Yes,Yes,Yes,One year,No,Electronic check,88.38,3329.96
8069-VKVJ,Male,0,Yes,No,63,Yes,No,Fiber optic,No,Yes,No,Yes,Yes,No,One year,Yes,Electronic check,94.15,5407.67
5641-LVVX,Female,0,No,No,34,No,No phone service,Fiber optic,No,Yes,Yes,Yes,Yes,Yes,One year,No,Credit card (automatic),91.68,2863.69
1172-NUJA,Male,0,Yes,Yes,20,Yes,Yes,Fiber optic,Yes,No,No,Yes,No,No,Month-to-month,Yes,Electronic check,92.79,1708.52
1558-BWRS,Male,1,No,Yes,7,Yes,No,DSL,Yes,No,No,No,Yes,No,One year,Yes,Credit card (automatic),67.38,437.81
1413-ZSEP,Male,1,No,No,3,Yes,Yes,No,No internet service,No internet service,No internet service,No internet service,No internet service,No internet service,Month-to-month,Yes,Bank transfer (automatic),39.47,118.44
2990-AYZG,Male,0,No,No,8,Yes,Yes,Fiber optic,Yes,Yes,Yes,Yes,No,Yes,Month-to-month,Yes,Credit card (automatic),110.02,821.25
5125-WGXA,Female,0,No,No,0,Yes,Yes,Fiber optic,No,Yes,No,No,Yes,No,Month-to-month,No,Credit card (automatic),97.7,
1066-KJFF,Female,0,No,Yes,5,Yes,Yes,DSL,Yes,Yes,No,No,Yes,Yes,Month-to-month,Yes,Credit card (automatic),78.14,380.07
3654-UMCQ,Male,0,No,No,10,Yes,No,No,No internet service,No internet service,No internet service,No internet service,No internet service,No internet service,One year,Yes,Electronic check,34.25,322.65
1760-ACFE,Male,0,Yes,No,13,Yes,Yes,No,No internet service,No internet service,No internet service,No internet service,No internet service,No internet service,Month-to-month,Yes,Bank transfer (automatic),40.93,551.09
4759-VCRU,Male,0,Yes,No,57,Yes,No,Fiber optic,No,No,Yes,Yes,Yes,Yes,Two year,Yes,Bank transfer (automatic),93.72,5331.09
1383-MCDS,Female,1,Yes,No,24,Yes,Yes,Fiber optic,No,No,No,Yes,No,Yes,Month-to-month,Yes,Electronic check,93.64,2325.0
6675-CZHF,Male,0,No,No,25,Yes,No,DSL,No,No,No,Yes,Yes,Yes,Month-to-month,Yes,Mailed check,75.24,1789.67
3985-SQLQ,Male,0,No,No,5,Yes,No,DSL,No,No,No,No,Yes,Yes,Two year,Yes,Bank transfer (automatic),66.74,324.29
5185-YFPL,Male,0,No,No,54,Yes,No,No,No internet service,No internet service,No internet service,No internet service,No internet service,No internet service,Month-to-month,Yes,Electronic check,31.69,1600.35
7610-OUCA,Male,0,No,No,53,Yes,No,Fiber optic,No,No,No,Yes,No,No,Month-to-month,No,Electronic check,82.1,3859.32
2015-XTBP,Male,0,No,No,18,Yes,Yes,DSL,Yes,No,No,No,Yes,No,One year,Yes,Bank transfer (automatic),76.22,1380.33
2193-LAUA,Male,0,Yes,No,36,Yes,Yes,Fiber optic,Yes,Yes,Yes,No,No,No,Month-to-month,No,Electronic check,91.68,3278.2
1154-LFYX,Male,0,No,No,7,Yes,Yes,Fiber optic,Yes,Yes,No,No,Yes,Yes,Two year,No,Credit card (automatic),104.26,707.93
9776-LKPC,Female,0,Yes,No,33,Yes,Yes,DSL,Yes,No,No,Yes,Yes,No,Month-to-month,Yes,Mailed check,69.84,2281.12
3655-ISIK,Female,0,No,No,23,Yes,Yes,DSL,Yes,No,Yes,No,Yes,No,Month-to-month,Yes,Credit card (automatic),79.31,1881.74
2680-GYVI,Female,0,No,Yes,38,No,No phone service,Fiber optic,Yes,No,No,Yes,Yes,Yes,Month-to-month,Yes,Credit card (automatic),93.02,3376.32
5592-YOOS,Male,0,No,No,32,Yes,No,Fiber optic,No,Yes,No,No,Yes,Yes,Month-to-month,Yes,Mailed check,101.35,2865.88
3154-DQGP,Female,0,Yes,No,5,Yes,Yes,No,No internet service,No internet service,No internet service,No internet service,No internet service,No internet service,Month-to-month,Yes,Electronic check,42.75,201.95
7617-MIJP,Male,0,No,Yes,25,Yes,No,Fiber optic,No,No,No,No,No,Yes,Month-to-month,No,Electronic check,80.72,1851.12
5742-GJAL,Female,0,No,Yes,0,Yes,Yes,DSL,No,No,No,Yes,No,No,One year,No,Bank transfer (automatic),66.42,
6713-HLYR,Female,0,Yes,No,11,Yes,No,Fiber optic,Yes,No,Yes,Yes,Yes,No,Two year,Yes,Bank transfer (automatic),102.16,1066.15
6776-LRTH,Male,0,Yes,Yes,13,Yes,Yes,DSL,Yes,No,Yes,No,Yes,Yes,One year,Yes,Mailed check,79.51,973.32
3735-XYVQ,Female,1,No,No,5,Yes,No,No,No internet service,No internet service,No internet service,No internet service,No internet service,No internet service,Month-to-month,Yes,Bank transfer (automatic),30.17,137.08
7494-QDHZ,Male,1,No,Yes,1,Yes,Yes,DSL,No,Yes,No,No,Yes,No,Month-to-month,No,Electronic check,77.6,74.88
8462-SDVZ,Female,0,Yes,No,20,Yes,Yes,Fiber optic,Yes,No,No,No,No,No,Month-to-month,Yes,Mailed check,86.38,1759.18
5108-LVGX,Male,0,No,No,23,Yes,Yes,No,No internet service,No internet service,No internet service,No internet service,No internet service,No internet service,One year,Yes,Electronic check,34.7,737.45
3492-FIUR,Female,0,Yes,No,36,Yes,No,Fiber optic,Yes,Yes,No,No,No,No,Month-to-month,No,Credit card (automatic),84.06,2842.1
7216-CZJV,Male,0,Yes,Yes,17,Yes,No,Fiber optic,No,Yes,No,No,Yes,Yes,Month-to-month,No,Electronic check,94.3,1459.1
6604-BRFQ,Male,1,No,No,11,Yes,Yes,DSL,No,Yes,No,No,Yes,Yes,Month-to-month,No,Mailed check,83.59,852.18
1800-EYBB,Female,0,No,No,8,Yes,Yes,DSL,No,Yes,No,No,Yes,No,Month-to-month,Yes,Electronic check,76.97,609.07
4027-FRWS,Male,1,No,No,13,No,No phone service,DSL,Yes,Yes,Yes,Yes,Yes,Yes,One year,Yes,Bank transfer (automatic),77.74,983.79
4269-PFWR,Female,1,No,Yes,27,Yes,No,Fiber optic,No,No,No,Yes,No,Yes,Month-to-month,Yes,Credit card (automatic),88.37,2385.9
2912-FFJC,Male,0,Yes,Yes,3,Yes,Yes,Fiber optic,No,No,Yes,Yes,Yes,No,Month-to-month,No,Bank transfer (automatic),104.6,304.33
4382-NLWV,Male,0,Yes,No,21,Yes,No,Fiber optic,No,No,No,No,No,Yes,Month-to-month,No,Electronic check,89.14,1831.97
9529-UZKY,Male,0,No,No,8,Yes,Yes,Fiber optic,Yes,No,Yes,No,Yes,Yes,Month-to-month,Yes,Credit card (automatic),107.59,841.12
6264-ALYI,Female,0,Yes,No,6,Yes,Yes,Fiber optic,No,Yes,No,No,Yes,Yes,One year,Yes,Mailed check,101.33,594.41
5206-RKFI,Male,0,No,No,28,Yes,No,Fiber optic,No,No,Yes,No,No,No,Month-to-month,No,Bank transfer (automatic),84.78,2316.75
5074-ACJY,Male,1,No,Yes,35,Yes,No,No,No internet service,No internet service,No internet service,No internet service,No internet service,No internet service,One year,Yes,Electronic check,26.3,928.9
7275-GYQA,Female,0,No,No,5,Yes,No,Fiber optic,No,Yes,Yes,No,Yes,Yes,Month-to-month,No,Electronic check,108.62,568.23
5491-YFFP,Male,0,No,No,8,Yes,No,Fiber optic,No,No,No,Yes,Yes,Yes,Month-to-month,Yes,Electronic check,100.14,697.65
7717-SDDV,Male,0,Yes,Yes,53,Yes,No,DSL,Yes,Yes,Yes,No,Yes,Yes,One year,Yes,Electronic check,88.67,4428.15
3456-LRVN,Female,0,Yes,No,26,Yes,No,DSL,Yes,No,Yes,No,Yes,No,Month-to-month,No,Mailed check,65.88,1570.91
9297-ZLGA,Male,0,No,No,47,Yes,Yes,Fiber optic,Yes,Yes,No,No,Yes,Yes,Month-to-month,No,Mailed check,112.53,5002.89
2552-UYYM,Male,0,Yes,No,31,Yes,No,Fiber optic,No,Yes,No,No,Yes,Yes,Month-to-month,Yes,Electronic check,95.98,2814.77
3531-XFNS,Male,1,No,No,20,Yes,Yes,Fiber optic,No,No,No,No,Yes,Yes,Two year,Yes,Mailed check,89.05,1776.47
2242-DGDP,Female,0,Yes,No,31,Yes,Yes,Fiber optic,Yes,Yes,Yes,No,No,No,One year,Yes,Electronic check,92.79,2700.84
2910-DOXO,Male,0,No,No,14,Yes,Yes,Fiber optic,No,No,No,Yes,No,No,Month-to-month,No,Electronic check,78.7,1017.12
9849-KQKQ,Male,0,No,No,42,Yes,No,Fiber optic,Yes,Yes,No,No,No,No,Month-to-month,Yes,Electronic check,88.25,3582.49
1646-IVZS,Male,1,Yes,No,24,Yes,No,Fiber optic,No,No,No,Yes,No,Yes,Month-to-month,Yes,Bank transfer (automatic),94.54,2061.88
1372-FXYD,Male,0,Yes,Yes,66,No,No phone service,Fiber optic,Yes,No,No,No,Yes,No,Month-to-month,No,Mailed check,80.04,5101.79
3887-LGGC,Male,0,No,No,14,Yes,Yes,Fiber optic,No,Yes,Yes,No,Yes,Yes,Month-to-month,Yes,Mailed check,106.7,1446.96
2127-NNOV,Male,1,No,No,16,Yes,Yes,DSL,No,No,Yes,No,No,Yes,Month-to-month,Yes,Mailed check,69.08,1060.97
8812-QJFI,Female,1,Yes,No,54,Yes,No,Fiber optic,Yes,Yes,Yes,No,No,Yes,Month-to-month,Yes,Electronic check,100.71,5198.65
9452-EBIE,Female,0,No,Yes,48,Yes,No,DSL,No,Yes,No,No,Yes,Yes,One year,Yes,Bank transfer (automatic),70.31,3244.53
9934-KZOT,Male,1,No,No,4,Yes,Yes,Fiber optic,Yes,No,Yes,Yes,Yes,Yes,Month-to-month,No,Electronic check,112.95,443.25
8155-MWTZ,Male,1,No,No,13,Yes,No,Fiber optic,Yes,No,No,No,Yes,No,Month-to-month,Yes,Mailed check,90.12,1112.38
1734-AKLV,Female,0,No,No,56,Yes,Yes,Fiber optic,No,No,No,Yes,Yes,No,Two year,Yes,Mailed check,96.95,5397.62
5497-QFCK,Female,1,Yes,No,16,Yes,Yes,Fiber optic,No,Yes,Yes,No,No,Yes,Two year,Yes,Electronic check,98.66,1421.56
3739-BUCK,Male,1,Yes,No,11,Yes,No,Fiber optic,No,Yes,No,No,Yes,No,One year,Yes,Bank transfer (automatic),92.1,995.56
4784-MMNW,Female,0,No,No,31,Yes,Yes,Fiber optic,Yes,No,Yes,No,No,Yes,Month-to-month,Yes,Electronic check,92.04,2823.39
5769-SOTI,Male,0,No,No,40,Yes,No,Fiber optic,No,No,Yes,No,Yes,No,One year,Yes,Credit card (automatic),86.06,3267.96
9373-GQDV,Female,1,No,Yes,14,Yes,Yes,Fiber optic,No,No,Yes,No,No,No,Two year,No,Mailed check,87.13,1170.58
9579-YDAD,Female,0,Yes,Yes,25,Yes,No,Fiber optic,No,Yes,No,No,No,No,Two year,Yes,Electronic check,74.87,1870.81
3037-CBZS,Female,1,Yes,No,42,Yes,No,Fiber optic,No,Yes,No,Yes,Yes,No,Month-to-month,Yes,Credit card (automatic),91.01,3649.38
2203-NZKI,Male,0,No,No,24,Yes,No,No,No internet service,No internet service,No internet service,No internet service,No internet service,No internet service,Month-to-month,No,Credit card (automatic),30.53,726.5
1963-DWWU,Female,1,No,No,23,No,No phone service,DSL,No,Yes,No,Yes,Yes,Yes,Month-to-month,No,Bank transfer (automatic),70.02,1576.17
5575-LNGI,Female,0,Yes,No,38,Yes,Yes,Fiber optic,No,No,No,Yes,Yes,No,One year,Yes,Credit card (automatic),94.79,3328.38
3725-AAXC,Male,0,Yes,No,5,Yes,Yes,Fiber optic,No,No,Yes,No,No,No,Month-to-month,Yes,Electronic check,94.99,463.9
7204-EDPB,Female,0,No,No,33,Yes,Yes,No,No internet service,No internet service,No internet service,No internet service,No internet service,No internet service,Month-to-month,Yes,Electronic check,42.14,1254.38
8965-DALG,Female,0,No,Yes,16,Yes,Yes,No,No internet service,No internet service,No internet service,No internet service,No internet service,No internet service,One year,Yes,Bank transfer (automatic),32.47,464.73
8394-ZKPS,Female,1,No,No,25,Yes,Yes,DSL,Yes,Yes,No,No,Yes,Yes,Month-to-month,Yes,Credit card (automatic),86.45,1894.95
6370-VHJM,Female,0,No,No,6,Yes,No,Fiber optic,Yes,No,No,No,Yes,No,Month-to-month,Yes,Electronic check,87.16,482.26
8344-IYSX,Female,1,No,Yes,63,Yes,No,Fiber optic,No,No,No,No,No,Yes,Month-to-month,Yes,Mailed check,85.66,4843.31
4793-PMHK,Female,0,No,Yes,6,Yes,No,No,No internet service,No internet service,No internet service,No internet service,No internet service,No internet service,Month-to-month,No,Mailed check,37.4,211.26
1975-CCCF,Female,0,No,Yes,32,Yes,Yes,DSL,Yes,Yes,No,No,Yes,No,Month-to-month,Yes,Mailed check,81.73,2383.87
9530-RTFT,Female,0,No,No,25,No,No phone service,DSL,Yes,Yes,No,No,Yes,Yes,Month-to-month,No,Credit card (automatic),66.17,1608.9
1280-JUVY,Male,0,Yes,No,32,Yes,No,Fiber optic,Yes,No,No,No,Yes,Yes,Two year,Yes,Bank transfer (automatic),100.69,2951.25
5366-KXGI,Female,0,Yes,No,9,Yes,Yes,Fiber optic,No,No,No,No,Yes,Yes,Two year,Yes,Electronic check,96.5,884.84
8771-MCUG,Male,0,No,No,29,No,No phone service,Fiber optic,Yes,Yes,No,No,No,No,Month-to-month,Yes,Bank transfer (automatic),84.59,2186.55
6932-UMHC,Male,0,No,Yes,29,Yes,Yes,Fiber optic,No,No,Yes,No,Yes,Yes,Month-to-month,Yes,Electronic check,103.04,2813.0
3998-FYTD,Male,0,No,No,35,Yes,No,Fiber optic,No,No,No,No,Yes,No,Month-to-month,Yes,Credit card (automatic),79.95,2862.51
1501-HPHG,Male,1,No,No,34,Yes,Yes,Fiber optic,No,Yes,No,No,No,Yes,Month-to-month,Yes,Electronic check,102.14,3153.25
3884-WIDT,Female,0,Yes,Yes,30,Yes,No,DSL,No,Yes,Yes,No,Yes,No,Month-to-month,Yes,Electronic check,75.47,2079.35
6893-PFQJ,Male,1,No,No,1,Yes,No,No,No internet service,No internet service,No internet service,No internet service,No internet service,No internet service,Month-to-month,No,Mailed check,25.6,23.04
5116-IGOR,Male,0,No,No,19,No,No phone service,DSL,No,Yes,No,No,Yes,No,Month-to-month,No,Credit card (automatic),58.38,996.25
9736-QCQF,Male,0,No,No,18,Yes,Yes,DSL,No,No,No,Yes,Yes,No,Month-to-month,Yes,Electronic check,70.4,1271.5
8964-QZRC,Male,0,No,Yes,16,Yes,Yes,Fiber optic,No,No,No,Yes,No,Yes,Month-to-month,No,Mailed check,87.71,1362.64
9473-ZZWK,Female,1,Yes,No,11,Yes,No,Fiber optic,Yes,No,Yes,No,Yes,Yes,One year,Yes,Mailed check,99.73,1017.59
7891-IAHM,Male,0,Yes,Yes,52,Yes,Yes,No,No internet service,No internet service,No internet service,No internet service,No internet service,No internet service,Month-to-month,No,Credit card (automatic),37.19,1705.57
5626-USMZ,Male,0,No,No,5,Yes,Yes,Fiber optic,Yes,No,No,No,Yes,No,One year,Yes,Electronic check,94.2,442.4
6490-RUXW,Male,0,No,No,39,No,No phone service,DSL,Yes,No,No,No,Yes,Yes,Month-to-month,Yes,Electronic check,66.69,2539.54
6811-GGQQ,Male,0,No,Yes,41,Yes,No,Fiber optic,No,Yes,Yes,No,Yes,Yes,Month-to-month,No,Electronic check,95.15,4018.61
8233-QKZW,Male,0,No,Yes,60,Yes,Yes,DSL,No,Yes,Yes,No,No,Yes,Two year,No,Bank transfer (automatic),78.61,4518.03
2015-DRJU,Female,0,No,Yes,45,Yes,No,Fiber optic,No,No,No,No,Yes,Yes,Month-to-month,Yes,Electronic check,95.78,4244.59
4976-JOYK,Female,0,No,No,34,Yes,Yes,DSL,No,No,Yes,Yes,Yes,Yes,Month-to-month,No,Electronic check,76.49,2443.37
6737-NKUH,Male,0,Yes,No,29,Yes,Yes,DSL,No,No,Yes,No,No,Yes,Month-to-month,No,Mailed check,71.42,1923.77
3740-RAZL,Male,0,Yes,No,9,Yes,No,No,No internet service,No internet service,No internet service,No internet service,No internet service,No internet service,Month-to-month,No,Mailed check,31.18,272.38
7456-RZFO,Male,0,Yes,No,11,Yes,Yes,Fiber optic,No,No,Yes,No,No,Yes,Month-to-month,Yes,Mailed check,86.39,909.07
6816-GVEL,Female,0,Yes,No,38,Yes,No,Fiber optic,Yes,No,No,No,No,No,Month-to-month,Yes,Credit card (automatic),76.74,2968.91
9839-WDPJ,Male,0,No,Yes,21,Yes,No,Fiber optic,No,No,Yes,No,No,Yes,One year,Yes,Credit card (automatic),85.84,1739.9
6220-NQRH,Female,0,Yes,No,7,Yes,Yes,Fiber optic,Yes,No,Yes,Yes,No,No,One year,Yes,Bank transfer (automatic),94.27,581.95
3384-ISRF,Female,0,No,No,72,No,No phone service,Fiber optic,No,Yes,No,Yes,No,No,Month-to-month,Yes,Bank transfer (automatic),76.33,5143.57
4757-UGVN,Male,0,No,No,13,Yes,Yes,Fiber optic,Yes,Yes,No,No,No,Yes,Month-to-month,Yes,Electronic check,95.9,1289.29
7354-EHAK,Male,0,No,No,43,Yes,No,Fiber optic,Yes,No,Yes,No,Yes,Yes,Month-to-month,Yes,Bank transfer (automatic),102.76,4069.87
7224-MPIX,Female,0,No,No,15,Yes,No,Fiber optic,Yes,No,Yes,Yes,No,Yes,Month-to-month,No,Bank transfer (automatic),94.27,1360.31
4742-LOQW,Female,0,No,No,23,Yes,Yes,DSL,Yes,No,No,No,Yes,Yes,Two year,Yes,Electronic check,84.45,1910.53
7536-SGZN,Male,0,Yes,Yes,27,Yes,Yes,DSL,Yes,No,No,No,No,No,Month-to-month,Yes,Electronic check,72.88,1880.12
7415-UMSQ,Male,0,No,No,7,Yes,No,Fiber optic,No,No,No,No,Yes,Yes,Month-to-month,Yes,Electronic check,92.89,636.68
3882-VZXZ,Female,0,No,Yes,7,Yes,No,Fiber optic,No,Yes,No,No,Yes,Yes,Month-to-month,Yes,Electronic check,101.67,688.9
8238-ROFJ,Male,0,No,No,45,Yes,Yes,Fiber optic,No,No,No,No,Yes,Yes,Month-to-month,No,Electronic check,95.15,3974.01
6186-NVQS,Female,0,Yes,Yes,15,Yes,Yes,DSL,No,Yes,Yes,No,Yes,Yes,Month-to-month,Yes,Electronic check,76.83,1113.88
3720-GHGJ,Female,0,No,No,32,Yes,Yes,Fiber optic,No,No,No,No,No,No,Month-to-month,Yes,Mailed check,74.8,2257.43
5934-JAAT,Female,0,No,Yes,50,Yes,No,No,No internet service,No internet service,No internet service,No internet service,No internet service,No internet service,Month-to-month,No,Electronic check,32.77,1702.51
6849-MJOU,Male,0,Yes,No,9,Yes,No,Fiber optic,Yes,Yes,No,No,No,Yes,One year,Yes,Credit card (automatic),90.64,789.04
9237-RPIN,Female,0,No,Yes,24,Yes,No,DSL,No,No,No,No,No,Yes,Month-to-month,Yes,Electronic check,62.37,1380.31
1109-RNRS,Female,0,Yes,No,15,Yes,No,DSL,No,No,Yes,No,Yes,Yes,One year,Yes,Electronic check,70.37,1006.41
3188-FIVF,Male,0,Yes,No,25,Yes,No,Fiber optic,No,No,Yes,No,Yes,Yes,One year,Yes,Bank transfer (automatic),89.84,2121.8
1695-ZJCM,Male,1,No,No,7,Yes,No,Fiber optic,No,Yes,No,No,Yes,Yes,Two year,Yes,Electronic check,91.35,641.72
3757-OBJX,Male,0,Yes,Yes,39,Yes,Yes,DSL,No,Yes,No,Yes,No,No,Two year,Yes,Credit card (automatic),68.96,2544.25
4698-GBXL,Male,0,No,Yes,52,Yes,Yes,Fiber optic,No,Yes,No,No,No,No,Month-to-month,Yes,Electronic check,88.99,4786.19
5755-XYZU,Female,0,No,No,8,Yes,Yes,Fiber optic,No,No,No,No,Yes,Yes,Month-to-month,Yes,Electronic check,94.35,741.38
2582-LPTV,Male,0,No,No,7,Yes,No,Fiber optic,No,Yes,Yes,No,No,Yes,One year,No,Electronic check,95.05,653.13
4982-KYBN,Female,0,No,Yes,0,Yes,No,DSL,No,No,No,Yes,Yes,No,Month-to-month,No,Bank transfer (automatic),67.83,
7306-NWMB,Female,0,Yes,No,7,Yes,No,No,No internet service,No internet service,No internet service,No internet service,No internet service,No internet service,Month-to-month,No,Electronic check,32.0,209.97
9655-MGGK,Male,1,No,No,8,Yes,Yes,Fiber optic,No,No,Yes,No,No,Yes,Two year,No,Electronic check,92.69,703.77
1919-EDYI,Male,0,No,Yes,27,Yes,No,Fiber optic,No,Yes,No,No,No,No,One year,Yes,Electronic check,90.42,2308.9
3197-ZTBO,Female,0,No,No,40,Yes,No,Fiber optic,Yes,Yes,Yes,No,No,Yes,Month-to-month,No,Electronic check,95.46,3608.97
7660-YLVP,Male,0,No,No,45,Yes,No,Fiber optic,Yes,Yes,Yes,No,Yes,No,Month-to-month,Yes,Bank transfer (automatic),96.21,4301.03
7601-EPEZ,Male,0,Yes,No,41,Yes,No,DSL,No,Yes,Yes,Yes,No,Yes,Two year,Yes,Electronic check,69.01,2786.62
4805-ZQVQ,Female,0,No,No,26,Yes,Yes,Fiber optic,Yes,No,No,No,No,Yes,One year,Yes,Mailed check,96.52,2303.28
3068-MBOM,Male,0,No,No,11,Yes,Yes,DSL,No,No,Yes,Yes,No,Yes,Month-to-month,Yes,Electronic check,77.62,862.76
5513-UFPO,Male,0,No,Yes,38,No,No phone service,DSL,Yes,No,Yes,No,Yes,Yes,Month-to-month,No,Mailed check,67.27,2450.54
5697-PNUQ,Female,0,No,No,33,Yes,Yes,DSL,No,No,Yes,No,No,Yes,Month-to-month,Yes,Mailed check,64.09,2194.31
6237-RTII,Male,0,Yes,No,21,Yes,Yes,DSL,No,No,No,No,Yes,Yes,Month-to-month,No,Mailed check,78.0,1609.59
7928-ULOP,Female,0,No,No,20,Yes,Yes,DSL,Yes,Yes,Yes,No,Yes,Yes,Month-to-month,No,Electronic check,84.53,1643.93
7576-VWJM,Male,0,No,Yes,7,No,No phone service,DSL,No,No,No,No,No,Yes,Month-to-month,No,Credit card (automatic),55.3,366.32
8850-XANB,Female,0,No,Yes,39,Yes,No,Fiber optic,No,No,No,No,No,Yes,One year,Yes,Electronic check,81.09,3036.57
4981-LPSP,Female,0,No,No,36,Yes,Yes,Fiber optic,No,No,No,No,Yes,No,Two year,No,Credit card (automatic),95.66,3364.64
5282-OILR,Female,0,No,Yes,0,Yes,No,No,No internet service,No internet service,No internet service,No internet service,No internet service,No internet service,Month-to-month,Yes,Credit card (automatic),34.3,
8381-YGLF,Female,0,No,No,35,Yes,No,DSL,Yes,No,Yes,No,No,Yes,Month-to-month,Yes,Electronic check,63.11,1982.25
7376-SGZO,Male,0,Yes,Yes,59,Yes,No,No,No internet service,No internet service,No internet service,No internet service,No internet service,No internet service,Month-to-month,Yes,Bank transfer (automatic),32.99,1805.5
3072-DJMG,Female,0,No,No,9,Yes,No,Fiber optic,Yes,Yes,Yes,No,Yes,Yes,One year,No,Mailed check,107.76,881.84
2855-VPXI,Female,0,Yes,Yes,38,Yes,Yes,DSL,No,Yes,Yes,No,No,Yes,Month-to-month,No,Electronic check,74.32,2776.28
6102-BULV,Male,1,Yes,No,58,Yes,No,Fiber optic,No,No,No,Yes,Yes,Yes,Month-to-month,Yes,Credit card (automatic),93.02,5193.61
9776-GNMT,Female,0,Yes,No,1,No,No phone service,Fiber optic,Yes,No,No,No,No,No,One year,No,Electronic check,76.37,79.66
5504-MSUW,Female,0,No,No,32,Yes,Yes,No,No internet service,No internet service,No internet service,No internet service,No internet service,No internet service,Month-to-month,No,Credit card (automatic),36.49,1071.21
2675-OQUS,Female,0,No,No,2,Yes,No,DSL,Yes,No,No,No,Yes,No,Month-to-month,Yes,Electronic check,67.18,129.05
8591-GXQK,Female,0,Yes,No,29,Yes,Yes,DSL,No,No,Yes,No,Yes,No,One year,No,Electronic check,70.44,2020.43
2458-TIYL,Female,0,No,No,7,Yes,No,DSL,No,No,Yes,No,Yes,Yes,Month-to-month,Yes,Credit card (automatic),73.33,513.06
3021-VGJD,Female,0,No,No,14,Yes,No,Fiber optic,No,Yes,No,No,No,No,One year,No,Credit card (automatic),86.26,1083.46
6218-QRVE,Female,0,No,No,26,Yes,No,No,No internet service,No internet service,No internet service,No internet service,No internet service,No internet service,Month-to-month,No,Electronic check,26.71,626.32
3421-ACNN,Male,0,Yes,Yes,43,Yes,Yes,Fiber optic,Yes,No,Yes,Yes,Yes,Yes,Month-to-month,No,Electronic check,114.17,4400.06
9633-KFLE,Male,0,No,No,47,Yes,Yes,DSL,No,No,No,No,Yes,No,Two year,Yes,Credit card (automatic),64.86,2773.11
9580-VGOT,Female,0,No,No,34,Yes,No,DSL,Yes,No,No,Yes,No,Yes,Month-to-month,Yes,Electronic check,70.76,2363.01
5803-ADZK,Male,0,Yes,No,29,Yes,Yes,Fiber optic,No,Yes,Yes,No,Yes,No,One year,Yes,Electronic check,101.31,2864.46
3995-LELD,Female,1,Yes,No,43,Yes,Yes,Fiber optic,No,Yes,No,No,Yes,Yes,One year,Yes,Credit card (automatic),101.15,4268.01
9546-PMFL,Female,0,No,Yes,1,No,No phone service,No,No internet service,No internet service,No internet service,No internet service,No internet service,No internet service,Month-to-month,No,Bank transfer (automatic),18.24,17.04
1923-NMKW,Male,0,No,Yes,13,Yes,No,Fiber optic,No,Yes,No,Yes,Yes,No,Month-to-month,No,Electronic check,90.69,1199.2
2499-ESTP,Male,0,No,No,27,No,No phone service,No,No internet service,No internet service,No internet service,No internet service,No internet service,No internet service,One year,No,Electronic check,22.38,580.6
5391-GDPN,Female,1,Yes,No,29,Yes,Yes,DSL,Yes,No,No,No,No,Yes,Month-to-month,No,Electronic check,73.26,1975.55
1816-DUCL,Female,0,Yes,No,37,Yes,Yes,Fiber optic,No,No,Yes,No,No,Yes,Two year,No,Electronic check,100.46,3547.13
3423-FXAW,Male,0,Yes,No,15,Yes,No,DSL,Yes,Yes,Yes,No,No,No,One year,Yes,Mailed check,65.08,942.66
4351-SQET,Female,0,No,No,31,Yes,Yes,Fiber optic,No,No,No,Yes,Yes,No,Month-to-month,No,Electronic check,105.59,3285.12
5068-IDUJ,Male,0,No,No,49,Yes,No,Fiber optic,No,No,Yes,No,No,Yes,Month-to-month,No,Electronic check,94.02,4284.15
4017-IQQY,Female,0,Yes,No,59,Yes,Yes,Fiber optic,Yes,Yes,No,No,Yes,No,Month-to-month,Yes,Mailed check,101.76,5852.76
5920-BVCY,Female,0,No,No,3,Yes,No,DSL,No,No,Yes,Yes,Yes,No,Month-to-month,No,Mailed check,69.94,205.26
6266-WWVB,Male,0,No,No,55,Yes,No,Fiber optic,No,No,No,No,No,Yes,Month-to-month,Yes,Credit card (automatic),87.33,4585.47
3534-GKVA,Female,0,Yes,No,17,Yes,Yes,DSL,Yes,No,Yes,No,Yes,Yes,Two year,Yes,Bank transfer (automatic),80.15,1350.66
4773-HATI,Female,0,No,No,38,Yes,No,Fiber optic,No,No,No,No,Yes,No,Month-to-month,No,Bank transfer (automatic),88.0,3061.03
7604-UMAO,Male,0,No,No,18,Yes,No,DSL,No,Yes,No,Yes,No,Yes,Month-to-month,No,Bank transfer (automatic),73.65,1225.65
7444-BPOE,Male,0,No,No,49,Yes,No,Fiber optic,No,Yes,Yes,No,No,Yes,Two year,No,Electronic check,91.46,4305.59
3068-ZPGB,Male,0,No,No,44,Yes,Yes,Fiber optic,No,Yes,No,No,No,Yes,Month-to-month,No,Bank transfer (automatic),100.05,4244.38
3728-FYCK,Female,0,Yes,No,2,Yes,No,DSL,No,No,No,No,Yes,Yes,Month-to-month,Yes,Electronic check,67.15,129.81
1065-QBZS,Male,1,Yes,No,0,Yes,Yes,Fiber optic,No,Yes,Yes,Yes,Yes,Yes,One year,Yes,Electronic check,102.48,
5308-XAWK,Male,1,No,No,43,Yes,No,Fiber optic,No,No,No,No,No,No,Month-to-month,No,Electronic check,76.23,3157.13
8959-KZJS,Male,0,No,No,52,Yes,No,Fiber optic,No,No,No,No,Yes,Yes,Month-to-month,Yes,Electronic check,87.06,3987.83
2464-VXSA,Female,0,No,No,27,Yes,No,Fiber optic,No,Yes,No,Yes,Yes,Yes,One year,Yes,Electronic check,96.91,2546.39
5340-YWEK,Male,0,No,No,11,Yes,Yes,Fiber optic,No,Yes,No,No,Yes,No,Month-to-month,Yes,Electronic check,100.99,1104.44
9880-EBBU,Male,0,Yes,No,41,Yes,Yes,Fiber optic,No,Yes,No,Yes,Yes,Yes,Month-to-month,No,Electronic check,98.84,4130.62
2132-BUAU,Female,1,No,No,35,Yes,No,Fiber optic,No,No,No,Yes,Yes,Yes,Two year,Yes,Credit card (automatic),102.56,3450.63
5836-KNPG,Male,0,No,No,14,Yes,No,Fiber optic,Yes,Yes,Yes,Yes,Yes,No,Month-to-month,Yes,Credit card (automatic),102.34,1413.24
7118-BLVH,Male,1,Yes,Yes,28,Yes,No,No,No internet service,No internet service,No internet service,No internet service,No internet service,No internet service,Month-to-month,Yes,Credit card (automatic),22.66,609.71
2241-YBBQ,Female,0,Yes,No,20,Yes,Yes,DSL,No,No,Yes,No,No,No,One year,No,Electronic check,66.96,1221.79
2802-OJKN,Female,0,Yes,No,29,Yes,No,Fiber optic,Yes,Yes,No,Yes,Yes,No,Month-to-month,Yes,Electronic check,103.66,2818.9
6343-IFFR,Female,0,No,Yes,20,Yes,Yes,Fiber optic,No,Yes,Yes,Yes,No,No,Month-to-month,Yes,Mailed check,94.4,1918.89
7913-PLNX,Female,0,No,No,15,Yes,No,DSL,No,No,Yes,No,No,No,Month-to-month,Yes,Bank transfer (automatic),60.29,837.09
1969-WBYL,Female,0,Yes,No,43,Yes,No,DSL,Yes,No,Yes,No,No,No,One year,Yes,Credit card (automatic),60.58,2468.7
4273-JVPR,Male,0,No,No,3,Yes,Yes,Fiber optic,No,No,No,No,Yes,No,Month-to-month,No,Bank transfer (automatic),92.75,269.18
2268-JDOW,Male,0,No,Yes,6,Yes,No,DSL,No,No,Yes,No,Yes,Yes,Month-to-month,No,Credit card (automatic),76.01,449.77
9611-EMTQ,Female,0,No,No,28,Yes,Yes,DSL,Yes,No,Yes,No,Yes,No,Month-to-month,Yes,Electronic check,73.19,1934.02
5693-VDJQ,Male,0,No,No,18,Yes,No,Fiber optic,No,No,Yes,No,No,Yes,Month-to-month,Yes,Electronic check,90.07,1651.0
5383-KMLA,Male,0,No,Yes,4,Yes,Yes,Fiber optic,No,No,No,Yes,Yes,Yes,Two year,Yes,Credit card (automatic),102.29,382.58
7954-KUUS,Male,1,No,No,19,Yes,No,DSL,No,No,Yes,Yes,Yes,Yes,Month-to-month,Yes,Electronic check,78.72,1443.32
3463-MXLO,Female,0,No,No,33,Yes,Yes,Fiber optic,No,No,No,Yes,Yes,Yes,Month-to-month,Yes,Credit card (automatic),103.67,3454.88
2572-KOHQ,Male,0,Yes,No,64,Yes,Yes,Fiber optic,Yes,Yes,No,No,No,No,Month-to-month,Yes,Mailed check,91.13,6018.44
4345-VYFK,Male,0,Yes,No,19,Yes,Yes,DSL,No,Yes,No,No,No,Yes,Month-to-month,No,Credit card (automatic),77.11,1347.24
4550-HHRR,Female,0,Yes,Yes,10,Yes,No,DSL,No,No,Yes,No,No,Yes,Month-to-month,Yes,Mailed check,72.52,698.51
2291-AIZO,Male,0,No,No,44,Yes,Yes,Fiber optic,No,Yes,No,Yes,Yes,Yes,Month-to-month,Yes,Credit card (automatic),113.31,4863.67
5460-LFEW,Male,1,No,No,2,Yes,Yes,Fiber optic,No,No,Yes,No,Yes,No,Month-to-month,No,Electronic check,96.93,187.08
3569-MIUS,Male,0,No,Yes,31,No,No phone service,Fiber optic,No,No,No,No,No,No,One year,Yes,Credit card (automatic),71.46,2217.74
2894-TLIH,Female,0,No,No,4,Yes,No,DSL,No,No,No,No,No,Yes,Two year,No,Credit card (automatic),64.17,235.61
4494-CQXN,Male,0,No,Yes,27,Yes,Yes,Fiber optic,Yes,Yes,Yes,Yes,No,No,Two year,No,Credit card (automatic),94.99,2473.19
7100-VVNR,Female,1,No,Yes,18,Yes,Yes,DSL,No,No,Yes,Yes,No,No,Month-to-month,Yes,Credit card (automatic),70.86,1224.81
3606-YNOI,Male,0,No,No,16,Yes,Yes,DSL,No,Yes,Yes,No,No,No,One year,Yes,Credit card (automatic),69.69,1031.62
1289-TRXT,Female,0,Yes,No,43,Yes,No,Fiber optic,No,No,Yes,Yes,Yes,Yes,Month-to-month,Yes,Electronic check,98.54,4434.12
8770-LCVP,Male,0,Yes,No,10,No,No phone service,Fiber optic,Yes,Yes,No,Yes,Yes,No,One year,Yes,Electronic check,92.4,900.81
7665-IYLX,Female,0,Yes,No,35,Yes,No,Fiber optic,Yes,Yes,No,No,No,Yes,One year,No,Credit card (automatic),96.67,3158.46
2551-VVDE,Male,1,Yes,No,31,Yes,Yes,Fiber optic,No,Yes,No,No,Yes,Yes,One year,Yes,Electronic check,105.29,3128.57
4724-VGIL,Male,0,Yes,No,1,No,No phone service,Fiber optic,No,Yes,No,No,No,No,Two year,Yes,Credit card (automatic),81.32,74.35
4899-YXMT,Male,0,Yes,No,31,Yes,No,Fiber optic,Yes,No,Yes,No,Yes,Yes,Month-to-month,Yes,Credit card (automatic),103.32,3087.39
4898-SLRA,Female,0,No,No,34,Yes,No,Fiber optic,Yes,No,Yes,Yes,No,Yes,One year,Yes,Credit card (automatic),95.85,3169.74
8275-CZPH,Male,0,No,No,60,Yes,Yes,DSL,Yes,No,No,No,No,Yes,Month-to-month,Yes,Credit card (automatic),77.17,4614.27
3152-BOUV,Male,1,No,No,16,Yes,Yes,Fiber optic,No,No,Yes,Yes,Yes,Yes,Month-to-month,No,Bank transfer (automatic),107.67,1688.11
5011-LXSZ,Female,0,No,No,29,Yes,No,No,No internet service,No internet service,No internet service,No internet service,No internet service,No internet service,Month-to-month,No,Electronic check,24.83,697.88
6454-ZWEX,Male,0,No,No,20,Yes,No,Fiber optic,No,No,Yes,No,Yes,No,One year,No,Credit card (automatic),87.92,1576.22
5679-WCEU,Male,0,Yes,No,17,Yes,Yes,DSL,No,No,No,No,Yes,No,Month-to-month,Yes,Electronic check,70.75,1045.79
6466-QMSY,Male,0,No,No,48,Yes,No,Fiber optic,No,Yes,No,Yes,Yes,No,Month-to-month,No,Mailed check,90.87,4118.36
9382-RIVS,Female,1,No,No,21,Yes,Yes,Fiber optic,No,Yes,Yes,Yes,No,No,Month-to-month,Yes,Electronic check,100.63,2017.84
2805-PDOC,Male,0,Yes,Yes,20,Yes,No,Fiber optic,No,Yes,No,No,Yes,Yes,Month-to-month,No,Electronic check,104.66,1926.53
8664-VOPM,Male,0,No,No,7,Yes,Yes,Fiber optic,Yes,Yes,Yes,No,Yes,No,One year,Yes,Mailed check,97.81,669.98
7477-ARFV,Female,0,No,No,11,No,No phone service,DSL,Yes,No,No,Yes,Yes,Yes,One year,No,Electronic check,70.27,750.67
2347-FRJA,Female,0,No,No,24,No,No phone service,No,No internet service,No internet service,No internet service,No internet service,No internet service,No internet service,One year,Yes,Electronic check,23.0,485.52
7666-RBGK,Female,0,Yes,No,27,Yes,Yes,DSL,No,No,Yes,No,Yes,Yes,Month-to-month,Yes,Mailed check,83.14,2153.68
2785-BGVL,Female,0,No,No,16,Yes,No,DSL,No,Yes,No,No,No,Yes,One year,Yes,Credit card (automatic),62.65,1008.27
2700-OYEY,Female,0,No,No,45,Yes,No,Fiber optic,No,Yes,Yes,No,Yes,Yes,Month-to-month,Yes,Mailed check,99.46,4224.21
6580-VOSB,Female,0,No,Yes,49,Yes,No,Fiber optic,No,Yes,No,No,No,Yes,Two year,Yes,Bank transfer (automatic),90.54,4410.07
8660-DYEV,Male,1,Yes,Yes,1,Yes,No,Fiber optic,No,No,Yes,Yes,Yes,No,Month-to-month,Yes,Credit card (automatic),93.17,83.38
7271-MEEI,Male,0,No,Yes,37,Yes,Yes,Fiber optic,Yes,No,No,No,No,No,One year,Yes,Mailed check,97.2,3382.32
1114-NUXF,Female,0,No,No,4,Yes,Yes,Fiber optic,No,Yes,No,Yes,Yes,Yes,Month-to-month,Yes,Bank transfer (automatic),103.83,398.92
6166-WHYI,Female,1,Yes,Yes,47,Yes,Yes,Fiber optic,Yes,No,No,No,Yes,Yes,Month-to-month,Yes,Bank transfer (automatic),100.69,4778.89
1731-TSMC,Female,0,No,Yes,58,Yes,Yes,Fiber optic,Yes,No,No,No,No,No,Month-to-month,Yes,Electronic check,84.96,4736.19
4897-PBYS,Female,0,No,No,68,Yes,Yes,Fiber optic,No,Yes,No,No,Yes,Yes,Month-to-month,No,Credit card (automatic),106.62,6998.02
5810-ZJCD,Female,0,No,No,63,Yes,No,Fiber optic,No,No,Yes,No,No,No,One year,Yes,Electronic check,89.29,5609.61
3504-JGAY,Male,0,Yes,No,16,Yes,No,No,No internet service,No internet service,No internet service,No internet service,No internet service,No internet service,Month-to-month,No,Electronic check,35.1,561.37
1569-GYRO,Female,1,No,No,53,Yes,Yes,DSL,No,No,No,Yes,Yes,No,Month-to-month,Yes,Mailed check,69.53,3561.38
9139-MRWL,Female,0,Yes,No,37,Yes,Yes,No,No internet service,No internet service,No internet service,No internet service,No internet service,No internet service,Month-to-month,Yes,Electronic check,36.45,1264.17
3337-DTPG,Male,1,No,No,27,Yes,Yes,Fiber optic,No,No,Yes,No,Yes,No,Month-to-month,Yes,Bank transfer (automatic),89.62,2295.58
3321-ISSZ,Female,0,No,No,24,Yes,No,DSL,No,Yes,No,No,No,No,Month-to-month,Yes,Mailed check,59.58,1260.74
7701-AXMM,Male,1,No,No,33,Yes,Yes,Fiber optic,No,No,No,Yes,Yes,Yes,Month-to-month,No,Electronic check,98.81,3182.58
5730-BACG,Female,0,Yes,No,40,Yes,No,DSL,No,No,Yes,No,Yes,No,Month-to-month,Yes,Bank transfer (automatic),64.69,2407.55
4428-BBDZ,Female,0,Yes,No,4,No,No phone service,Fiber optic,Yes,Yes,No,No,Yes,No,One year,Yes,Electronic check,85.2,341.13
5336-QZVN,Female,0,Yes,No,31,Yes,No,DSL,No,Yes,No,Yes,Yes,Yes,Month-to-month,Yes,Electronic check,75.57,2499.12
7650-WUMM,Male,0,Yes,No,43,Yes,No,Fiber optic,No,No,No,Yes,No,Yes,Month-to-month,No,Mailed check,90.02,3583.81
6845-MXBS,Male,0,Yes,No,3,Yes,No,Fiber optic,Yes,No,No,No,No,No,One year,No,Bank transfer (automatic),81.62,210.38
3621-KHOW,Female,0,No,No,39,Yes,No,Fiber optic,Yes,No,Yes,No,Yes,Yes,Month-to-month,Yes,Credit card (automatic),98.06,3619.36
6659-YOIH,Male,0,Yes,No,67,No,No phone service,DSL,No,Yes,No,Yes,Yes,Yes,One year,Yes,Electronic check,74.9,4874.78
2076-WXUY,Female,0,No,No,4,Yes,No,Fiber optic,No,No,Yes,No,Yes,Yes,Month-to-month,No,Bank transfer (automatic),93.58,373.66
3274-JSHC,Male,0,No,Yes,26,Yes,No,Fiber optic,No,No,Yes,No,Yes,Yes,Month-to-month,Yes,Mailed check,98.14,2452.79
8267-WFLG,Female,0,No,Yes,47,Yes,Yes,Fiber optic,No,Yes,No,No,No,Yes,Month-to-month,No,Mailed check,95.11,4226.67
9381-QZKD,Female,0,No,Yes,32,Yes,No,Fiber optic,Yes,No,Yes,No,Yes,No,Month-to-month,Yes,Bank transfer (automatic),97.67,3138.61
6885-HLUU,Female,0,Yes,No,20,Yes,Yes,Fiber optic,No,No,Yes,Yes,Yes,Yes,Month-to-month,Yes,Credit card (automatic),96.76,1895.19
9637-JDHR,Male,0,Yes,No,2,No,No phone service,Fiber optic,Yes,Yes,Yes,No,Yes,Yes,Month-to-month,Yes,Electronic check,101.54,202.85
3798-PNSG,Female,0,No,No,11,Yes,No,No,No internet service,No internet service,No internet service,No internet service,No internet service,No internet service,One year,No,Electronic check,21.9,239.0
5536-WXCV,Female,1,No,No,3,Yes,Yes,DSL,No,Yes,No,No,No,No,One year,Yes,Bank transfer (automatic),63.84,184.28
6259-SUQV,Male,0,Yes,Yes,36,Yes,No,Fiber optic,No,Yes,No,Yes,No,No,One year,No,Electronic check,84.47,3007.15
1774-AZYL,Female,0,Yes,No,2,Yes,No,Fiber optic,No,No,No,Yes,No,No,Month-to-month,No,Credit card (automatic),78.57,140.82
1889-IDOB,Male,0,Yes,No,49,Yes,No,Fiber optic,No,Yes,No,No,Yes,No,One year,Yes,Mailed check,92.74,4388.83
9091-CSZU,Female,0,Yes,No,36,Yes,No,No,No internet service,No internet service,No internet service,No internet service,No internet service,No internet service,Two year,Yes,Credit card (automatic),28.23,986.73
5173-FTFL,Female,0,Yes,No,19,Yes,Yes,DSL,No,Yes,No,No,Yes,No,Month-to-month,Yes,Electronic check,73.98,1502.43
2646-WKUP,Male,0,Yes,No,38,Yes,Yes,Fiber optic,No,Yes,No,Yes,Yes,Yes,Month-to-month,Yes,Credit card (automatic),114.85,4439.72
1004-LFCO,Male,0,Yes,Yes,5,No,No phone service,No,No internet service,No internet service,No internet service,No internet service,No internet service,No internet service,Month-to-month,No,Bank transfer (automatic),18.0,95.59
9785-YLKE,Male,0,No,Yes,5,Yes,Yes,Fiber optic,No,No,No,No,Yes,Yes,One year,Yes,Mailed check,91.13,421.34
7493-RIAX,Female,0,No,No,35,Yes,Yes,Fiber optic,No,Yes,No,No,No,No,Month-to-month,Yes,Bank transfer (automatic),90.39,3091.12
9249-UBUF,Male,0,Yes,Yes,34,Yes,Yes,No,No internet service,No internet service,No internet service,No internet service,No internet service,No internet service,Month-to-month,No,Electronic check,40.98,1350.03
8234-VFVS,Female,0,No,No,24,Yes,No,Fiber optic,Yes,No,No,No,No,Yes,Month-to-month,Yes,Electronic check,85.85,1940.25
1322-FXZG,Female,0,No,No,18,Yes,Yes,Fiber optic,No,No,No,No,No,Yes,Month-to-month,Yes,Bank transfer (automatic),90.39,1507.86
3081-WBCD,Male,0,No,No,38,Yes,No,Fiber optic,Yes,Yes,No,Yes,No,Yes,Month-to-month,Yes,Credit card (automatic),98.74,3465.36
1466-DCHW,Male,0,No,No,13,Yes,Yes,DSL,No,No,No,No,Yes,No,Two year,Yes,Bank transfer (automatic),66.47,839.41
7182-VHKI,Male,1,No,No,17,Yes,No,DSL,No,No,No,Yes,No,No,Month-to-month,No,Mailed check,62.7,1074.73
2541-IILL,Female,0,No,Yes,32,Yes,No,Fiber optic,No,No,No,Yes,Yes,Yes,Month-to-month,No,Credit card (automatic),93.6,2999.37
5354-WYDD,Male,0,No,No,23,Yes,Yes,Fiber optic,Yes,Yes,No,No,Yes,Yes,One year,Yes,Bank transfer (automatic),104.5,2203.8
5408-NOBF,Female,1,No,Yes,13,Yes,No,DSL,No,No,Yes,No,Yes,Yes,Month-to-month,Yes,Bank transfer (automatic),73.44,927.78
9968-FNJB,Male,0,Yes,Yes,31,Yes,No,No,No internet service,No internet service,No internet service,No internet service,No internet service,No internet service,Month-to-month,No,Bank transfer (automatic),25.52,748.2
1768-LJNP,Female,1,Yes,No,46,Yes,Yes,No,No internet service,No internet service,No internet service,No internet service,No internet service,No internet service,Month-to-month,Yes,Bank transfer (automatic),30.31,1329.07
8432-OKZD,Male,0,Yes,No,13,Yes,Yes,Fiber optic,Yes,No,Yes,No,No,No,Month-to-month,Yes,Mailed check,99.43,1188.19
4819-DSIV,Male,0,No,No,17,Yes,Yes,Fiber optic,No,Yes,Yes,No,Yes,No,One year,Yes,Bank transfer (automatic),94.85,1523.29
2053-TVBW,Male,0,Yes,No,17,Yes,No,DSL,No,No,Yes,No,Yes,Yes,Month-to-month,Yes,Electronic check,75.48,1258.26
1992-YBLU,Male,1,Yes,No,40,Yes,No,Fiber optic,Yes,Yes,Yes,No,No,Yes,Month-to-month,Yes,Electronic check,96.76,3801.08
6901-SSUA,Female,0,No,Yes,27,No,No phone service,Fiber optic,Yes,Yes,No,No,Yes,No,Month-to-month,Yes,Bank transfer (automatic),84.51,2093.31
2788-WSJT,Female,0,Yes,No,8,Yes,No,Fiber optic,No,No,No,No,Yes,Yes,Month-to-month,No,Mailed check,92.25,764.11
1830-TFBM,Male,0,No,No,57,Yes,No,Fiber optic,No,Yes,No,No,Yes,Yes,One year,Yes,Bank transfer (automatic),91.03,4983.65
8480-EAUZ,Male,0,Yes,Yes,20,Yes,Yes,Fiber optic,Yes,Yes,No,No,Yes,Yes,Two year,Yes,Electronic check,100.84,1960.66
7642-WNZI,Female,0,Yes,No,38,Yes,Yes,DSL,Yes,No,No,Yes,Yes,No,Month-to-month,Yes,Bank transfer (automatic),80.12,2792.29
5999-LMXZ,Female,0,No,No,34,No,No phone service,DSL,No,Yes,Yes,No,Yes,No,Month-to-month,No,Electronic check,63.11,2128.62
8731-ZRLU,Male,0,Yes,No,11,Yes,Yes,Fiber optic,No,No,No,Yes,No,Yes,Month-to-month,Yes,Electronic check,90.58,963.36
8664-HJVC,Female,0,No,No,28,Yes,No,No,No internet service,No internet service,No internet service,No internet service,No internet service,No internet service,Month-to-month,No,Mailed check,33.88,922.66
5261-QIOR,Female,1,No,No,16,Yes,No,DSL,Yes,No,No,Yes,No,No,Month-to-month,Yes,Credit card (automatic),66.64,1042.61
2284-DJJQ,Male,0,Yes,No,0,No,No phone service,DSL,Yes,Yes,No,Yes,Yes,Yes,Month-to-month,Yes,Mailed check,75.52,
6855-FBEB,Female,0,Yes,No,41,Yes,Yes,DSL,Yes,No,No,Yes,No,Yes,Month-to-month,Yes,Credit card (automatic),74.98,2917.02
5386-EVFT,Female,0,Yes,No,18,Yes,Yes,DSL,No,Yes,No,No,Yes,No,Month-to-month,Yes,Electronic check,74.3,1257.54
5055-FQVQ,Male,0,No,No,3,Yes,Yes,Fiber optic,Yes,No,Yes,No,No,Yes,Month-to-month,Yes,Electronic check,101.08,297.11
5959-FUUF,Female,1,No,No,15,Yes,No,Fiber optic,No,Yes,Yes,Yes,Yes,Yes,Month-to-month,No,Electronic check,106.91,1391.93
4942-RZNK,Female,0,Yes,No,5,Yes,No,No,No internet service,No internet service,No internet service,No internet service,No internet service,No internet service,Two year,Yes,Electronic check,32.12,154.17
4757-AJJR,Male,0,Yes,No,41,Yes,No,DSL,Yes,Yes,Yes,No,No,No,Month-to-month,Yes,Electronic check,70.42,2720.77
6044-KJYZ,Female,0,No,Yes,6,Yes,Yes,Fiber optic,Yes,No,No,Yes,No,Yes,Month-to-month,Yes,Mailed check,105.56,591.24
8374-LZFV,Male,0,No,Yes,12,No,No phone service,Fiber optic,No,Yes,No,No,No,Yes,Month-to-month,No,Electronic check,76.37,882.89
3734-JISV,Male,0,Yes,No,14,Yes,Yes,Fiber optic,Yes,No,No,Yes,Yes,No,One year,No,Credit card (automatic),98.46,1416.33
8423-USTJ,Male,0,Yes,Yes,38,Yes,No,DSL,Yes,No,No,No,No,Yes,One year,Yes,Electronic check,72.11,2534.17
7016-CVGN,Male,0,No,No,51,Yes,Yes,Fiber optic,Yes,No,No,Yes,Yes,No,Month-to-month,Yes,Mailed check,91.37,4526.17
1848-SHFN,Female,0,No,No,6,Yes,Yes,Fiber optic,Yes,No,No,No,Yes,Yes,One year,Yes,Credit card (automatic),106.1,605.24
7299-FBBY,Female,0,No,No,20,Yes,Yes,Fiber optic,No,Yes,Yes,No,No,Yes,Month-to-month,No,Credit card (automatic),96.53,1788.39
2039-JSRM,Female,0,No,No,3,Yes,Yes,No,No internet service,No internet service,No internet service,No internet service,No internet service,No internet service,Month-to-month,Yes,Electronic check,45.22,125.55
3140-ZRWP,Male,0,Yes,No,14,Yes,No,Fiber optic,Yes,No,Yes,Yes,No,Yes,Month-to-month,Yes,Electronic check,105.74,1344.54
9523-ROWV,Male,0,No,Yes,30,No,No phone service,Fiber optic,No,No,No,No,No,Yes,Month-to-month,No,Mailed check,76.59,2125.64
3071-MEFR,Male,0,No,No,9,Yes,Yes,Fiber optic,Yes,No,Yes,Yes,Yes,No,Month-to-month,Yes,Mailed check,104.2,870.68
5413-OOZA,Female,1,Yes,Yes,47,Yes,No,Fiber optic,No,No,Yes,No,Yes,No,Month-to-month,No,Electronic check,88.52,3592.91
2867-JGTL,Female,0,No,No,9,Yes,No,Fiber optic,No,Yes,No,No,Yes,Yes,Month-to-month,No,Electronic check,90.44,800.14
2947-EFCD,Female,0,No,No,55,Yes,No,Fiber optic,No,No,No,Yes,No,Yes,Month-to-month,Yes,Electronic check,88.58,4549.5
2298-EDOK,Male,0,Yes,No,38,Yes,No,DSL,No,No,No,No,Yes,Yes,One year,No,Electronic check,66.14,2260.46
5771-MPVD,Female,0,No,No,25,Yes,No,Fiber optic,No,Yes,No,No,No,Yes,One year,No,Mailed check,92.13,2167.34
9611-FGBC,Female,0,Yes,No,35,Yes,Yes,Fiber optic,Yes,Yes,Yes,No,No,No,Month-to-month,Yes,Credit card (automatic),101.38,3292.5
9103-DLYO,Female,1,Yes,No,32,Yes,No,Fiber optic,Yes,No,No,No,Yes,Yes,Month-to-month,No,Credit card (automatic),100.59,3032.28
3393-DIWW,Male,0,No,No,2,Yes,Yes,No,No internet service,No internet service,No internet service,No internet service,No internet service,No internet service,Two year,Yes,Electronic check,29.41,57.35
9130-ENEA,Female,0,Yes,No,19,No,No phone service,Fiber optic,No,No,No,No,No,Yes,One year,Yes,Mailed check,80.44,1512.81
6092-JBFG,Male,0,No,Yes,31,No,No phone service,Fiber optic,No,Yes,Yes,Yes,No,No,Month-to-month,Yes,Electronic check,81.25,2324.07
2020-SELO,Female,0,No,No,15,Yes,Yes,Fiber optic,Yes,No,No,No,Yes,Yes,One year,No,Bank transfer (automatic),100.73,1405.84
8129-OAJL,Female,1,No,No,35,Yes,No,Fiber optic,No,Yes,Yes,Yes,Yes,Yes,Month-to-month,Yes,Mailed check,105.34,3332.24
9102-YRWB,Male,0,No,No,4,Yes,No,DSL,Yes,No,Yes,No,Yes,Yes,Month-to-month,Yes,Electronic check,75.54,296.08
8808-BWGR,Male,0,Yes,Yes,41,No,No phone service,DSL,No,Yes,No,No,Yes,Yes,One year,No,Mailed check,68.54,2455.37
7964-FSYA,Male,0,Yes,No,44,Yes,No,Fiber optic,No,No,No,No,Yes,Yes,Two year,No,Bank transfer (automatic),96.7,4083.3
8947-BJAO,Male,0,Yes,No,15,Yes,Yes,No,No internet service,No internet service,No internet service,No internet service,No internet service,No internet service,Month-to-month,Yes,Electronic check,38.53,551.31
3188-EMBH,Female,1,No,No,42,Yes,No,DSL,Yes,Yes,Yes,No,Yes,No,One year,Yes,Electronic check,76.86,3099.32
7158-VQAI,Male,0,No,Yes,22,Yes,Yes,Fiber optic,No,Yes,Yes,Yes,No,Yes,Month-to-month,No,Electronic check,109.41,2348.13
9378-NRPF,Female,0,Yes,No,39,Yes,No,DSL,No,Yes,No,Yes,No,Yes,Month-to-month,No,Mailed check,68.19,2370.57
9339-ONKR,Male,0,No,Yes,58,Yes,Yes,Fiber optic,No,Yes,No,Yes,Yes,No,One year,No,Mailed check,103.04,5587.25
9404-OIWS,Female,0,Yes,No,34,Yes,Yes,Fiber optic,No,No,No,No,Yes,Yes,One year,Yes,Electronic check,100.71,3371.92
3287-BSDI,Female,0,No,Yes,12,Yes,No,Fiber optic,No,No,Yes,Yes,Yes,No,One year,Yes,Electronic check,88.83,945.88
5267-NDPD,Female,0,Yes,Yes,14,Yes,Yes,Fiber optic,No,No,No,No,Yes,No,Month-to-month,Yes,Credit card (automatic),87.02,1124.02
3584-GHFU,Male,0,Yes,No,6,Yes,Yes,DSL,No,Yes,No,Yes,No,No,Month-to-month,Yes,Electronic check,64.94,368.2
9153-PHBZ,Male,0,No,Yes,42,Yes,No,No,No internet service,No internet service,No internet service,No internet service,No internet service,No internet service,One year,No,Electronic check,31.23,1247.41
9636-QSAP,Male,0,Yes,Yes,1,Yes,No,DSL,Yes,Yes,Yes,No,No,Yes,One year,Yes,Credit card (automatic),76.58,74.33
8373-DZHK,Male,1,Yes,No,36,Yes,No,DSL,No,Yes,No,No,No,Yes,Month-to-month,Yes,Credit card (automatic),70.49,2483.93
8102-ZJRF,Male,1,Yes,No,42,Yes,No,Fiber optic,No,Yes,No,No,No,Yes,One year,No,Credit card (automatic),80.12,3206.86
6992-CQBM,Female,0,No,No,21,Yes,Yes,Fiber optic,Yes,No,No,Yes,Yes,Yes,Month-to-month,Yes,Mailed check,100.2,2038.51
6875-BLBZ,Female,0,No,Yes,34,Yes,No,DSL,Yes,No,Yes,No,No,Yes,Month-to-month,No,Bank transfer (automatic),71.53,2278.09
6088-TKFK,Male,0,Yes,No,54,Yes,No,Fiber optic,No,Yes,Yes,Yes,No,No,One year,Yes,Electronic check,86.89,4407.95
1261-JPJS,Male,0,No,No,61,Yes,No,DSL,No,No,No,No,Yes,No,Month-to-month,Yes,Electronic check,64.43,4059.89
7210-UZCM,Female,0,No,No,29,Yes,Yes,No,No internet service,No internet service,No internet service,No internet service,No internet service,No internet service,Month-to-month,Yes,Electronic check,32.91,908.65
7441-GGRE,Female,0,No,No,25,Yes,No,DSL,No,No,No,Yes,No,Yes,Month-to-month,Yes,Electronic check,64.83,1454.36
1745-MYEY,Female,0,No,No,51,Yes,Yes,Fiber optic,Yes,No,Yes,No,No,Yes,Month-to-month,Yes,Electronic check,102.5,5081.92
9327-RQLO,Male,0,No,No,17,Yes,No,Fiber optic,No,No,Yes,No,Yes,Yes,Month-to-month,Yes,Electronic check,95.11,1380.12
2815-XRDC,Male,0,Yes,No,28,Yes,Yes,No,No internet service,No internet service,No internet service,No internet service,No internet service,No internet service,Two year,No,Bank transfer (automatic),34.4,913.17
6501-BYWE,Male,0,No,No,16,No,No phone service,Fiber optic,No,No,Yes,No,Yes,No,Month-to-month,Yes,Bank transfer (automatic),77.44,1135.87
3726-SEXE,Female,0,Yes,Yes,41,Yes,Yes,Fiber optic,Yes,Yes,No,No,Yes,No,Month-to-month,No,Mailed check,91.38,3589.37
4872-KAGL,Female,0,Yes,No,58,Yes,Yes,Fiber optic,No,Yes,Yes,No,Yes,No,Month-to-month,Yes,Electronic check,100.95,5760.24
8167-NRQD,Female,1,No,No,54,Yes,No,No,No internet service,No internet service,No internet service,No internet service,No internet service,No internet service,Two year,No,Credit card (automatic),31.33,1652.71
1854-ZHWP,Female,0,No,Yes,22,Yes,No,DSL,Yes,Yes,No,No,No,No,Month-to-month,No,Credit card (automatic),66.41,1301.71
4343-HORK,Female,0,Yes,No,14,Yes,Yes,Fiber optic,Yes,No,Yes,No,Yes,No,Month-to-month,No,Electronic check,101.17,1420.74
3589-UBJO,Female,0,No,No,9,Yes,No,No,No internet service,No internet service,No internet service,No internet service,No internet service,No internet service,One year,Yes,Credit card (automatic),29.24,245.84
7390-MPRY,Female,0,No,No,53,Yes,No,Fiber optic,Yes,No,Yes,Yes,Yes,Yes,Two year,Yes,Electronic check,108.44,5134.15
3346-OQQA,Male,0,No,No,1,Yes,Yes,DSL,No,Yes,No,No,Yes,No,One year,No,Electronic check,69.33,62.56
5085-ICGW,Female,0,No,No,28,Yes,Yes,Fiber optic,No,No,No,No,Yes,Yes,Month-to-month,No,Electronic check,94.92,2642.47
9432-HJUM,Female,0,No,No,28,Yes,No,Fiber optic,No,No,Yes,Yes,Yes,Yes,Month-to-month,No,Mailed check,100.7,2709.17
7808-PXUU,Female,1,No,No,32,Yes,No,DSL,No,Yes,Yes,Yes,Yes,No,Month-to-month,Yes,Credit card (automatic),76.16,2314.83
8859-ZZUQ,Male,0,No,Yes,1,Yes,Yes,Fiber optic,No,Yes,No,Yes,No,No,Two year,Yes,Credit card (automatic),94.37,93.17
4562-EHEZ,Male,0,Yes,Yes,60,Yes,Yes,No,No internet service,No internet service,No internet service,No internet service,No internet service,No internet service,Month-to-month,Yes,Credit card (automatic),35.53,2015.6
1464-DWBE,Female,0,Yes,No,57,Yes,Yes,No,No internet service,No internet service,No internet service,No internet service,No internet service,No internet service,Month-to-month,Yes,Mailed check,41.09,2343.35
8079-DLCV,Male,0,No,No,2,Yes,No,Fiber optic,No,No,No,No,Yes,No,Month-to-month,Yes,Electronic check,84.21,166.56
1479-AWVD,Female,0,No,No,27,Yes,Yes,Fiber optic,Yes,Yes,Yes,Yes,Yes,Yes,Month-to-month,No,Electronic check,114.86,2818.15
8636-JULL,Male,0,Yes,No,51,Yes,Yes,Fiber optic,Yes,No,Yes,No,Yes,Yes,Month-to-month,Yes,Electronic check,108.54,4802.49
4099-RYGU,Male,0,Yes,No,10,Yes,No,No,No internet service,No internet service,No internet service,No internet service,No internet service,No internet service,Month-to-month,No,Electronic check,28.38,263.6
8109-UFWB,Female,0,Yes,No,28,Yes,No,No,No internet service,No internet service,No internet service,No internet service,No internet service,No internet service,Month-to-month,Yes,Electronic check,33.28,871.57
9127-CXTR,Female,0,Yes,No,7,Yes,No,Fiber optic,Yes,No,No,No,No,No,Month-to-month,Yes,Electronic check,77.59,521.57
6713-JDQW,Male,0,Yes,No,1,Yes,Yes,Fiber optic,No,No,No,Yes,No,No,One year,No,Mailed check,87.37,85.31
6301-AKKX,Male,0,No,No,45,No,No phone service,Fiber optic,Yes,Yes,No,No,No,No,Month-to-month,No,Electronic check,75.74,3248.34
6629-VCZI,Male,0,Yes,No,40,Yes,Yes,DSL,No,Yes,Yes,No,No,Yes,Month-to-month,Yes,Electronic check,77.39,3048.55
1598-VMUD,Male,0,No,No,21,Yes,Yes,Fiber optic,No,Yes,Yes,No,Yes,Yes,Month-to-month,Yes,Electronic check,110.38,2253.41
8370-OICI,Male,0,Yes,No,22,Yes,Yes,Fiber optic,Yes,No,Yes,No,No,Yes,One year,No,Mailed check,94.44,1952.38
2852-XFZR,Male,0,No,Yes,9,Yes,Yes,DSL,Yes,No,No,No,Yes,Yes,Month-to-month,Yes,Electronic check,82.07,691.15
1868-YNIJ,Female,0,Yes,No,11,Yes,Yes,Fiber optic,No,No,No,No,Yes,No,One year,No,Electronic check,96.23,1052.89
5113-MPGQ,Female,0,No,No,18,Yes,Yes,Fiber optic,No,No,No,No,No,Yes,Month-to-month,Yes,Bank transfer (automatic),91.21,1616.37
2273-FEVQ,Female,0,No,Yes,24,Yes,No,DSL,Yes,Yes,No,No,Yes,Yes,Month-to-month,Yes,Credit card (automatic),82.6,2005.77
8224-CYPJ,Male,0,Yes,No,42,Yes,No,DSL,No,No,No,No,Yes,Yes,One year,Yes,Electronic check,68.98,2658.6
9084-YIXE,Male,0,No,No,68,Yes,Yes,Fiber optic,No,No,No,No,No,Yes,Month-to-month,No,Credit card (automatic),92.56,6070.14
3181-ABMI,Female,0,No,Yes,4,Yes,No,Fiber optic,Yes,Yes,No,No,Yes,No,Two year,Yes,Electronic check,94.81,360.64
4133-CODU,Male,0,No,No,36,Yes,Yes,No,No internet service,No internet service,No internet service,No internet service,No internet service,No internet service,Month-to-month,No,Credit card (automatic),34.41,1214.38
3154-CAUV,Female,0,No,Yes,37,Yes,Yes,Fiber optic,No,No,No,Yes,Yes,No,One year,No,Electronic check,101.97,3660.47
9917-HDIN,Male,0,No,No,3,Yes,Yes,DSL,Yes,No,No,No,Yes,No,One year,Yes,Bank transfer (automatic),72.62,212.51
6972-KWAO,Male,0,Yes,No,3,Yes,No,DSL,Yes,No,Yes,No,Yes,No,Month-to-month,Yes,Electronic check,68.22,203.49
8140-ODBX,Female,1,Yes,No,23,Yes,Yes,Fiber optic,Yes,No,Yes,No,No,Yes,Month-to-month,Yes,Credit card (automatic),101.73,2198.4
9316-GKHB,Female,0,Yes,No,25,Yes,No,Fiber optic,No,Yes,No,No,No,No,Month-to-month,Yes,Credit card (automatic),82.43,1930.81
9335-ZWLJ,Male,0,No,Yes,4,Yes,No,Fiber optic,No,Yes,No,Yes,No,Yes,Two year,Yes,Electronic check,93.46,352.63
5927-PEXO,Female,1,Yes,Yes,16,Yes,Yes,DSL,Yes,No,Yes,No,Yes,Yes,Month-to-month,Yes,Mailed check,75.97,1219.36
3918-WVYF,Male,0,No,No,35,Yes,Yes,Fiber optic,Yes,No,Yes,No,Yes,Yes,Month-to-month,Yes,Bank transfer (automatic),102.06,3516.02
5951-RJCH,Female,0,No,No,17,Yes,No,DSL,Yes,No,No,No,No,Yes,One year,Yes,Electronic check,73.24,1260.91
3549-NDSN,Female,0,Yes,No,4,Yes,No,No,No internet service,No internet service,No internet service,No internet service,No internet service,No internet service,One year,Yes,Mailed check,36.98,141.67
4283-UVQR,Male,0,Yes,No,14,Yes,No,No,No internet service,No internet service,No internet service,No internet service,No internet service,No internet service,Month-to-month,Yes,Credit card (automatic),30.1,415.01
3740-RXYA,Female,0,Yes,No,15,Yes,Yes,Fiber optic,Yes,Yes,No,No,Yes,Yes,Month-to-month,No,Electronic check,98.6,1317.04
9983-ZBGP,Female,0,Yes,Yes,19,Yes,No,Fiber optic,No,No,Yes,No,Yes,No,Month-to-month,Yes,Mailed check,83.33,1546.94
7487-NSRF,Female,0,No,Yes,46,Yes,Yes,DSL,No,No,No,Yes,No,Yes,Month-to-month,Yes,Credit card (automatic),76.24,3159.36
4515-EACJ,Female,0,Yes,No,25,Yes,No,No,No internet service,No internet service,No internet service,No internet service,No internet service,No internet service,Month-to-month,No,Electronic check,21.54,488.76
6734-VRAU,Female,0,Yes,No,45,Yes,No,DSL,Yes,No,No,No,No,No,Month-to-month,Yes,Mailed check,60.12,2738.72
1389-GBSE,Female,0,No,No,2,Yes,Yes,Fiber optic,No,Yes,No,No,Yes,Yes,One year,Yes,Electronic check,101.68,180.34
2012-SUFI,Female,0,No,Yes,30,Yes,Yes,DSL,Yes,No,Yes,Yes,No,Yes,Two year,Yes,Bank transfer (automatic),85.54,2503.78
9055-RYRY,Female,0,No,Yes,59,Yes,No,Fiber optic,No,Yes,Yes,Yes,Yes,No,One year,Yes,Electronic check,98.18,5613.35
9691-LPHL,Male,0,Yes,No,29,Yes,No,Fiber optic,No,No,Yes,Yes,Yes,No,Month-to-month,Yes,Mailed check,95.64,2895.4
1243-MBTO,Female,0,Yes,No,50,Yes,Yes,Fiber optic,Yes,No,Yes,Yes,No,No,Month-to-month,No,Mailed check,91.87,4499.33
9883-FOSD,Female,0,No,No,46,No,No phone service,Fiber optic,No,No,No,Yes,No,Yes,Month-to-month,Yes,Bank transfer (automatic),84.23,3776.25
1702-CDJN,Male,1,No,No,38,Yes,No,Fiber optic,No,Yes,Yes,Yes,Yes,No,Two year,No,Bank transfer (automatic),98.35,3574.41
9690-SHFU,Male,0,Yes,No,17,Yes,Yes,DSL,No,No,No,Yes,Yes,Yes,Month-to-month,No,Credit card (automatic),76.81,1281.8
6300-UUUX,Male,1,No,No,7,Yes,No,Fiber optic,No,Yes,No,No,No,No,Month-to-month,No,Electronic check,76.07,501.3
9308-ZOHP,Male,0,No,No,11,No,No phone service,Fiber optic,No,Yes,No,No,No,Yes,One year,Yes,Mailed check,78.13,859.45
4868-YVDS,Female,0,Yes,No,2,Yes,Yes,Fiber optic,No,No,Yes,No,Yes,Yes,Month-to-month,Yes,Bank transfer (automatic),102.45,199.69
4085-LEYR,Female,0,No,No,45,Yes,Yes,DSL,No,No,Yes,No,No,Yes,One year,Yes,Electronic check,75.06,3140.33
4030-LDFL,Male,1,No,Yes,22,Yes,No,Fiber optic,Yes,Yes,No,No,Yes,Yes,Month-to-month,No,Electronic check,100.39,2146.01
7128-CVJB,Male,0,Yes,No,49,Yes,No,No,No internet service,No internet service,No internet service,No internet service,No internet service,No internet service,Month-to-month,No,Credit card (automatic),19.29,852.61
2684-RQAZ,Female,1,Yes,No,42,No,No phone service,No,No internet service,No internet service,No internet service,No internet service,No internet service,No internet service,Month-to-month,Yes,Electronic check,22.74,846.3
2722-GGYL,Male,1,Yes,Yes,41,Yes,No,Fiber optic,Yes,No,No,No,Yes,Yes,Month-to-month,Yes,Electronic check,100.23,3909.91
4081-QYAN,Male,0,No,No,9,Yes,Yes,DSL,No,Yes,Yes,No,Yes,Yes,Month-to-month,Yes,Mailed check,85.09,749.63
9643-UPMK,Female,0,Yes,Yes,23,Yes,Yes,DSL,No,Yes,Yes,No,Yes,Yes,One year,Yes,Electronic check,86.17,1993.02
6637-BXFF,Female,0,No,No,16,Yes,Yes,DSL,Yes,No,Yes,No,Yes,Yes,One year,Yes,Bank transfer (automatic),80.03,1130.31
9654-LOXC,Female,0,No,No,4,No,No phone service,Fiber optic,No,No,Yes,No,Yes,No,One year,Yes,Credit card (automatic),80.94,337.44
6553-EJPB,Female,0,No,No,24,Yes,Yes,DSL,No,No,Yes,No,No,No,One year,No,Bank transfer (automatic),58.84,1399.37
6289-XKFL,Male,0,Yes,No,43,No,No phone service,DSL,No,No,Yes,No,Yes,No,Two year,Yes,Electronic check,55.74,2310.57
4099-ZZNW,Male,0,No,No,42,Yes,Yes,No,No internet service,No internet service,No internet service,No internet service,No internet service,No internet service,Month-to-month,No,Bank transfer (automatic),34.61,1391.38
8526-NIOP,Female,0,No,No,25,No,No phone service,Fiber optic,No,Yes,No,Yes,No,Yes,One year,Yes,Electronic check,80.79,1832.71
1337-VJZX,Female,0,Yes,No,36,Yes,Yes,Fiber optic,No,No,Yes,No,No,No,Month-to-month,Yes,Electronic check,80.21,2821.09
1816-EMQF,Female,0,No,Yes,7,Yes,Yes,No,No internet service,No internet service,No internet service,No internet service,No internet service,No internet service,Month-to-month,No,Bank transfer (automatic),29.7,215.99
9192-ZQNI,Male,0,No,No,16,Yes,No,Fiber optic,No,Yes,No,No,No,Yes,Month-to-month,Yes,Credit card (automatic),90.92,1412.79
5807-QUSP,Male,0,Yes,No,8,Yes,No,No,No internet service,No internet service,No internet service,No internet service,No internet service,No internet service,Month-to-month,Yes,Electronic check,31.37,216.35
6804-MTEQ,Female,0,No,Yes,13,Yes,No,Fiber optic,No,Yes,No,No,Yes,Yes,One year,No,Electronic check,96.84,1210.67
1816-ACUR,Female,0,No,No,10,Yes,No,Fiber optic,No,Yes,Yes,Yes,No,Yes,Two year,Yes,Electronic check,94.63,901.19
3924-UYSA,Male,0,Yes,No,7,Yes,No,Fiber optic,Yes,No,No,Yes,Yes,Yes,One year,Yes,Credit card (automatic),105.78,700.2
4278-FCFL,Male,0,Yes,No,32,Yes,Yes,Fiber optic,No,No,No,Yes,Yes,No,Month-to-month,Yes,Mailed check,94.87,3027.48
1803-AIRM,Female,0,Yes,Yes,64,Yes,Yes,Fiber optic,No,No,No,No,Yes,Yes,Month-to-month,Yes,Mailed check,95.17,5631.43
7159-WPYX,Female,0,Yes,No,6,Yes,Yes,No,No internet service,No internet service,No internet service,No internet service,No internet service,No internet service,Month-to-month,No,Mailed check,36.96,231.59
4304-WSOD,Male,0,Yes,Yes,21,Yes,Yes,Fiber optic,No,Yes,Yes,No,No,Yes,Two year,No,Electronic check,96.77,1885.94
3213-RYFL,Male,0,No,Yes,31,Yes,Yes,Fiber optic,No,No,No,No,Yes,Yes,Month-to-month,No,Mailed check,97.61,2683.09
7962-OWZV,Female,0,Yes,Yes,9,Yes,No,DSL,Yes,No,No,Yes,Yes,No,Two year,No,Bank transfer (automatic),68.67,589.76
7492-BLCY,Male,0,Yes,Yes,27,Yes,No,No,No internet service,No internet service,No internet service,No internet service,No internet service,No internet service,Month-to-month,Yes,Electronic check,21.28,583.9
1100-NPUC,Male,0,No,Yes,5,Yes,No,DSL,No,Yes,Yes,No,Yes,Yes,One year,No,Electronic check,77.53,375.61
5441-ZGFM,Male,0,No,No,35,Yes,No,DSL,No,No,No,No,Yes,No,Month-to-month,Yes,Credit card (automatic),59.91,1943.55
8517-GIZO,Male,0,No,No,11,Yes,Yes,Fiber optic,Yes,No,Yes,Yes,Yes,No,Month-to-month,No,Bank transfer (automatic),103.9,1130.52
5698-AJAX,Female,0,Yes,No,41,Yes,No,DSL,Yes,Yes,No,Yes,Yes,No,Two year,Yes,Electronic check,75.64,3194.93
7614-QOKT,Female,0,Yes,Yes,0,Yes,No,DSL,No,Yes,Yes,No,No,No,One year,Yes,Bank transfer (automatic),65.57,
9624-PQRC,Male,0,No,No,26,Yes,Yes,Fiber optic,No,No,Yes,No,No,Yes,One year,Yes,Electronic check,85.55,2141.23
4421-NTEH,Male,0,Yes,No,5,Yes,No,Fiber optic,No,Yes,Yes,Yes,No,No,One year,Yes,Electronic check,92.82,450.05
3437-NIAD,Male,0,No,No,20,Yes,No,Fiber optic,Yes,No,No,No,No,Yes,Month-to-month,No,Electronic check,90.84,1754.3
2879-BYMR,Female,0,No,No,14,Yes,Yes,Fiber optic,No,No,Yes,No,Yes,Yes,Month-to-month,No,Credit card (automatic),104.04,1450.76
6001-WCYN,Female,0,No,No,37,Yes,Yes,No,No internet service,No internet service,No internet service,No internet service,No internet service,No internet service,One year,Yes,Electronic check,47.63,1698.8
2587-XRNF,Male,0,No,Yes,14,Yes,No,Fiber optic,No,No,Yes,Yes,Yes,No,Month-to-month,Yes,Electronic check,92.15,1299.55
5129-NUPS,Male,0,Yes,No,14,Yes,No,DSL,No,Yes,No,No,Yes,No,Two year,Yes,Electronic check,67.03,903.5
7931-JPMN,Male,0,Yes,Yes,19,Yes,Yes,Fiber optic,No,No,Yes,No,No,Yes,Month-to-month,Yes,Credit card (automatic),94.34,1779.27
3662-QCED,Female,0,No,No,6,Yes,No,DSL,No,Yes,No,Yes,Yes,Yes,Month-to-month,Yes,Credit card (automatic),75.58,432.73
6723-FPTZ,Female,0,Yes,No,14,Yes,Yes,DSL,No,No,No,No,Yes,Yes,Month-to-month,Yes,Credit card (automatic),75.31,993.31
3838-CGWY,Female,1,Yes,No,9,Yes,Yes,DSL,Yes,No,No,No,No,Yes,Two year,Yes,Electronic check,71.31,595.17
4326-JWCT,Female,0,No,No,22,No,No phone service,Fiber optic,No,Yes,Yes,No,No,Yes,Month-to-month,No,Credit card (automatic),81.13,1706.28
4198-VTZN,Female,0,Yes,No,21,Yes,No,Fiber optic,Yes,Yes,No,No,No,Yes,Month-to-month,No,Electronic check,100.12,2069.46
2758-VSPH,Male,0,No,No,41,No,No phone service,DSL,Yes,No,No,No,Yes,Yes,Month-to-month,Yes,Credit card (automatic),60.76,2346.89
7967-NZOK,Female,1,Yes,Yes,18,Yes,No,Fiber optic,Yes,No,No,No,No,No,Month-to-month,Yes,Electronic check,78.08,1374.64
3378-OGVU,Male,0,Yes,No,1,Yes,Yes,Fiber optic,No,Yes,No,No,No,Yes,One year,No,Credit card (automatic),97.92,87.52
8143-DIBB,Male,0,No,No,13,Yes,No,Fiber optic,No,No,No,No,No,No,Two year,No,Electronic check,82.68,1117.8
3632-YDHU,Male,0,Yes,No,55,Yes,No,Fiber optic,No,Yes,No,No,No,Yes,One year,No,Electronic check,87.54,4496.86
6487-URCY,Male,0,Yes,No,12,Yes,No,Fiber optic,No,Yes,No,Yes,No,No,Month-to-month,No,Bank transfer (automatic),87.32,1002.09
1700-CBOM,Male,0,Yes,No,5,Yes,No,Fiber optic,No,No,Yes,Yes,Yes,Yes,Month-to-month,Yes,Electronic check,96.11,476.76
4807-ZJBA,Female,0,No,Yes,44,Yes,Yes,No,No internet service,No internet service,No internet service,No internet service,No internet service,No internet service,One year,Yes,Electronic check,33.07,1372.46
2879-DURZ,Female,0,No,No,30,Yes,Yes,DSL,No,No,Yes,No,No,No,Month-to-month,No,Electronic check,68.37,2015.11
6878-DYQK,Female,0,Yes,No,40,Yes,Yes,No,No internet service,No internet service,No internet service,No internet service,No internet service,No internet service,Month-to-month,Yes,Electronic check,32.54,1239.68
4611-UVEZ,Male,1,Yes,No,3,Yes,No,DSL,No,No,Yes,No,Yes,No,Month-to-month,Yes,Credit card (automatic),60.51,166.8
5351-WDSY,Male,1,Yes,Yes,33,Yes,Yes,Fiber optic,Yes,Yes,No,Yes,No,No,Month-to-month,Yes,Credit card (automatic),103.19,3531.78
6364-QUAC,Female,1,Yes,No,4,Yes,Yes,DSL,Yes,Yes,No,No,Yes,No,Month-to-month,Yes,Electronic check,76.98,297.53
2613-TBUS,Female,0,No,No,27,Yes,Yes,DSL,Yes,No,No,Yes,Yes,No,Month-to-month,Yes,Bank transfer (automatic),78.21,2206.06
2180-ICXQ,Female,1,No,No,20,Yes,Yes,Fiber optic,No,Yes,Yes,No,Yes,Yes,Month-to-month,Yes,Mailed check,106.05,1854.71
2070-NYXL,Female,0,Yes,Yes,12,Yes,Yes,Fiber optic,No,No,Yes,No,Yes,Yes,One year,Yes,Electronic check,96.09,1080.65
1016-GFSX,Male,0,Yes,No,23,Yes,Yes,DSL,No,Yes,No,No,No,No,One year,Yes,Electronic check,59.29,1463.45
3928-NPZP,Male,1,No,No,7,Yes,No,Fiber optic,No,No,Yes,Yes,No,No,One year,No,Electronic check,86.15,589.51
1827-HVFT,Male,0,No,No,50,Yes,No,Fiber optic,No,Yes,No,No,Yes,No,One year,Yes,Mailed check,92.9,4279.13
7672-MYPR,Male,0,Yes,No,27,Yes,No,Fiber optic,Yes,Yes,No,No,No,No,Two year,Yes,Credit card (automatic),85.48,2159.09
1179-BWJV,Female,0,No,No,20,Yes,No,Fiber optic,Yes,Yes,No,No,Yes,Yes,Month-to-month,Yes,Bank transfer (automatic),97.01,1925.41
1438-EPSQ,Male,0,No,No,23,Yes,No,Fiber optic,No,Yes,Yes,No,No,Yes,Month-to-month,Yes,Electronic check,94.07,2184.39
5866-XILR,Female,0,Yes,No,4,Yes,No,Fiber optic,No,No,Yes,Yes,Yes,Yes,Month-to-month,No,Credit card (automatic),100.51,408.42
4887-LRUY,Female,0,No,Yes,15,Yes,Yes,Fiber optic,No,No,No,No,Yes,Yes,One year,No,Mailed check,94.15,1365.67
1758-GKAQ,Male,1,Yes,No,10,No,No phone service,Fiber optic,Yes,No,Yes,No,Yes,Yes,One year,Yes,Mailed check,91.03,878.68
9741-WXHO,Female,1,No,Yes,15,Yes,Yes,DSL,No,Yes,Yes,Yes,No,No,Two year,No,Credit card (automatic),74.53,1065.18
3632-LFHE,Male,0,Yes,Yes,16,Yes,Yes,Fiber optic,Yes,Yes,Yes,No,No,No,Month-to-month,No,Bank transfer (automatic),93.46,1374.23
1424-QURZ,Male,0,Yes,Yes,13,No,No phone service,Fiber optic,Yes,No,No,Yes,Yes,Yes,Two year,No,Electronic check,88.82,1113.74
7175-HHVB,Female,0,Yes,No,19,Yes,Yes,Fiber optic,No,No,No,No,No,Yes,Month-to-month,Yes,Mailed check,89.45,1633.24
6766-PVZZ,Male,0,No,No,30,Yes,Yes,DSL,No,Yes,Yes,No,Yes,Yes,Month-to-month,Yes,Electronic check,84.8,2330.69
8294-KIFB,Female,1,Yes,No,17,Yes,No,Fiber optic,No,No,Yes,No,No,No,Two year,No,Credit card (automatic),78.75,1298.39
9566-TLKO,Female,1,Yes,No,46,Yes,No,Fiber optic,No,Yes,Yes,No,Yes,No,Month-to-month,Yes,Electronic check,101.12,4664.74
3247-URKA,Male,0,Yes,No,63,Yes,No,Fiber optic,Yes,No,Yes,No,No,Yes,Month-to-month,Yes,Electronic check,96.66,5590.94
7395-XLLC,Female,0,No,Yes,44,Yes,No,DSL,Yes,No,No,No,No,No,Month-to-month,Yes,Electronic check,66.17,2759.43
8869-RUCJ,Male,0,No,No,28,Yes,No,DSL,No,Yes,Yes,No,No,Yes,Month-to-month,Yes,Credit card (automatic),75.7,2084.52
2324-NCYH,Male,0,No,No,22,Yes,No,Fiber optic,No,No,Yes,Yes,Yes,Yes,Two year,No,Electronic check,103.54,2146.24
1824-CJAL,Male,0,No,No,63,Yes,No,DSL,No,Yes,Yes,Yes,No,Yes,Month-to-month,Yes,Credit card (automatic),74.19,4752.75
2743-SUXA,Female,0,No,No,19,Yes,Yes,DSL,No,No,Yes,Yes,Yes,No,One year,Yes,Electronic check,79.89,1504.74
5982-TIJC,Male,0,No,No,24,Yes,No,DSL,No,No,No,No,Yes,No,Month-to-month,Yes,Electronic check,60.15,1324.77
9480-AJZA,Male,0,No,Yes,37,Yes,No,DSL,No,Yes,Yes,No,No,Yes,One year,No,Mailed check,66.06,2346.88
7367-BXHW,Male,0,Yes,Yes,43,Yes,Yes,Fiber optic,No,Yes,Yes,Yes,Yes,Yes,Month-to-month,Yes,Bank transfer (automatic),112.87,4745.44
5650-MNHK,Male,0,Yes,No,11,Yes,Yes,Fiber optic,Yes,No,No,Yes,Yes,No,One year,No,Electronic check,98.48,1055.26
5556-GKBG,Male,1,No,No,14,No,No phone service,Fiber optic,Yes,Yes,No,No,No,Yes,Month-to-month,Yes,Bank transfer (automatic),86.98,1103.88
6526-AJLK,Female,0,Yes,No,5,Yes,Yes,Fiber optic,No,No,No,Yes,No,Yes,Two year,Yes,Credit card (automatic),95.65,441.68
8606-YQJN,Male,1,Yes,No,32,No,No phone service,Fiber optic,No,No,Yes,No,No,Yes,Month-to-month,Yes,Credit card (automatic),81.93,2690.66
6937-YOVS,Female,1,No,Yes,33,No,No phone service,DSL,Yes,Yes,No,No,Yes,No,Month-to-month,Yes,Credit card (automatic),61.52,2009.9
2174-QQHI,Male,0,No,No,24,Yes,Yes,Fiber optic,No,No,Yes,Yes,Yes,Yes,Two year,Yes,Electronic check,107.31,2458.52
7303-KEBY,Female,1,No,Yes,57,Yes,Yes,No,No internet service,No internet service,No internet service,No internet service,No internet service,No internet service,Month-to-month,Yes,Electronic check,46.07,2550.4
5893-TBZA,Male,0,Yes,No,64,Yes,Yes,Fiber optic,No,No,Yes,No,Yes,No,Two year,Yes,Mailed check,92.15,5842.61
7786-OTKE,Male,0,Yes,No,41,No,No phone service,DSL,No,No,Yes,Yes,Yes,No,One year,Yes,Credit card (automatic),63.47,2422.3
6352-RZVD,Male,1,Yes,No,54,Yes,No,Fiber optic,No,No,Yes,No,Yes,No,Month-to-month,No,Bank transfer (automatic),87.51,4781.43
2111-PAGA,Female,0,No,No,23,Yes,No,DSL,No,Yes,No,Yes,Yes,Yes,Month-to-month,Yes,Bank transfer (automatic),76.18,1693.48
7848-LXXF,Female,0,Yes,Yes,0,Yes,No,DSL,Yes,No,No,No,Yes,Yes,Month-to-month,No,Electronic check,78.62,
4973-JVHP,Male,1,Yes,No,42,Yes,No,DSL,No,No,No,No,No,No,One year,Yes,Electronic check,61.23,2539.36
5650-CAQK,Male,0,No,No,20,Yes,No,No,No internet service,No internet service,No internet service,No internet service,No internet service,No internet service,Month-to-month,Yes,Bank transfer (automatic),34.78,681.49
1737-POEF,Male,0,No,Yes,14,Yes,No,Fiber optic,No,No,Yes,No,Yes,Yes,One year,Yes,Electronic check,93.24,1253.32
3666-XWHH,Male,0,No,No,5,No,No phone service,DSL,No,Yes,Yes,No,Yes,Yes,One year,Yes,Electronic check,65.59,326.57
6661-BQOF,Male,0,Yes,No,19,Yes,No,Fiber optic,Yes,No,No,No,No,No,Month-to-month,No,Credit card (automatic),82.16,1493.16
8569-FZRN,Female,0,No,No,22,Yes,Yes,DSL,No,Yes,Yes,No,No,No,Two year,Yes,Bank transfer (automatic),69.85,1463.35
7656-CTSP,Female,0,No,No,44,Yes,Yes,Fiber optic,No,No,Yes,No,Yes,No,Two year,Yes,Bank transfer (automatic),92.51,3941.21
9677-SDKI,Female,0,Yes,No,61,Yes,No,Fiber optic,No,No,No,No,Yes,No,Month-to-month,Yes,Electronic check,81.78,4745.4
5436-KQRB,Male,1,No,No,56,Yes,No,Fiber optic,Yes,No,No,No,No,Yes,Month-to-month,Yes,Bank transfer (automatic),93.39,5191.03
9829-MROB,Male,0,No,Yes,19,Yes,No,Fiber optic,No,Yes,Yes,No,No,No,Month-to-month,Yes,Mailed check,92.13,1611.31
7433-WUDZ,Female,0,No,Yes,15,Yes,No,Fiber optic,No,Yes,No,No,No,Yes,One year,No,Mailed check,91.65,1352.78
8059-DMJE,Male,0,No,No,4,Yes,Yes,Fiber optic,Yes,No,Yes,No,No,No,Two year,No,Bank transfer (automatic),86.22,325.76
2084-WESE,Female,0,No,No,3,Yes,No,Fiber optic,No,No,No,No,Yes,No,Month-to-month,Yes,Credit card (automatic),83.28,242.11
5143-WVPS,Male,0,Yes,No,3,Yes,Yes,Fiber optic,No,No,Yes,No,No,Yes,Month-to-month,Yes,Mailed check,93.75,274.66
2127-APPR,Female,0,Yes,No,4,Yes,Yes,No,No internet service,No internet service,No internet service,No internet service,No internet service,No internet service,Month-to-month,Yes,Electronic check,34.65,134.55
6850-XUKX,Male,0,No,No,12,Yes,No,Fiber optic,No,No,No,No,Yes,No,One year,Yes,Electronic check,80.4,910.39
5957-YBOZ,Female,0,Yes,No,53,Yes,No,Fiber optic,No,No,Yes,No,Yes,No,Month-to-month,Yes,Mailed check,84.1,3947.64
2353-UUXN,Male,0,No,Yes,27,Yes,No,DSL,No,No,Yes,Yes,No,Yes,Month-to-month,Yes,Credit card (automatic),76.27,1968.95
7435-SSII,Male,0,No,No,41,Yes,No,Fiber optic,No,No,Yes,No,Yes,No,Month-to-month,Yes,Credit card (automatic),88.75,3324.42
4775-EUDN,Female,1,Yes,No,17,Yes,No,No,No internet service,No internet service,No internet service,No internet service,No internet service,No internet service,Month-to-month,Yes,Mailed check,31.75,541.99
4829-JERM,Female,0,No,No,46,Yes,Yes,DSL,No,Yes,Yes,Yes,Yes,Yes,Month-to-month,Yes,Credit card (automatic),85.24,3932.96
8795-UZWW,Male,0,No,No,39,Yes,No,DSL,No,No,No,Yes,No,Yes,Two year,No,Electronic check,69.48,2668.43
9123-YKHE,Female,0,Yes,No,31,Yes,Yes,Fiber optic,No,Yes,Yes,No,No,No,Month-to-month,Yes,Bank transfer (automatic),90.14,2726.59
7374-LQLL,Male,0,No,No,12,Yes,Yes,Fiber optic,No,Yes,Yes,Yes,Yes,Yes,Month-to-month,Yes,Credit card (automatic),106.8,1143.49
8989-VPOB,Female,0,Yes,No,3,Yes,Yes,Fiber optic,Yes,Yes,No,No,Yes,Yes,Month-to-month,No,Electronic check,98.75,292.23
3686-GRAE,Female,0,No,No,2,Yes,Yes,Fiber optic,No,Yes,No,Yes,Yes,No,Month-to-month,Yes,Bank transfer (automatic),95.49,185.79
5782-KLBB,Female,0,No,Yes,42,Yes,No,Fiber optic,Yes,No,No,No,No,Yes,Month-to-month,No,Electronic check,88.81,3546.82
9531-EJHM,Male,0,No,No,33,Yes,Yes,DSL,No,Yes,No,Yes,No,Yes,Month-to-month,Yes,Electronic check,78.79,2410.98
6859-QXFH,Female,0,No,No,8,Yes,No,DSL,Yes,No,Yes,No,No,Yes,Month-to-month,Yes,Electronic check,76.82,639.09
7696-XYSV,Male,0,No,No,30,No,No phone service,DSL,No,Yes,No,No,Yes,Yes,Month-to-month,Yes,Electronic check,64.33,1870.07
7540-VQCK,Male,0,No,No,12,Yes,Yes,DSL,No,No,Yes,No,No,Yes,Month-to-month,No,Credit card (automatic),70.47,835.07
2463-AFAP,Female,1,Yes,Yes,35,Yes,No,Fiber optic,Yes,Yes,No,Yes,Yes,No,Month-to-month,No,Bank transfer (automatic),89.87,3044.11
2980-FTGZ,Male,0,Yes,Yes,4,Yes,No,DSL,No,Yes,Yes,Yes,Yes,No,Month-to-month,No,Bank transfer (automatic),78.28,315.21
3906-DSQK,Male,0,No,Yes,51,Yes,Yes,Fiber optic,Yes,Yes,No,Yes,Yes,No,Two year,Yes,Electronic check,100.53,4583.02
1487-DZZF,Male,0,No,Yes,43,Yes,No,Fiber optic,No,No,Yes,No,Yes,Yes,Month-to-month,Yes,Electronic check,91.13,3771.9
3068-DFOT,Female,0,No,No,29,Yes,No,Fiber optic,Yes,No,Yes,Yes,Yes,No,Month-to-month,Yes,Bank transfer (automatic),97.28,2534.6
4488-PGNE,Female,1,No,No,45,Yes,No,Fiber optic,Yes,No,Yes,No,Yes,No,Month-to-month,Yes,Electronic check,96.76,4244.43
9720-QWYP,Female,0,No,No,44,No,No phone service,Fiber optic,No,Yes,Yes,No,Yes,Yes,Month-to-month,No,Mailed check,97.61,4344.33
6624-GTNA,Female,0,Yes,No,3,Yes,No,Fiber optic,No,No,No,No,Yes,No,Month-to-month,Yes,Bank transfer (automatic),82.4,252.2
8788-PDWR,Male,0,No,Yes,17,Yes,No,No,No internet service,No internet service,No internet service,No internet service,No internet service,No internet service,One year,Yes,Electronic check,23.8,406.34
1949-CNIB,Male,0,No,No,46,Yes,Yes,No,No internet service,No internet service,No internet service,No internet service,No internet service,No internet service,Month-to-month,Yes,Bank transfer (automatic),41.96,1854.28
6221-LYTS,Female,1,Yes,No,64,Yes,Yes,DSL,Yes,Yes,No,Yes,No,Yes,Month-to-month,No,Bank transfer (automatic),87.89,5752.86
2738-DLGY,Female,1,No,No,48,Yes,Yes,DSL,No,Yes,No,No,Yes,No,Two year,No,Mailed check,72.34,3204.85
2187-QSZL,Female,0,Yes,No,7,Yes,No,Fiber optic,No,No,No,No,Yes,No,Two year,Yes,Credit card (automatic),80.81,567.99
4924-DPFU,Male,1,Yes,No,42,Yes,Yes,DSL,No,No,Yes,Yes,Yes,Yes,Month-to-month,Yes,Electronic check,88.62,3370.81
4624-DJKP,Female,0,No,No,23,Yes,Yes,Fiber optic,No,Yes,No,No,Yes,Yes,Month-to-month,Yes,Bank transfer (automatic),98.49,2267.87
1195-SCYZ,Female,0,No,No,3,Yes,Yes,Fiber optic,No,No,Yes,No,No,Yes,Month-to-month,Yes,Electronic check,100.21,299.42
6224-RQPS,Female,1,Yes,Yes,34,Yes,Yes,Fiber optic,No,Yes,No,Yes,No,No,Month-to-month,No,Electronic check,91.34,2976.38
8990-GRSE,Female,0,Yes,No,5,Yes,No,DSL,No,No,No,No,No,Yes,One year,No,Credit card (automatic),57.81,272.24
6927-PMBD,Female,0,Yes,No,15,Yes,No,Fiber optic,No,No,Yes,Yes,No,No,Month-to-month,Yes,Mailed check,84.96,1220.85
3876-PJOB,Male,0,No,No,57,No,No phone service,Fiber optic,Yes,No,No,No,No,No,Month-to-month,Yes,Mailed check,64.7,3322.36
1362-MOPN,Female,0,Yes,No,6,Yes,No,Fiber optic,Yes,Yes,No,No,Yes,Yes,Month-to-month,Yes,Electronic check,97.98,590.14
9368-TURM,Female,0,No,No,22,Yes,Yes,DSL,No,No,No,No,No,Yes,Month-to-month,Yes,Electronic check,68.08,1417.04
3134-NKWK,Female,0,Yes,No,4,Yes,No,Fiber optic,No,No,No,Yes,Yes,Yes,Month-to-month,Yes,Mailed check,92.31,344.18
1282-THTF,Male,0,No,No,8,Yes,No,Fiber optic,No,No,Yes,No,No,Yes,Month-to-month,Yes,Electronic check,90.55,699.02
2022-ATRY,Male,0,No,Yes,25,Yes,No,Fiber optic,No,No,No,No,Yes,Yes,Month-to-month,Yes,Credit card (automatic),93.69,2224.79
9989-ADFT,Female,0,No,Yes,48,Yes,Yes,Fiber optic,No,Yes,No,No,Yes,Yes,Two year,Yes,Mailed check,97.09,4561.08
6866-YSPJ,Female,0,No,No,36,Yes,No,Fiber optic,No,No,No,Yes,Yes,Yes,Month-to-month,Yes,Bank transfer (automatic),95.59,3312.99
1621-KRSN,Female,0,Yes,Yes,34,Yes,No,Fiber optic,Yes,Yes,No,No,Yes,No,Two year,No,Bank transfer (automatic),99.29,3187.96
1642-RHWN,Female,1,No,Yes,16,Yes,No,No,No internet service,No internet service,No internet service,No internet service,No internet service,No internet service,Two year,Yes,Electronic check,33.77,503.14
6862-XCZV,Male,0,Yes,No,13,Yes,Yes,DSL,Yes,Yes,Yes,No,No,Yes,Month-to-month,No,Mailed check,80.36,1039.43
9274-FELG,Male,1,Yes,No,24,Yes,Yes,No,No internet service,No internet service,No internet service,No internet service,No internet service,No internet service,Month-to-month,No,Mailed check,34.98,837.94
6472-ABPM,Male,0,Yes,No,30,Yes,No,No,No internet service,No internet service,No internet service,No internet service,No internet service,No internet service,Month-to-month,No,Electronic check,30.33,873.62
1597-NDHL,Female,0,Yes,No,10,Yes,No,Fiber optic,No,No,Yes,No,No,No,One year,Yes,Bank transfer (automatic),84.12,822.76
5213-OBBZ,Female,0,No,No,4,Yes,Yes,Fiber optic,No,Yes,No,Yes,No,Yes,Two year,No,Electronic check,104.18,410.52
1202-QSVW,Male,0,No,No,35,Yes,Yes,DSL,No,No,No,No,Yes,No,Month-to-month,Yes,Credit card (automatic),59.89,2064.88
4696-DLWH,Male,1,No,Yes,49,Yes,Yes,Fiber optic,No,No,No,Yes,Yes,Yes,Two year,Yes,Electronic check,97.18,4732.56
6262-TVTL,Female,1,No,Yes,18,No,No phone service,DSL,No,No,No,No,No,No,Month-to-month,No,Bank transfer (automatic),46.49,800.26
5067-FFWO,Female,1,No,Yes,28,Yes,No,DSL,No,No,No,No,Yes,No,Month-to-month,Yes,Mailed check,63.04,1827.68
4273-WWZL,Female,0,Yes,No,28,Yes,Yes,DSL,No,No,Yes,Yes,Yes,Yes,Month-to-month,No,Bank transfer (automatic),87.93,2383.53
6362-OAWI,Male,0,No,No,7,Yes,No,DSL,Yes,No,No,No,Yes,No,Month-to-month,Yes,Electronic check,71.72,498.11
6833-JKMV,Female,0,No,No,5,Yes,Yes,DSL,Yes,No,Yes,No,Yes,Yes,Month-to-month,Yes,Bank transfer (automatic),80.9,394.84
6784-QENU,Male,0,Yes,No,21,Yes,Yes,DSL,Yes,No,No,No,No,No,One year,No,Credit card (automatic),59.69,1184.92
2906-FDDT,Male,0,Yes,Yes,13,Yes,Yes,Fiber optic,No,Yes,No,No,No,No,One year,No,Credit card (automatic),86.84,1107.34
7053-PRGR,Female,0,No,Yes,2,Yes,Yes,DSL,No,Yes,No,No,Yes,Yes,Month-to-month,No,Electronic check,81.42,167.72
6636-WZRE,Female,0,No,Yes,26,Yes,No,Fiber optic,Yes,Yes,Yes,Yes,No,No,Two year,No,Electronic check,99.98,2639.96
6921-FTDV,Female,0,Yes,No,7,Yes,Yes,DSL,No,No,No,No,Yes,Yes,Month-to-month,Yes,Mailed check,73.84,492.71
2405-OPEY,Male,1,Yes,No,46,Yes,Yes,Fiber optic,Yes,Yes,No,Yes,No,Yes,Month-to-month,Yes,Electronic check,103.17,4571.65
6017-ITYZ,Male,1,No,Yes,41,Yes,Yes,No,No internet service,No internet service,No internet service,No internet service,No internet service,No internet service,Month-to-month,Yes,Mailed check,37.1,1459.58
5389-NPFD,Male,0,No,No,4,Yes,Yes,Fiber optic,No,Yes,No,No,No,Yes,Two year,Yes,Mailed check,92.13,387.39
4047-XNZM,Female,0,No,No,30,Yes,Yes,DSL,Yes,No,No,Yes,No,No,One year,No,Electronic check,67.58,1808.01
7274-IAON,Male,0,No,No,23,No,No phone service,Fiber optic,No,Yes,No,No,Yes,Yes,Month-to-month,Yes,Electronic check,85.98,1969.7
8158-OBBB,Female,0,Yes,No,3,Yes,No,Fiber optic,Yes,No,No,No,No,Yes,One year,No,Bank transfer (automatic),92.03,273.39
3267-MVAQ,Female,0,Yes,No,6,Yes,Yes,Fiber optic,Yes,No,No,No,Yes,Yes,Two year,Yes,Electronic check,100.64,606.15
8471-OPRJ,Male,0,No,Yes,63,Yes,No,Fiber optic,Yes,Yes,Yes,Yes,Yes,Yes,Month-to-month,Yes,Electronic check,107.69,6612.11
2176-LIUY,Female,0,Yes,Yes,29,Yes,Yes,Fiber optic,Yes,No,No,Yes,Yes,No,Month-to-month,Yes,Electronic check,98.87,2724.23
1621-WXAP,Female,0,Yes,Yes,33,Yes,Yes,Fiber optic,Yes,Yes,No,No,No,No,Two year,Yes,Electronic check,91.55,3008.68
9145-IFJK,Female,0,No,No,4,Yes,Yes,Fiber optic,No,No,No,No,Yes,Yes,One year,No,Bank transfer (automatic),97.66,388.8
8280-TVFD,Female,0,Yes,No,15,No,No phone service,DSL,No,No,No,No,No,Yes,Month-to-month,Yes,Electronic check,49.31,722.34
3482-IHWJ,Female,1,No,No,1,Yes,Yes,DSL,Yes,Yes,Yes,Yes,Yes,Yes,Two year,Yes,Mailed check,85.2,79.01
5807-LBVW,Male,0,No,Yes,12,Yes,No,Fiber optic,No,No,Yes,No,No,No,One year,Yes,Electronic check,86.82,1061.79
6052-DVSZ,Female,0,No,No,19,Yes,Yes,Fiber optic,No,No,No,No,No,Yes,Two year,Yes,Bank transfer (automatic),87.52,1499.64
9156-TJKF,Male,0,No,No,1,Yes,No,DSL,No,No,No,No,Yes,Yes,Month-to-month,No,Mailed check,60.89,56.46
4936-BIVE,Male,1,No,No,14,Yes,Yes,DSL,Yes,Yes,No,Yes,No,Yes,Month-to-month,No,Electronic check,76.14,945.36
8444-EIUO,Female,0,No,No,41,Yes,No,DSL,No,No,Yes,No,No,Yes,Month-to-month,Yes,Electronic check,71.07,2975.2
8879-JHXV,Male,0,Yes,No,33,Yes,Yes,Fiber optic,Yes,No,No,Yes,Yes,No,Month-to-month,No,Electronic check,103.6,3222.1
1515-VJMR,Male,0,No,No,41,Yes,Yes,Fiber optic,No,No,Yes,Yes,Yes,Yes,Month-to-month,Yes,Electronic check,101.79,3843.86
4728-QAGP,Female,0,Yes,No,18,Yes,Yes,Fiber optic,Yes,No,Yes,No,Yes,No,Two year,Yes,Electronic check,97.31,1546.19
2608-GNSC,Female,0,No,Yes,51,Yes,No,DSL,Yes,No,Yes,Yes,Yes,No,Month-to-month,Yes,Electronic check,74.75,3692.08
9663-BPMR,Female,0,No,Yes,29,Yes,No,DSL,No,No,No,No,Yes,Yes,Month-to-month,Yes,Mailed check,72.35,2070.01
7457-SVZH,Male,1,No,No,48,Yes,No,Fiber optic,Yes,No,No,Yes,Yes,No,Month-to-month,Yes,Mailed check,93.41,4608.68
1723-ACML,Male,0,No,No,11,No,No phone service,Fiber optic,No,Yes,Yes,No,Yes,Yes,Month-to-month,No,Mailed check,88.13,899.83
1152-DQNV,Male,0,No,No,8,Yes,Yes,No,No internet service,No internet service,No internet service,No internet service,No internet service,No internet service,One year,No,Credit card (automatic),37.58,285.84
6194-VVHZ,Female,0,No,No,10,No,No phone service,Fiber optic,No,No,Yes,No,No,Yes,One year,No,Electronic check,82.81,763.89
5523-CQTI,Male,0,No,No,19,No,No phone service,No,No internet service,No internet service,No internet service,No internet service,No internet service,No internet service,Month-to-month,No,Mailed check,30.38,566.76
6412-JROD,Male,0,Yes,Yes,22,No,No phone service,Fiber optic,No,No,No,No,No,No,Month-to-month,Yes,Credit card (automatic),61.06,1204.51
8431-LLHE,Male,0,Yes,No,23,Yes,No,Fiber optic,No,Yes,Yes,Yes,Yes,Yes,Two year,No,Mailed check,106.08,2315.97
9683-QOVL,Female,0,Yes,No,14,Yes,Yes,DSL,No,No,No,No,Yes,No,One year,Yes,Electronic check,69.93,930.55
5914-FWVY,Male,0,No,No,22,Yes,No,Fiber optic,No,Yes,Yes,Yes,Yes,No,Month-to-month,Yes,Bank transfer (automatic),94.25,1758.63
9180-FWZB,Male,0,No,Yes,50,Yes,Yes,DSL,No,No,No,No,No,No,Month-to-month,Yes,Electronic check,55.74,2699.63
9925-JION,Female,0,Yes,No,8,Yes,No,Fiber optic,No,Yes,No,Yes,Yes,Yes,Month-to-month,No,Electronic check,94.84,756.42
1235-TZCH,Female,0,No,No,8,Yes,No,No,No internet service,No internet service,No internet service,No internet service,No internet service,No internet service,Month-to-month,Yes,Electronic check,25.67,186.08
8020-NMRV,Male,0,Yes,Yes,12,Yes,No,Fiber optic,Yes,No,No,No,No,Yes,One year,Yes,Bank transfer (automatic),86.31,989.9
6442-JETG,Female,0,Yes,No,27,Yes,Yes,Fiber optic,No,Yes,Yes,No,Yes,No,Month-to-month,Yes,Credit card (automatic),97.67,2600.82
2531-ZGFC,Female,0,No,Yes,0,Yes,Yes,No,No internet service,No internet service,No internet service,No internet service,No internet service,No internet service,Two year,No,Electronic check,36.6,
8385-WHIC,Female,0,Yes,No,40,Yes,Yes,Fiber optic,No,Yes,No,Yes,Yes,No,Month-to-month,Yes,Electronic check,102.15,3966.44
2084-LNYZ,Male,0,No,No,45,Yes,Yes,DSL,Yes,Yes,No,Yes,No,Yes,Month-to-month,No,Mailed check,81.46,3498.9
2817-HTTA,Female,0,No,No,41,Yes,No,Fiber optic,Yes,No,No,No,No,Yes,Month-to-month,No,Credit card (automatic),94.87,3400.7
1317-YUOT,Male,0,No,No,62,Yes,Yes,Fiber optic,No,No,Yes,Yes,No,No,Month-to-month,Yes,Credit card (automatic),81.32,4358.9
5683-HGSN,Female,1,No,No,22,No,No phone service,Fiber optic,Yes,No,Yes,No,Yes,No,Month-to-month,Yes,Credit card (automatic),87.6,1850.05
4637-BVIJ,Male,0,No,No,13,Yes,Yes,Fiber optic,Yes,No,No,Yes,Yes,No,Month-to-month,No,Mailed check,98.25,1201.91
4348-ZPSK,Male,1,Yes,Yes,62,No,No phone service,Fiber optic,No,No,No,No,Yes,No,Month-to-month,No,Electronic check,75.45,4348.92
5218-WIIO,Female,0,No,No,5,Yes,Yes,Fiber optic,No,No,No,No,Yes,Yes,Month-to-month,No,Bank transfer (automatic),91.5,432.43
9475-CHXV,Male,0,Yes,No,5,No,No phone service,No,No internet service,No internet service,No internet service,No internet service,No internet service,No internet service,Month-to-month,Yes,Electronic check,27.22,128.73
7006-ECVG,Male,1,No,No,0,Yes,Yes,Fiber optic,Yes,No,No,Yes,Yes,Yes,Month-to-month,No,Electronic check,104.76,
5218-KFAA,Male,0,Yes,No,17,Yes,No,No,No internet service,No internet service,No internet service,No internet service,No internet service,No internet service,One year,No,Bank transfer (automatic),26.44,434.08
2526-QRGH,Male,0,Yes,Yes,40,Yes,No,DSL,No,Yes,Yes,No,No,Yes,Month-to-month,No,Mailed check,71.25,2671.84
3054-VGFO,Female,0,No,Yes,46,Yes,Yes,DSL,No,Yes,No,Yes,No,No,Month-to-month,Yes,Electronic check,67.44,3070.96
4342-LMFP,Male,0,No,No,4,Yes,Yes,DSL,No,No,Yes,Yes,No,No,Two year,Yes,Bank transfer (automatic),69.85,258.84
9618-DICQ,Male,0,No,No,20,No,No phone service,Fiber optic,Yes,No,No,Yes,No,No,Month-to-month,No,Electronic check,72.12,1370.24
6595-WIWV,Female,0,Yes,No,20,Yes,Yes,Fiber optic,No,Yes,Yes,Yes,Yes,Yes,Month-to-month,Yes,Electronic check,112.17,2163.13
2750-NZCF,Male,0,Yes,No,67,No,No phone service,DSL,No,No,Yes,Yes,Yes,No,Two year,Yes,Electronic check,60.58,4176.16
4642-QAWI,Male,0,Yes,Yes,19,Yes,Yes,Fiber optic,No,No,Yes,No,Yes,No,One year,No,Electronic check,95.31,1722.68
1445-AZFA,Female,0,No,No,7,No,No phone service,Fiber optic,Yes,No,No,No,Yes,Yes,Month-to-month,Yes,Electronic check,89.5,584.55
1528-HUGG,Male,0,Yes,No,26,Yes,Yes,No,No internet service,No internet service,No internet service,No internet service,No internet service,No internet service,Month-to-month,No,Electronic check,37.34,909.7
7348-QXAN,Male,0,No,No,18,Yes,No,Fiber optic,Yes,No,Yes,Yes,Yes,No,Month-to-month,Yes,Mailed check,94.23,1604.12
2258-TAJY,Male,0,Yes,No,40,Yes,No,Fiber optic,No,Yes,Yes,Yes,No,Yes,One year,Yes,Electronic check,96.84,3687.4
8380-MVXG,Male,0,Yes,Yes,45,Yes,Yes,Fiber optic,No,No,Yes,No,Yes,No,Month-to-month,Yes,Mailed check,96.63,4213.39
6494-PKWX,Female,1,No,No,28,Yes,Yes,DSL,No,Yes,No,Yes,No,Yes,Month-to-month,No,Bank transfer (automatic),78.81,2145.21
6423-KSFF,Female,0,No,No,40,Yes,Yes,No,No internet service,No internet service,No internet service,No internet service,No internet service,No internet service,Month-to-month,Yes,Mailed check,35.98,1401.97
1422-ABIL,Female,0,Yes,No,33,Yes,No,DSL,Yes,Yes,No,No,Yes,Yes,Two year,Yes,Mailed check,79.14,2587.11
8207-YGET,Female,0,Yes,No,20,Yes,Yes,Fiber optic,No,No,Yes,No,No,No,Month-to-month,No,Electronic check,92.26,1754.33
